{"type":"FeatureCollection", "features": [
{"type":"Feature","geometry":{"type":"Polygon","coordinates":[[[31.288,-22.402],[31.429,-22.299],[32.016,-21.698],[32.371,-21.335],[32.43,-21.297],[32.354,-21.137],[32.476,-20.95],[32.478,-20.713],[32.529,-20.613],[32.673,-20.516],[32.87,-20.217],[32.993,-19.985],[33.007,-19.874],[32.831,-19.558],[32.778,-19.389],[32.85,-19.104],[32.717,-19.002],[32.722,-18.828],[32.854,-18.764],[32.993,-18.36],[32.956,-18.083],[32.955,-17.765],[32.981,-17.437],[32.969,-17.252],[32.884,-17.038],[32.876,-16.884],[32.948,-16.712],[32.742,-16.678],[32.636,-16.589],[32.243,-16.449],[31.94,-16.429],[31.688,-16.214],[31.49,-16.18],[31.236,-16.024],[30.438,-15.995],[30.409,-15.978],[30.396,-15.643],[29.73,-15.645],[29.487,-15.697],[29.288,-15.776],[28.913,-15.988],[28.857,-16.142],[28.833,-16.424],[28.761,-16.532],[28.4,-16.663],[28.164,-16.77],[27.932,-16.896],[27.757,-17.06],[27.637,-17.262],[27.438,-17.512],[27.021,-17.958],[26.78,-18.042],[26.578,-18.023],[26.333,-17.929],[26.14,-17.912],[25.996,-17.97],[25.863,-17.952],[25.742,-17.858],[25.64,-17.824],[25.452,-17.845],[25.259,-17.794],[25.224,-17.915],[25.282,-18.041],[25.384,-18.142],[25.489,-18.351],[25.761,-18.649],[25.812,-18.797],[25.939,-18.939],[25.951,-19.082],[26.168,-19.538],[26.241,-19.569],[26.678,-19.893],[27.092,-20.054],[27.221,-20.146],[27.257,-20.232],[27.281,-20.479],[27.625,-20.484],[27.7,-20.531],[27.704,-20.766],[27.669,-21.064],[27.844,-21.262],[27.975,-21.507],[28.046,-21.573],[28.532,-21.651],[28.748,-21.708],[29.037,-21.811],[29.016,-21.94],[29.107,-22.066],[29.237,-22.079],[29.365,-22.194],[29.663,-22.146],[29.902,-22.184],[30.19,-22.291],[30.46,-22.329],[30.712,-22.298],[31.073,-22.308],[31.288,-22.402]]]},"properties":{"id":"ZWE"}},
{"type":"Feature","geometry":{"type":"Polygon","coordinates":[[[30.396,-15.643],[30.351,-15.35],[30.252,-15.183],[30.232,-14.99],[30.673,-14.819],[31.538,-14.577],[31.729,-14.496],[32.273,-14.323],[33.202,-14.013],[33.148,-13.941],[32.992,-14.022],[32.867,-13.817],[32.765,-13.761],[32.772,-13.657],[32.672,-13.61],[32.852,-13.457],[32.968,-13.225],[33,-12.9],[32.946,-12.804],[33.022,-12.63],[33.398,-12.49],[33.483,-12.403],[33.491,-12.331],[33.34,-12.308],[33.252,-12.113],[33.301,-11.888],[33.288,-11.611],[33.226,-11.535],[33.38,-11.158],[33.261,-10.893],[33.345,-10.813],[33.465,-10.783],[33.659,-10.591],[33.554,-10.391],[33.529,-10.235],[33.312,-10.038],[33.351,-9.862],[33.25,-9.76],[33.196,-9.626],[32.996,-9.623],[32.92,-9.407],[32.757,-9.322],[32.487,-9.213],[32.433,-9.156],[32.221,-9.126],[32.13,-9.073],[31.943,-9.054],[31.919,-8.942],[31.818,-8.902],[31.674,-8.909],[31.556,-8.805],[31.535,-8.713],[31.351,-8.607],[31.076,-8.612],[30.968,-8.551],[30.831,-8.386],[30.751,-8.194],[29.766,-8.344],[28.972,-8.465],[28.898,-8.485],[28.934,-8.59],[28.918,-8.701],[28.794,-8.891],[28.617,-9.072],[28.401,-9.225],[28.4,-9.275],[28.541,-9.51],[28.604,-9.679],[28.63,-9.831],[28.607,-10.397],[28.646,-10.55],[28.639,-10.669],[28.544,-10.802],[28.404,-11.354],[28.357,-11.483],[28.483,-11.812],[28.575,-11.908],[28.85,-12.121],[29.064,-12.349],[29.428,-12.431],[29.505,-12.386],[29.492,-12.267],[29.56,-12.202],[29.692,-12.198],[29.795,-12.155],[29.795,-13.393],[29.723,-13.454],[29.652,-13.414],[29.63,-13.299],[29.554,-13.249],[29.202,-13.398],[29.014,-13.369],[28.942,-13.307],[28.922,-13.215],[28.773,-12.982],[28.673,-12.861],[28.551,-12.836],[28.474,-12.623],[28.358,-12.482],[27.857,-12.285],[27.644,-12.267],[27.533,-12.195],[27.424,-11.945],[27.238,-11.783],[27.196,-11.605],[27.046,-11.616],[26.95,-11.899],[26.89,-11.944],[26.73,-11.976],[26.596,-11.972],[26.026,-11.89],[25.619,-11.744],[25.512,-11.753],[25.349,-11.623],[25.283,-11.405],[25.319,-11.237],[25.185,-11.243],[24.877,-11.299],[24.668,-11.353],[24.519,-11.438],[24.378,-11.417],[24.335,-11.371],[24.396,-11.255],[24.32,-11.072],[24.137,-11.026],[24.078,-10.892],[23.967,-10.872],[24.047,-11.405],[23.971,-11.636],[23.984,-11.725],[23.959,-12.118],[23.991,-12.422],[23.909,-12.636],[23.882,-12.799],[23.968,-12.957],[23.843,-13.001],[23.042,-13.001],[21.979,-13.001],[21.979,-14.12],[21.979,-14.761],[21.98,-15.956],[22.04,-16.263],[22.151,-16.597],[22.305,-16.69],[22.956,-17.286],[23.381,-17.641],[23.799,-17.56],[24.275,-17.481],[24.932,-17.543],[25.092,-17.634],[25.259,-17.794],[25.452,-17.845],[25.64,-17.824],[25.742,-17.858],[25.863,-17.952],[25.996,-17.97],[26.14,-17.912],[26.333,-17.929],[26.578,-18.023],[26.78,-18.042],[27.021,-17.958],[27.438,-17.512],[27.637,-17.262],[27.757,-17.06],[27.932,-16.896],[28.164,-16.77],[28.4,-16.663],[28.761,-16.532],[28.833,-16.424],[28.857,-16.142],[28.913,-15.988],[29.288,-15.776],[29.487,-15.697],[29.73,-15.645],[30.396,-15.643]]]},"properties":{"id":"ZMB"}},
{"type":"Feature","geometry":{"type":"MultiPolygon","coordinates":[[[[53.086,16.648],[52.801,17.268],[52.729,17.3],[52.465,17.897],[51.978,18.996],[51.258,18.899],[50.355,18.778],[49.192,18.621],[49.042,18.582],[48.172,18.157],[47.58,17.448],[47.442,17.112],[47.144,16.947],[46.976,16.953],[46.779,17.212],[46.682,17.269],[46.31,17.231],[45.407,17.32],[45.148,17.427],[44.747,17.432],[44.546,17.404],[44.156,17.399],[43.917,17.325],[43.713,17.366],[43.597,17.471],[43.418,17.516],[43.191,17.359],[43.237,17.266],[43.156,17.205],[43.117,16.942],[43.184,16.812],[43.165,16.689],[43.034,16.55],[42.799,16.372],[42.84,16.032],[42.717,15.655],[42.8,15.372],[42.698,15.326],[42.658,15.233],[42.856,15.133],[42.936,14.939],[42.913,14.863],[43.021,14.555],[43.006,14.483],[43.093,14.204],[43.089,14.011],[43.234,13.859],[43.283,13.64],[43.232,13.267],[43.475,12.839],[43.488,12.699],[43.634,12.744],[43.835,12.674],[43.93,12.617],[44.358,12.669],[44.618,12.817],[44.755,12.764],[45.039,12.816],[45.164,12.998],[45.394,13.067],[45.534,13.233],[45.657,13.339],[45.92,13.394],[46.203,13.424],[46.502,13.416],[46.789,13.466],[46.976,13.547],[47.408,13.662],[47.633,13.858],[47.855,13.957],[47.99,14.048],[48.278,13.998],[48.449,14.006],[48.668,14.05],[48.78,14.124],[49.005,14.355],[49.048,14.456],[49.35,14.638],[49.549,14.722],[49.906,14.828],[50.167,14.851],[50.527,15.038],[51.015,15.141],[51.322,15.226],[51.604,15.337],[51.749,15.44],[51.831,15.459],[52.217,15.656],[52.222,15.761],[52.174,15.957],[52.237,16.171],[52.328,16.294],[52.581,16.47],[53.086,16.648]]],[[[53.763,12.637],[53.638,12.707],[53.535,12.716],[53.431,12.664],[53.316,12.533],[53.598,12.342],[53.719,12.319],[54.129,12.361],[54.271,12.447],[54.414,12.483],[54.511,12.553],[54.187,12.664],[53.919,12.659],[53.763,12.637]]]]},"properties":{"id":"YEM"}},
{"type":"Feature","geometry":{"type":"MultiPolygon","coordinates":[[[[104.064,10.391],[103.986,10.427],[103.868,10.335],[103.952,10.243],[104.018,10.029],[104.076,10.225],[104.064,10.391]]],[[[107.973,21.508],[107.802,21.645],[107.471,21.598],[107.351,21.609],[107.272,21.711],[107.179,21.717],[107.02,21.835],[107.006,21.893],[106.729,22],[106.664,21.979],[106.654,22.241],[106.536,22.395],[106.582,22.573],[106.702,22.638],[106.78,22.779],[106.542,22.908],[106.249,22.869],[106.148,22.97],[106.001,22.975],[105.843,22.923],[105.691,23.03],[105.548,23.073],[105.495,23.181],[105.275,23.345],[105.189,23.281],[104.865,23.136],[104.827,23.1],[104.796,22.911],[104.687,22.822],[104.527,22.804],[104.372,22.704],[104.298,22.712],[104.213,22.809],[104.054,22.752],[103.971,22.55],[103.915,22.538],[103.62,22.782],[103.525,22.612],[103.471,22.597],[103.356,22.755],[103.266,22.714],[103.138,22.593],[103.136,22.542],[103.005,22.453],[102.935,22.466],[102.83,22.587],[102.517,22.741],[102.428,22.733],[102.237,22.466],[102.127,22.379],[102.183,22.284],[102.583,21.904],[102.641,21.711],[102.695,21.662],[102.845,21.735],[102.95,21.681],[102.949,21.57],[102.888,21.44],[102.851,21.266],[103.104,20.892],[103.211,20.841],[103.464,20.78],[103.635,20.697],[103.714,20.717],[103.791,20.81],[104.052,20.941],[104.195,20.914],[104.35,20.821],[104.583,20.647],[104.533,20.555],[104.408,20.486],[104.392,20.425],[104.619,20.375],[104.699,20.205],[104.813,20.217],[104.889,20.169],[104.928,20.018],[104.815,19.904],[104.743,19.755],[104.546,19.611],[104.26,19.685],[104.032,19.675],[104.063,19.483],[104.028,19.42],[103.896,19.34],[103.918,19.269],[104.109,19.196],[104.717,18.803],[105.115,18.679],[105.145,18.617],[105.086,18.45],[105.163,18.339],[105.333,18.19],[105.458,18.154],[105.588,17.984],[105.627,17.834],[105.691,17.738],[106.006,17.415],[106.27,17.217],[106.426,17.003],[106.502,16.954],[106.546,16.651],[106.696,16.459],[106.832,16.526],[106.931,16.353],[107.07,16.28],[107.217,16.136],[107.396,16.043],[107.361,15.922],[107.189,15.839],[107.19,15.747],[107.339,15.56],[107.564,15.392],[107.653,15.255],[107.555,15.057],[107.48,14.98],[107.525,14.872],[107.519,14.705],[107.535,14.65],[107.448,14.451],[107.364,14.369],[107.331,14.127],[107.529,13.654],[107.605,13.438],[107.475,13.03],[107.544,12.706],[107.555,12.54],[107.506,12.365],[107.393,12.26],[107.33,12.319],[107.159,12.277],[106.931,12.077],[106.765,12.052],[106.7,11.979],[106.414,11.948],[106.411,11.738],[106.34,11.682],[106.103,11.751],[106.006,11.758],[105.927,11.653],[105.851,11.635],[105.856,11.294],[105.892,11.245],[106.168,11.012],[106.099,10.797],[105.938,10.885],[105.853,10.864],[105.755,10.99],[105.387,10.94],[105.315,10.845],[105.159,10.898],[105.022,10.887],[105.061,10.734],[104.851,10.534],[104.564,10.516],[104.426,10.411],[104.594,10.267],[104.663,10.17],[104.802,10.203],[104.873,10.115],[105.028,10.067],[105.093,9.901],[104.903,9.816],[104.845,9.606],[104.815,9.185],[104.819,8.802],[104.896,8.747],[104.77,8.598],[104.892,8.583],[105.114,8.629],[105.322,8.801],[105.401,8.962],[105.501,9.093],[106.168,9.397],[106.206,9.502],[106.113,9.674],[105.926,9.962],[106.204,9.675],[106.378,9.556],[106.484,9.559],[106.572,9.641],[106.449,9.94],[106.596,9.86],[106.659,9.991],[106.785,10.116],[106.644,10.289],[106.757,10.296],[106.813,10.433],[106.902,10.383],[106.966,10.441],[106.984,10.618],[107.088,10.498],[107.194,10.472],[107.262,10.398],[107.47,10.486],[107.564,10.555],[107.845,10.7],[108.001,10.72],[108.095,10.897],[108.272,10.934],[108.551,11.156],[108.7,11.199],[108.821,11.315],[108.987,11.336],[109.04,11.593],[109.133,11.601],[109.199,11.725],[109.158,11.837],[109.216,12.073],[109.207,12.415],[109.305,12.391],[109.219,12.646],[109.336,12.752],[109.42,12.719],[109.424,12.956],[109.272,13.279],[109.288,13.451],[109.252,13.591],[109.247,13.855],[109.303,13.856],[109.207,14.154],[109.191,14.27],[109.087,14.553],[109.085,14.716],[109.022,14.803],[108.94,15.001],[108.898,15.181],[108.821,15.378],[108.674,15.484],[108.447,15.763],[108.395,15.872],[108.286,15.989],[108.267,16.09],[108.17,16.164],[108.029,16.331],[107.834,16.322],[107.724,16.488],[107.541,16.609],[107.549,16.643],[107.355,16.794],[107.18,16.898],[107.12,17.056],[106.736,17.367],[106.479,17.72],[106.459,17.874],[106.499,17.946],[106.24,18.221],[106.066,18.316],[105.888,18.502],[105.622,18.966],[105.639,19.057],[105.716,19.128],[105.791,19.294],[105.814,19.587],[105.984,19.939],[106.166,19.992],[106.396,20.206],[106.518,20.289],[106.573,20.392],[106.551,20.527],[106.753,20.735],[106.675,20.96],[106.76,20.991],[106.886,20.95],[107.075,20.999],[107.165,20.949],[107.354,21.055],[107.41,21.285],[107.707,21.406],[107.809,21.497],[107.973,21.508]]],[[[107.603,21.217],[107.476,21.269],[107.459,21.092],[107.603,21.217]]]]},"properties":{"id":"VNM"}},
{"type":"Feature","geometry":{"type":"MultiPolygon","coordinates":[[[[-63.849,11.131],[-63.893,11.167],[-64.113,11.006],[-64.214,11.086],[-64.349,11.052],[-64.362,10.962],[-64.161,10.959],[-64.055,10.884],[-63.918,10.888],[-63.817,11],[-63.849,11.131]]],[[[-60.998,8.867],[-60.916,8.899],[-60.849,8.996],[-60.916,9.07],[-61.069,8.947],[-60.998,8.867]]],[[[-60.018,8.549],[-60.167,8.617],[-60.34,8.629],[-60.481,8.547],[-60.801,8.592],[-61.036,8.493],[-61.194,8.488],[-61.304,8.41],[-61.443,8.509],[-61.619,8.597],[-61.247,8.6],[-61.122,8.843],[-61.053,9.095],[-60.971,9.215],[-60.841,9.264],[-60.792,9.361],[-61.013,9.556],[-61.309,9.633],[-61.512,9.848],[-61.766,9.814],[-61.831,9.733],[-61.909,9.87],[-62.017,9.955],[-62.12,9.985],[-62.19,9.842],[-62.32,9.783],[-62.401,9.918],[-62.515,10.176],[-62.662,10.199],[-62.706,10.333],[-62.843,10.418],[-62.843,10.507],[-62.694,10.563],[-62.38,10.547],[-62.233,10.634],[-62.04,10.645],[-61.921,10.681],[-61.879,10.741],[-62.242,10.7],[-62.702,10.75],[-62.947,10.707],[-63.19,10.709],[-63.497,10.643],[-63.873,10.664],[-64.202,10.633],[-64.158,10.579],[-63.863,10.558],[-63.834,10.449],[-64.188,10.458],[-64.85,10.098],[-65.129,10.07],[-65.489,10.159],[-65.656,10.228],[-65.852,10.258],[-66.09,10.473],[-66.106,10.575],[-66.247,10.632],[-66.989,10.611],[-67.133,10.57],[-67.581,10.524],[-67.872,10.472],[-68.14,10.493],[-68.234,10.569],[-68.325,10.809],[-68.272,10.88],[-68.325,10.949],[-68.399,11.161],[-68.828,11.432],[-69.055,11.461],[-69.233,11.518],[-69.632,11.48],[-69.712,11.564],[-69.811,11.837],[-69.831,11.996],[-69.914,12.115],[-70.004,12.178],[-70.203,12.098],[-70.287,11.886],[-70.193,11.625],[-69.817,11.672],[-69.773,11.541],[-69.885,11.444],[-70.049,11.53],[-70.097,11.52],[-70.233,11.373],[-70.546,11.261],[-70.821,11.208],[-71.264,11],[-71.47,10.964],[-71.461,10.836],[-71.545,10.779],[-71.518,10.622],[-71.387,10.264],[-71.262,10.144],[-71.207,10.015],[-71.082,9.833],[-71.053,9.706],[-71.086,9.348],[-71.298,9.126],[-71.537,9.048],[-71.687,9.073],[-71.781,9.25],[-71.761,9.336],[-71.976,9.553],[-71.993,9.642],[-72.113,9.816],[-71.956,10.108],[-71.885,10.167],[-71.794,10.316],[-71.665,10.444],[-71.594,10.657],[-71.598,10.726],[-71.69,10.835],[-71.731,10.995],[-71.642,11.014],[-71.835,11.19],[-71.947,11.414],[-71.957,11.57],[-71.869,11.627],[-71.488,11.719],[-71.32,11.862],[-71.536,11.774],[-71.958,11.666],[-72.012,11.602],[-72.248,11.196],[-72.446,11.114],[-72.518,11.054],[-72.69,10.836],[-72.869,10.491],[-72.94,10.196],[-73.007,9.789],[-73.064,9.668],[-73.224,9.444],[-73.356,9.227],[-73.337,9.168],[-73.193,9.194],[-73.058,9.26],[-72.96,9.135],[-72.796,9.109],[-72.665,8.628],[-72.417,8.382],[-72.358,8.087],[-72.446,7.966],[-72.479,7.613],[-72.443,7.455],[-72.395,7.415],[-72.208,7.37],[-72.084,7.097],[-71.893,6.99],[-71.621,7.033],[-71.457,7.026],[-71.218,6.985],[-71.013,6.994],[-70.811,7.078],[-70.655,7.083],[-70.387,6.973],[-70.095,6.938],[-69.739,6.494],[-69.439,6.135],[-69.268,6.1],[-69.09,6.184],[-68.937,6.198],[-68.736,6.157],[-68.472,6.157],[-68.143,6.198],[-67.939,6.242],[-67.859,6.29],[-67.727,6.285],[-67.568,6.242],[-67.482,6.18],[-67.439,6.026],[-67.474,5.93],[-67.575,5.833],[-67.631,5.709],[-67.642,5.559],[-67.695,5.448],[-67.788,5.375],[-67.825,5.27],[-67.804,5.133],[-67.814,4.931],[-67.855,4.665],[-67.855,4.507],[-67.795,4.381],[-67.783,4.198],[-67.662,3.864],[-67.603,3.769],[-67.499,3.691],[-67.311,3.416],[-67.354,3.323],[-67.835,2.893],[-67.766,2.833],[-67.597,2.769],[-67.486,2.644],[-67.211,2.39],[-67.215,2.275],[-67.114,2.051],[-67.09,1.94],[-66.988,1.68],[-66.982,1.601],[-66.884,1.358],[-66.876,1.223],[-66.429,0.822],[-66.302,0.752],[-66.06,0.785],[-65.811,0.937],[-65.681,0.983],[-65.566,0.926],[-65.523,0.843],[-65.556,0.688],[-65.473,0.691],[-65.361,0.869],[-65.264,0.932],[-65.104,1.108],[-64.818,1.257],[-64.732,1.253],[-64.486,1.453],[-64.304,1.455],[-64.115,1.619],[-64.035,1.904],[-63.844,1.977],[-63.57,2.121],[-63.464,2.136],[-63.394,2.223],[-63.389,2.412],[-63.924,2.452],[-64.049,2.525],[-64.009,2.672],[-64.038,2.802],[-64.144,3.005],[-64.219,3.205],[-64.221,3.587],[-64.275,3.663],[-64.568,3.9],[-64.818,4.232],[-64.722,4.274],[-64.576,4.14],[-64.256,4.14],[-64.122,4.067],[-64.021,3.929],[-63.653,3.941],[-63.527,3.894],[-63.38,3.943],[-63.295,3.922],[-62.969,3.594],[-62.857,3.593],[-62.765,3.673],[-62.74,3.94],[-62.712,4.018],[-62.61,4.042],[-62.411,4.157],[-62.153,4.098],[-61.554,4.288],[-61.479,4.402],[-61.368,4.433],[-61.28,4.517],[-61.102,4.505],[-61.003,4.535],[-60.906,4.687],[-60.742,4.774],[-60.628,4.893],[-60.604,4.995],[-60.672,5.164],[-60.742,5.202],[-61.377,5.907],[-61.303,6.05],[-61.129,6.214],[-61.151,6.447],[-61.204,6.588],[-61.146,6.695],[-60.938,6.733],[-60.873,6.787],[-60.718,6.768],[-60.586,6.857],[-60.395,6.945],[-60.325,7.134],[-60.392,7.165],[-60.523,7.144],[-60.633,7.211],[-60.607,7.321],[-60.719,7.499],[-60.514,7.813],[-60.381,7.828],[-60.178,7.994],[-60.032,8.054],[-59.965,8.192],[-59.849,8.249],[-59.832,8.306],[-60.018,8.549]]]]},"properties":{"id":"VEN"}},
{"type":"Feature","geometry":{"type":"Polygon","coordinates":[[[12.439,41.898],[12.438,41.906],[12.431,41.905],[12.431,41.898],[12.439,41.898]]]},"properties":{"id":"VAT"}},
{"type":"Feature","geometry":{"type":"MultiPolygon","coordinates":[[[[166.746,-14.827],[166.608,-14.637],[166.526,-14.76],[166.527,-14.85],[166.648,-15.212],[166.631,-15.406],[166.699,-15.516],[166.826,-15.635],[166.937,-15.578],[167.094,-15.581],[167.2,-15.486],[167.132,-15.135],[167.054,-14.974],[166.987,-14.94],[166.923,-15.139],[166.81,-15.157],[166.746,-14.827]]],[[[167.413,-16.096],[167.336,-15.917],[167.2,-15.885],[167.151,-16.08],[167.218,-16.155],[167.316,-16.116],[167.38,-16.246],[167.449,-16.555],[167.526,-16.574],[167.611,-16.499],[167.76,-16.516],[167.837,-16.45],[167.714,-16.314],[167.413,-16.096]]],[[[168.447,-16.779],[168.366,-16.759],[168.199,-16.594],[168.124,-16.69],[168.181,-16.804],[168.447,-16.779]]],[[[168.297,-16.337],[168.164,-16.082],[168.064,-16.181],[167.929,-16.229],[168.022,-16.316],[168.182,-16.347],[168.297,-16.337]]],[[[168.446,-17.542],[168.273,-17.552],[168.158,-17.711],[168.252,-17.781],[168.525,-17.798],[168.545,-17.685],[168.446,-17.542]]],[[[167.911,-15.436],[168.003,-15.283],[167.826,-15.312],[167.674,-15.452],[167.844,-15.482],[167.911,-15.436]]],[[[168.213,-15.97],[168.268,-15.892],[168.183,-15.508],[168.123,-15.681],[168.179,-15.926],[168.213,-15.97]]],[[[167.219,-15.724],[167.234,-15.645],[167.119,-15.623],[167.095,-15.685],[167.219,-15.724]]],[[[167.585,-14.261],[167.599,-14.184],[167.506,-14.142],[167.411,-14.197],[167.404,-14.282],[167.543,-14.312],[167.585,-14.261]]],[[[167.489,-13.907],[167.547,-13.777],[167.481,-13.709],[167.392,-13.788],[167.489,-13.907]]],[[[169.491,-19.54],[169.36,-19.458],[169.337,-19.329],[169.247,-19.345],[169.217,-19.476],[169.347,-19.624],[169.438,-19.649],[169.491,-19.54]]],[[[169.334,-18.94],[169.201,-18.796],[169.144,-18.631],[169.016,-18.644],[168.987,-18.871],[169.248,-18.983],[169.334,-18.94]]]]},"properties":{"id":"VUT"}},
{"type":"Feature","geometry":{"type":"MultiPolygon","coordinates":[[[[70.947,42.249],[70.715,42.169],[70.613,42.055],[70.416,42.079],[70.226,41.946],[70.096,41.821],[69.96,41.754],[69.664,41.672],[69.401,41.542],[69.368,41.491],[69.154,41.425],[69.065,41.367],[68.987,41.205],[68.737,41.042],[68.584,40.876],[68.557,40.765],[68.601,40.66],[68.496,40.609],[68.292,40.656],[68.048,40.809],[68.113,41.029],[67.936,41.197],[66.814,41.142],[66.71,41.179],[66.669,41.271],[66.538,41.741],[66.499,41.995],[66.01,42.005],[66.016,42.315],[66.05,42.473],[66.1,42.991],[65.803,42.877],[65.496,43.311],[65.271,43.418],[64.905,43.715],[64.443,43.551],[63.207,43.628],[62.072,43.489],[61.99,43.492],[61.161,44.169],[61.008,44.394],[60.188,44.784],[59.36,45.179],[58.555,45.555],[58.449,45.543],[57.477,45.337],[55.976,44.995],[55.976,44.306],[55.976,43.618],[55.977,42.47],[55.977,41.322],[56.774,41.288],[57.018,41.263],[57.119,41.35],[57.018,41.451],[56.964,41.857],[57.114,41.957],[57.229,42.084],[57.382,42.156],[57.686,42.165],[57.814,42.19],[58.029,42.488],[58.234,42.448],[58.289,42.527],[58.152,42.628],[58.26,42.688],[58.477,42.663],[58.589,42.778],[58.877,42.561],[59.123,42.524],[59.277,42.356],[59.451,42.3],[59.858,42.295],[60.006,42.191],[59.963,41.954],[60.107,41.907],[60.076,41.701],[60.138,41.594],[60.069,41.476],[60.09,41.399],[60.455,41.222],[60.755,41.246],[61.329,41.195],[61.497,41.276],[61.8,41.163],[61.954,41.031],[62.095,40.683],[62.188,40.541],[62.298,40.467],[62.375,40.332],[62.442,40.036],[62.651,39.858],[63.506,39.377],[63.721,39.188],[64.163,38.954],[64.31,38.977],[64.66,38.736],[65.077,38.539],[65.613,38.239],[65.729,38.226],[65.857,38.269],[66.173,38.167],[66.39,38.051],[66.575,38.011],[66.629,37.932],[66.526,37.786],[66.522,37.348],[66.828,37.371],[67.069,37.335],[67.196,37.235],[67.32,37.21],[67.517,37.267],[67.7,37.227],[67.759,37.172],[67.798,37.245],[67.814,37.487],[68.088,37.835],[68.294,38.033],[68.354,38.17],[68.333,38.238],[68.144,38.383],[68.087,38.474],[68.048,38.669],[68.149,38.891],[68.104,38.962],[67.96,38.993],[67.677,39.008],[67.617,39.15],[67.4,39.197],[67.35,39.242],[67.426,39.466],[67.542,39.558],[67.719,39.621],[68.077,39.564],[68.463,39.537],[68.586,39.635],[68.639,39.839],[68.735,39.836],[68.869,39.907],[68.805,40.05],[68.927,40.136],[68.64,40.129],[68.653,40.183],[68.952,40.223],[69.228,40.188],[69.22,40.288],[69.304,40.327],[69.206,40.567],[69.314,40.635],[69.309,40.724],[69.414,40.797],[69.713,40.657],[70.292,40.892],[70.373,41.028],[70.442,41.023],[70.751,40.74],[70.712,40.669],[70.383,40.454],[70.398,40.361],[70.534,40.325],[70.653,40.201],[70.958,40.239],[71.305,40.287],[71.692,40.152],[71.956,40.259],[72.131,40.439],[72.233,40.454],[72.358,40.402],[72.402,40.578],[72.567,40.524],[72.68,40.556],[72.774,40.65],[73.113,40.786],[72.99,40.86],[72.62,40.884],[72.506,40.982],[72.364,41.043],[72.187,41.026],[72.164,41.174],[71.879,41.195],[71.792,41.413],[71.602,41.503],[71.606,41.367],[71.546,41.308],[71.421,41.342],[71.408,41.136],[71.111,41.153],[70.782,41.263],[70.734,41.401],[70.646,41.46],[70.471,41.413],[70.181,41.571],[70.455,41.725],[70.631,41.875],[70.803,41.923],[70.842,42.02],[71.229,42.163],[71.036,42.285],[70.947,42.249]]],[[[71.206,39.893],[71.229,40.048],[71.08,40.08],[71.012,39.895],[71.206,39.893]]]]},"properties":{"id":"UZB"}},
{"type":"Feature","geometry":{"type":"Polygon","coordinates":[[[-53.371,-33.742],[-53.519,-33.677],[-53.538,-33.623],[-53.531,-33.171],[-53.483,-33.069],[-53.395,-33.01],[-53.126,-32.737],[-53.231,-32.625],[-53.363,-32.581],[-53.602,-32.403],[-53.762,-32.057],[-53.921,-31.952],[-54.221,-31.855],[-54.37,-31.745],[-54.588,-31.485],[-54.896,-31.391],[-55.036,-31.279],[-55.091,-31.314],[-55.255,-31.226],[-55.366,-31.046],[-55.557,-30.876],[-55.874,-31.07],[-56.005,-31.079],[-55.999,-30.837],[-56.176,-30.628],[-56.722,-30.187],[-56.833,-30.107],[-57.033,-30.11],[-57.121,-30.144],[-57.214,-30.283],[-57.552,-30.261],[-57.609,-30.188],[-57.713,-30.384],[-57.831,-30.495],[-57.873,-30.591],[-57.819,-30.712],[-57.811,-30.859],[-57.898,-30.975],[-57.868,-31.104],[-58.054,-31.495],[-57.988,-31.576],[-58.042,-31.769],[-58.189,-31.924],[-58.165,-32.185],[-58.123,-32.322],[-58.201,-32.472],[-58.082,-32.894],[-58.093,-32.967],[-58.222,-33.129],[-58.364,-33.182],[-58.353,-33.26],[-58.438,-33.719],[-58.4,-33.912],[-58.207,-34.109],[-57.961,-34.307],[-57.829,-34.477],[-57.543,-34.448],[-57.171,-34.452],[-56.855,-34.677],[-56.463,-34.775],[-56.388,-34.861],[-56.118,-34.908],[-55.863,-34.811],[-55.673,-34.776],[-55.371,-34.808],[-55.238,-34.896],[-54.902,-34.933],[-54.365,-34.733],[-54.272,-34.667],[-54.169,-34.671],[-54.01,-34.517],[-53.785,-34.38],[-53.743,-34.25],[-53.535,-34.017],[-53.472,-33.849],[-53.371,-33.742]]]},"properties":{"id":"URY"}},
{"type":"Feature","geometry":{"type":"Polygon","coordinates":[[[158.315,6.814],[158.295,6.951],[158.135,6.945],[158.183,6.801],[158.315,6.814]]]},"properties":{"id":"FSM"}},
{"type":"Feature","geometry":{"type":"Polygon","coordinates":[[[171.102,7.138],[171.096,7.109],[171.202,7.074],[171.227,7.087],[171.102,7.138]]]},"properties":{"id":"MHL"}},
{"type":"Feature","geometry":{"type":"Polygon","coordinates":[[[145.752,15.133],[145.782,15.175],[145.713,15.215],[145.684,15.125],[145.752,15.133]]]},"properties":{"id":"MNP"}},
{"type":"Feature","geometry":{"type":"Polygon","coordinates":[[[-64.766,17.794],[-64.885,17.772],[-64.889,17.702],[-64.686,17.706],[-64.766,17.794]]]},"properties":{"id":"VIR"}},
{"type":"Feature","geometry":{"type":"Polygon","coordinates":[[[144.742,13.259],[144.78,13.411],[144.941,13.57],[144.837,13.622],[144.79,13.527],[144.649,13.429],[144.65,13.313],[144.742,13.259]]]},"properties":{"id":"GUM"}},
{"type":"Feature","geometry":{"type":"Polygon","coordinates":[[[-170.726,-14.351],[-170.689,-14.257],[-170.821,-14.312],[-170.726,-14.351]]]},"properties":{"id":"ASM"}},
{"type":"Feature","geometry":{"type":"Polygon","coordinates":[[[-66.129,18.445],[-66.189,18.476],[-66.813,18.493],[-67.06,18.522],[-67.159,18.499],[-67.264,18.365],[-67.172,18.224],[-67.197,17.994],[-67.142,17.967],[-66.9,17.948],[-66.772,17.987],[-66.511,17.987],[-66.409,17.951],[-66.135,17.949],[-65.971,17.974],[-65.834,18.057],[-65.718,18.187],[-65.621,18.242],[-65.629,18.381],[-65.879,18.444],[-66.07,18.469],[-66.129,18.445]]]},"properties":{"id":"PRI"}},
{"type":"Feature","geometry":{"type":"MultiPolygon","coordinates":[[[[-132.747,56.526],[-132.568,56.576],[-132.656,56.685],[-132.843,56.795],[-132.931,56.524],[-132.747,56.526]]],[[[-132.78,56.247],[-132.669,56.287],[-132.706,56.448],[-132.902,56.454],[-133.035,56.341],[-132.78,56.247]]],[[[-134.313,58.229],[-134.52,58.333],[-134.594,58.243],[-134.313,58.229]]],[[[-171.463,63.64],[-171.746,63.703],[-171.791,63.425],[-171.632,63.351],[-171.401,63.339],[-171.061,63.446],[-170.848,63.444],[-170.527,63.379],[-170.273,63.284],[-170.19,63.196],[-169.988,63.173],[-169.778,63.094],[-169.676,62.956],[-169.365,63.171],[-168.852,63.171],[-168.716,63.311],[-168.996,63.347],[-169.428,63.348],[-169.624,63.431],[-170.017,63.492],[-170.122,63.618],[-170.43,63.699],[-171.035,63.585],[-171.463,63.64]]],[[[-166.135,60.384],[-166.476,60.383],[-166.784,60.296],[-166.836,60.217],[-167.252,60.234],[-167.436,60.207],[-167.139,60.009],[-166.628,59.865],[-166.343,59.834],[-166.188,59.774],[-165.947,59.89],[-165.592,59.913],[-165.712,60.069],[-165.73,60.314],[-166.044,60.334],[-166.135,60.384]]],[[[-152.898,57.824],[-152.85,57.897],[-153.16,57.972],[-153.2,57.82],[-153.524,57.731],[-153.663,57.858],[-153.904,57.82],[-153.693,57.663],[-153.818,57.596],[-153.805,57.358],[-154.03,57.631],[-154.281,57.638],[-154.535,57.559],[-154.673,57.446],[-154.706,57.335],[-154.569,57.206],[-154.499,57.037],[-154.339,56.921],[-154.184,57.005],[-154.324,57.132],[-154.065,57.134],[-153.999,57.05],[-153.793,56.99],[-154.071,56.821],[-153.973,56.774],[-153.757,56.858],[-153.647,57.03],[-153.504,57.138],[-153.274,57.226],[-153.052,57.238],[-152.879,57.321],[-152.679,57.345],[-152.781,57.453],[-152.412,57.455],[-152.216,57.577],[-152.411,57.646],[-152.512,57.851],[-152.898,57.824]]],[[[-130.025,55.888],[-130.023,56.015],[-130.413,56.123],[-130.477,56.231],[-130.649,56.264],[-130.742,56.341],[-131.083,56.405],[-131.575,56.599],[-131.824,56.59],[-131.866,56.793],[-132.104,56.857],[-132.032,57.027],[-132.338,57.079],[-132.232,57.199],[-132.55,57.5],[-133.275,58.223],[-133.423,58.337],[-133.401,58.411],[-133.821,58.705],[-134.219,58.85],[-134.441,59.085],[-134.944,59.288],[-135.071,59.441],[-135.051,59.579],[-135.476,59.793],[-135.935,59.663],[-136.322,59.605],[-136.247,59.533],[-136.466,59.459],[-136.467,59.28],[-136.579,59.152],[-136.813,59.15],[-137.278,58.988],[-137.439,58.903],[-137.593,59.226],[-138.632,59.778],[-138.705,59.901],[-139.043,59.993],[-139.185,60.084],[-139.079,60.344],[-139.676,60.328],[-139.973,60.183],[-140.453,60.3],[-140.525,60.218],[-141.002,60.3],[-141.002,60.885],[-141.002,61.761],[-141.002,62.346],[-141.002,63.514],[-141.002,64.099],[-141.002,64.976],[-141.002,65.852],[-141.002,66.729],[-141.002,67.313],[-141.002,68.19],[-141.002,69.066],[-141.002,69.651],[-141.408,69.653],[-141.699,69.77],[-142.297,69.87],[-142.708,70.034],[-143.218,70.116],[-143.746,70.102],[-144.417,70.039],[-144.619,69.982],[-145.197,70.009],[-145.823,70.16],[-146.745,70.192],[-147.063,70.17],[-147.705,70.217],[-147.87,70.303],[-148.249,70.357],[-148.479,70.318],[-148.688,70.416],[-149.269,70.501],[-149.87,70.51],[-150.152,70.444],[-150.403,70.444],[-150.663,70.51],[-151.225,70.419],[-151.945,70.452],[-151.769,70.56],[-152.173,70.557],[-152.471,70.654],[-152.233,70.81],[-152.491,70.881],[-152.785,70.876],[-153.233,70.933],[-153.918,70.877],[-154.195,70.801],[-154.785,70.894],[-154.674,70.987],[-154.944,71.083],[-155.167,71.099],[-155.579,70.894],[-155.872,70.835],[-156.147,70.928],[-155.804,70.995],[-155.579,71.121],[-155.811,71.188],[-156.783,71.319],[-157.195,71.093],[-157.606,70.941],[-157.998,70.845],[-158.484,70.841],[-158.996,70.802],[-159.315,70.879],[-159.681,70.787],[-159.962,70.634],[-159.746,70.53],[-159.855,70.324],[-160.095,70.333],[-159.963,70.568],[-160.117,70.591],[-160.634,70.446],[-160.996,70.305],[-161.639,70.235],[-161.881,70.332],[-162.952,69.758],[-163.094,69.611],[-163.161,69.388],[-163.536,69.17],[-163.868,69.037],[-164.302,68.936],[-165.044,68.882],[-165.509,68.868],[-166.209,68.885],[-166.182,68.797],[-166.381,68.425],[-166.574,68.32],[-166.236,68.278],[-165.96,68.156],[-165.386,68.046],[-164.125,67.607],[-163.943,67.478],[-163.721,67.196],[-163.532,67.103],[-163.002,67.027],[-162.392,67.02],[-161.965,67.05],[-161.622,66.979],[-161.879,66.804],[-161.857,66.7],[-161.398,66.552],[-161.051,66.653],[-160.864,66.671],[-160.644,66.605],[-160.263,66.572],[-160.232,66.42],[-160.651,66.373],[-161.048,66.474],[-161.336,66.496],[-161.591,66.46],[-161.91,66.56],[-162.131,66.801],[-162.362,66.947],[-162.607,66.894],[-162.467,66.736],[-162.191,66.693],[-161.888,66.493],[-161.828,66.371],[-161.544,66.407],[-161.12,66.334],[-161.201,66.219],[-161.557,66.251],[-161.816,66.054],[-162.214,66.071],[-162.587,66.051],[-162.886,66.099],[-163.171,66.075],[-163.695,66.084],[-164.034,66.216],[-163.894,66.287],[-163.903,66.378],[-163.775,66.531],[-164.058,66.611],[-164.674,66.555],[-165.064,66.438],[-165.449,66.41],[-165.776,66.319],[-165.84,66.245],[-165.56,66.167],[-165.724,66.113],[-166.215,66.17],[-166.748,66.052],[-167.074,65.877],[-167.405,65.859],[-167.58,65.758],[-168.088,65.658],[-167.987,65.568],[-167.404,65.422],[-166.665,65.338],[-166.452,65.247],[-166.531,65.155],[-166.827,65.096],[-166.551,64.953],[-166.415,64.927],[-166.481,64.728],[-166.325,64.626],[-166.143,64.583],[-164.9,64.461],[-164.304,64.584],[-163.713,64.588],[-163.486,64.55],[-163.144,64.424],[-163.052,64.52],[-163.303,64.606],[-163.204,64.652],[-162.876,64.516],[-162.807,64.374],[-162.172,64.678],[-161.868,64.743],[-161.759,64.816],[-161.466,64.795],[-161.187,64.924],[-160.887,64.796],[-160.836,64.682],[-160.932,64.579],[-161.386,64.44],[-161.22,64.397],[-160.988,64.251],[-160.779,63.819],[-160.827,63.729],[-161.1,63.558],[-161.505,63.468],[-161.974,63.453],[-162.112,63.534],[-162.283,63.529],[-162.621,63.266],[-163.062,63.08],[-163.359,63.046],[-163.736,63.193],[-164.108,63.262],[-164.409,63.215],[-164.525,63.128],[-164.375,63.054],[-164.677,63.02],[-164.845,62.801],[-164.793,62.623],[-165.195,62.474],[-165.707,62.1],[-165.744,62.012],[-165.613,61.869],[-166.079,61.803],[-165.835,61.679],[-166.1,61.645],[-165.797,61.491],[-165.906,61.404],[-165.691,61.3],[-165.566,61.102],[-165.381,61.106],[-165.392,61.212],[-165.077,61.094],[-165.175,60.966],[-165.066,60.921],[-164.754,60.931],[-164.442,60.87],[-163.995,60.865],[-163.749,60.97],[-163.655,60.877],[-163.421,60.757],[-163.529,60.665],[-163.73,60.59],[-163.895,60.745],[-164.266,60.725],[-164.37,60.796],[-164.805,60.892],[-165.016,60.74],[-165.354,60.541],[-165.027,60.501],[-165.061,60.413],[-164.8,60.307],[-164.662,60.304],[-164.471,60.149],[-164.132,59.994],[-164.143,59.897],[-163.907,59.807],[-163.68,59.802],[-163.219,59.846],[-162.878,59.923],[-162.733,59.994],[-162.571,59.99],[-162.5,60.127],[-162.6,60.297],[-162.265,60.595],[-162.139,60.614],[-162.421,60.284],[-162.242,60.178],[-162.138,59.98],[-161.829,59.589],[-161.92,59.365],[-162.023,59.284],[-161.981,59.146],[-161.794,59.109],[-161.781,58.897],[-161.724,58.794],[-161.856,58.717],[-162.145,58.644],[-161.755,58.612],[-161.361,58.67],[-161.216,58.801],[-160.817,58.872],[-160.363,59.051],[-160.153,58.906],[-159.92,58.82],[-159.67,58.911],[-159.358,58.721],[-159.083,58.47],[-158.951,58.405],[-158.789,58.441],[-158.772,58.52],[-158.861,58.719],[-158.761,58.95],[-158.678,58.929],[-158.514,59.073],[-158.426,58.999],[-158.503,58.85],[-158.303,58.642],[-158.022,58.64],[-157.666,58.748],[-157.142,58.878],[-156.975,58.736],[-157.229,58.641],[-157.461,58.503],[-157.524,58.421],[-157.443,58.172],[-157.611,58.051],[-157.684,57.744],[-157.608,57.601],[-157.894,57.511],[-158.046,57.409],[-158.321,57.298],[-158.661,57.039],[-158.675,56.795],[-158.99,56.86],[-159.283,56.689],[-159.785,56.562],[-160.302,56.314],[-160.539,56.006],[-160.308,55.864],[-160.758,55.855],[-160.851,55.772],[-161.216,56.021],[-161.697,55.907],[-162.157,55.719],[-162.513,55.45],[-162.962,55.184],[-163.115,55.194],[-163.279,55.122],[-163.289,54.838],[-163.131,54.917],[-163.12,55.065],[-162.865,54.955],[-162.674,54.997],[-162.614,55.071],[-162.644,55.218],[-162.542,55.243],[-162.333,55.05],[-162.074,55.139],[-161.742,55.391],[-161.684,55.53],[-161.459,55.629],[-161.373,55.556],[-161.477,55.465],[-161.382,55.371],[-161.1,55.406],[-160.897,55.514],[-160.463,55.558],[-159.962,55.795],[-159.743,55.844],[-159.523,55.81],[-158.79,55.987],[-158.627,56.155],[-158.523,56.072],[-158.276,56.196],[-158.386,56.302],[-158.537,56.335],[-158.414,56.436],[-157.978,56.543],[-157.869,56.645],[-157.578,56.634],[-157.39,56.81],[-157.139,56.827],[-156.78,57.006],[-156.629,57.01],[-156.475,57.105],[-156.398,57.241],[-156.478,57.328],[-156.242,57.449],[-156.055,57.448],[-156,57.545],[-155.778,57.568],[-155.59,57.734],[-155.313,57.807],[-155.099,57.913],[-155.007,58.016],[-154.585,58.056],[-154.571,58.118],[-154.247,58.159],[-154.208,58.289],[-154.086,58.366],[-154.02,58.493],[-153.862,58.588],[-153.617,58.655],[-153.334,58.858],[-153.418,58.96],[-153.656,59.039],[-154.13,59.12],[-154.178,59.156],[-154.088,59.363],[-153.814,59.474],[-153.414,59.74],[-153.364,59.66],[-153.048,59.73],[-153.106,59.875],[-152.759,59.921],[-152.629,60.041],[-152.654,60.238],[-152.369,60.336],[-152.26,60.409],[-152.271,60.528],[-151.996,60.682],[-151.75,60.755],[-151.734,60.911],[-151.594,60.98],[-151.15,61.086],[-150.946,61.198],[-150.612,61.301],[-150.472,61.26],[-149.945,61.294],[-149.968,61.122],[-149.592,60.994],[-149.142,60.936],[-149.173,60.88],[-149.632,60.952],[-149.998,60.935],[-150.441,61.024],[-150.954,60.841],[-151.322,60.743],[-151.355,60.66],[-151.313,60.466],[-151.451,60.203],[-151.735,59.988],[-151.853,59.782],[-151.764,59.7],[-151.189,59.638],[-151.4,59.516],[-151.85,59.406],[-151.964,59.285],[-151.738,59.189],[-151.366,59.246],[-150.961,59.244],[-150.677,59.427],[-150.582,59.565],[-150.198,59.567],[-149.782,59.75],[-149.795,59.856],[-149.549,59.894],[-149.432,60.001],[-149.122,60.033],[-148.843,59.951],[-148.431,59.989],[-148.333,60.122],[-148.198,60.168],[-148.182,60.393],[-147.964,60.485],[-148.051,60.567],[-148.296,60.532],[-148.268,60.7],[-148.557,60.803],[-148.344,60.854],[-148.209,61.03],[-147.845,61.186],[-148.005,60.969],[-147.891,60.89],[-147.656,60.91],[-147.593,60.979],[-147.321,60.925],[-147.255,60.978],[-146.874,61.005],[-146.583,61.128],[-146.638,60.897],[-146.251,60.749],[-146.149,60.661],[-145.675,60.651],[-145.899,60.478],[-145.248,60.38],[-144.984,60.537],[-144.824,60.534],[-144.901,60.335],[-144.643,60.225],[-144.333,60.191],[-144.089,60.084],[-144.147,60.016],[-143.805,60.013],[-143.506,60.055],[-142.946,60.097],[-142.549,60.086],[-141.67,59.97],[-141.33,60.083],[-141.295,59.98],[-141.408,59.903],[-140.843,59.749],[-140.42,59.711],[-140.217,59.727],[-139.85,59.831],[-139.519,60.017],[-139.582,59.848],[-139.506,59.726],[-139.612,59.61],[-139.799,59.546],[-139.341,59.376],[-138.352,59.087],[-138.027,58.941],[-137.75,58.707],[-137.544,58.581],[-137.072,58.395],[-136.583,58.245],[-136.462,58.328],[-136.13,58.35],[-136.103,58.506],[-136.225,58.602],[-136.484,58.618],[-136.41,58.701],[-136.568,58.786],[-136.879,58.882],[-136.831,58.984],[-136.566,58.941],[-136.451,58.846],[-136.226,58.765],[-136.046,58.789],[-135.862,58.577],[-135.873,58.394],[-135.572,58.412],[-135.303,58.256],[-135.142,58.233],[-135.05,58.307],[-135.334,58.91],[-135.386,59.088],[-135.502,59.202],[-135.484,59.309],[-135.358,59.325],[-135.217,59.077],[-135.132,58.843],[-134.965,58.742],[-134.943,58.646],[-134.776,58.454],[-134.664,58.385],[-134.485,58.367],[-134.209,58.233],[-134.063,58.211],[-134.031,58.072],[-133.744,57.855],[-133.657,57.841],[-133.117,57.566],[-133.554,57.695],[-133.649,57.642],[-133.539,57.554],[-133.437,57.337],[-133.466,57.172],[-132.814,57.041],[-132.802,56.895],[-132.64,56.796],[-132.487,56.766],[-132.476,56.65],[-132.358,56.626],[-132.182,56.421],[-132.022,56.38],[-131.844,56.16],[-132.006,55.93],[-132.223,55.721],[-132.119,55.57],[-131.983,55.535],[-131.869,55.647],[-131.784,55.877],[-131.288,56.012],[-131.128,55.96],[-130.919,55.736],[-130.856,55.355],[-131.048,55.158],[-130.85,54.808],[-130.575,54.77],[-130.214,55.026],[-130.037,55.298],[-130.147,55.654],[-130.025,55.888]]],[[[-163.476,54.981],[-163.607,55.051],[-163.868,55.039],[-164.274,54.9],[-164.53,54.881],[-164.706,54.692],[-164.888,54.608],[-164.823,54.419],[-164.463,54.427],[-164.235,54.571],[-164.073,54.621],[-163.583,54.626],[-163.358,54.736],[-163.476,54.981]]],[[[-133.305,55.544],[-133.634,55.539],[-133.65,55.269],[-133.282,55.498],[-133.305,55.544]]],[[[-131.34,55.08],[-131.405,55.213],[-131.578,55.201],[-131.595,55.091],[-131.431,54.996],[-131.406,54.894],[-131.232,54.904],[-131.34,55.08]]],[[[-132.112,56.109],[-132.067,56.244],[-132.317,56.488],[-132.38,56.499],[-132.599,56.242],[-132.699,56.198],[-132.66,56.078],[-132.451,56.056],[-132.287,55.929],[-132.133,55.943],[-132.112,56.109]]],[[[-130.979,55.489],[-130.966,55.67],[-131.121,55.857],[-131.269,55.955],[-131.625,55.832],[-131.648,55.586],[-131.846,55.416],[-131.811,55.223],[-131.475,55.373],[-131.421,55.276],[-131.188,55.206],[-131.083,55.267],[-130.979,55.489]]],[[[-133.366,57.004],[-133.866,57.069],[-133.979,57.01],[-133.681,56.798],[-133.649,56.517],[-133.603,56.464],[-133.213,56.465],[-133.157,56.611],[-132.959,56.677],[-132.954,56.88],[-133.071,56.974],[-133.366,57.004]]],[[[-132.862,54.894],[-133.097,55.214],[-133.297,55.326],[-133.429,55.304],[-133.418,55.211],[-133.251,55.175],[-133.123,54.97],[-132.807,54.709],[-132.647,54.756],[-132.617,54.892],[-132.862,54.894]]],[[[-146.394,60.45],[-146.56,60.481],[-146.703,60.409],[-146.618,60.274],[-146.128,60.393],[-146.394,60.45]]],[[[-147.736,59.813],[-147.499,59.89],[-147.318,60.075],[-146.987,60.254],[-147.12,60.363],[-147.466,60.097],[-147.814,59.902],[-147.736,59.813]]],[[[-147.658,60.45],[-147.795,60.46],[-147.871,60.23],[-147.732,60.222],[-147.658,60.45]]],[[[-153.007,57.125],[-153.285,57.185],[-153.375,57.052],[-153.007,57.125]]],[[[-160.685,55.315],[-160.847,55.311],[-160.825,55.174],[-160.488,55.185],[-160.583,55.308],[-160.685,55.315]]],[[[-159.873,55.129],[-159.898,55.221],[-160.172,55.123],[-160.038,55.044],[-159.873,55.129]]],[[[-165.842,54.071],[-165.704,54.12],[-165.893,54.207],[-166.088,54.169],[-166.036,54.047],[-165.842,54.071]]],[[[-160.919,58.577],[-160.715,58.795],[-160.986,58.736],[-161.131,58.668],[-161.07,58.569],[-160.919,58.577]]],[[[-172.742,60.457],[-172.86,60.506],[-173.074,60.493],[-172.636,60.329],[-172.526,60.392],[-172.742,60.457]]],[[[-177.148,51.717],[-177.21,51.841],[-177.578,51.694],[-177.23,51.694],[-177.148,51.717]]],[[[173.723,52.36],[173.776,52.495],[173.658,52.504],[173.402,52.405],[173.723,52.36]]],[[[-134.97,57.351],[-135.346,57.533],[-135.487,57.517],[-135.581,57.39],[-135.787,57.317],[-135.768,57.1],[-135.609,57.071],[-135.502,57.244],[-135.375,57.188],[-135.341,57.082],[-135.2,57.027],[-135.315,56.932],[-135.331,56.822],[-135.163,56.824],[-135.159,56.725],[-135.018,56.66],[-134.981,56.519],[-134.75,56.241],[-134.63,56.302],[-134.657,56.523],[-134.621,56.718],[-134.823,57.157],[-134.97,57.351]]],[[[-134.68,58.162],[-134.908,58.263],[-134.754,57.995],[-134.66,57.638],[-134.487,57.482],[-134.592,57.092],[-134.435,57.057],[-134.26,57.147],[-134.1,57.3],[-133.925,57.337],[-133.974,57.451],[-133.937,57.582],[-134.267,57.885],[-134.307,58.034],[-134.24,58.144],[-134.68,58.162]]],[[[-135.73,58.244],[-135.787,58.269],[-136.142,58.154],[-136.512,58.096],[-136.569,57.972],[-136.46,57.873],[-136.077,57.675],[-135.911,57.447],[-135.692,57.42],[-135.618,57.48],[-135.609,57.651],[-135.498,57.662],[-135.085,57.511],[-134.931,57.481],[-134.873,57.589],[-134.979,57.724],[-135.25,57.733],[-135.231,57.816],[-134.971,57.817],[-134.928,57.953],[-135.002,58.051],[-135.347,58.124],[-135.613,57.992],[-135.587,58.147],[-135.73,58.244]]],[[[-133.566,56.339],[-133.594,56.216],[-133.531,56.146],[-133.755,55.999],[-133.684,55.943],[-133.371,56.036],[-133.242,55.921],[-133.447,55.797],[-133.68,55.785],[-133.553,55.691],[-133.369,55.689],[-133.298,55.607],[-133.09,55.613],[-133.082,55.504],[-132.959,55.396],[-133.103,55.36],[-132.782,55.048],[-132.588,55.052],[-132.549,54.953],[-132.341,54.907],[-132.134,54.713],[-131.981,54.805],[-132,55.034],[-131.976,55.209],[-132.207,55.224],[-132.215,55.384],[-132.418,55.483],[-132.592,55.464],[-132.43,55.687],[-132.598,55.895],[-132.758,55.995],[-133.097,56.09],[-133.104,56.235],[-133.203,56.32],[-133.566,56.339]]],[[[-133.99,56.845],[-134.143,56.932],[-134.374,56.839],[-134.384,56.724],[-134.29,56.58],[-134.084,56.456],[-134.195,56.414],[-134.245,56.203],[-134.19,56.077],[-133.95,56.128],[-133.885,56.292],[-133.855,56.582],[-133.738,56.65],[-133.831,56.781],[-133.99,56.845]]],[[[-152.417,58.36],[-152.675,58.451],[-152.841,58.416],[-152.772,58.279],[-152.976,58.297],[-153.381,58.087],[-152.983,57.997],[-152.782,58.016],[-152.538,58.101],[-152.109,58.161],[-151.983,58.244],[-152.316,58.413],[-152.417,58.36]]],[[[-167.964,53.345],[-167.805,53.485],[-167.986,53.558],[-168.288,53.5],[-168.396,53.409],[-168.437,53.257],[-168.639,53.256],[-168.76,53.175],[-168.796,53.045],[-169.066,52.834],[-168.506,53.043],[-168.271,53.238],[-167.964,53.345]]],[[[-166.615,53.901],[-166.627,53.996],[-166.978,53.963],[-167.118,53.873],[-167.016,53.698],[-167.136,53.526],[-167.53,53.394],[-167.809,53.324],[-167.669,53.26],[-167.522,53.276],[-167.154,53.408],[-166.77,53.476],[-166.444,53.652],[-166.549,53.701],[-166.489,53.785],[-166.231,53.933],[-166.372,53.999],[-166.497,53.884],[-166.615,53.901]]],[[[-174.677,52.035],[-174.344,52.078],[-174.121,52.135],[-174.018,52.332],[-174.169,52.42],[-174.436,52.317],[-174.306,52.216],[-175.118,52.047],[-174.677,52.035]]],[[[-176.593,51.867],[-176.55,51.944],[-176.698,51.986],[-176.736,51.84],[-176.874,51.79],[-176.771,51.63],[-176.437,51.754],[-176.437,51.82],[-176.593,51.867]]],[[[-177.879,51.65],[-177.771,51.778],[-177.954,51.918],[-178.195,51.882],[-177.986,51.764],[-178.059,51.673],[-177.879,51.65]]],[[[179.728,51.905],[179.78,51.967],[179.627,52.03],[179.504,51.98],[179.55,51.894],[179.728,51.905]]],[[[172.812,53.013],[172.495,52.938],[172.722,52.886],[172.776,52.797],[172.935,52.752],[173.08,52.814],[173.436,52.852],[173.102,52.996],[172.812,53.013]]],[[[-155.581,19.012],[-155.535,19.109],[-155.31,19.26],[-155.053,19.319],[-154.85,19.454],[-154.804,19.524],[-155.066,19.748],[-155.086,19.876],[-155.199,19.994],[-155.622,20.163],[-155.832,20.276],[-155.893,20.167],[-155.82,20.014],[-156.049,19.75],[-155.966,19.591],[-155.891,19.383],[-155.906,19.126],[-155.881,19.071],[-155.681,18.968],[-155.581,19.012]]],[[[-157.214,21.215],[-157.29,21.113],[-157.021,21.098],[-156.86,21.056],[-156.748,21.104],[-156.742,21.164],[-157.214,21.215]]],[[[-156.487,20.933],[-156.585,21.034],[-156.657,21.025],[-156.69,20.901],[-156.615,20.822],[-156.48,20.801],[-156.438,20.618],[-156.31,20.599],[-156.107,20.645],[-155.99,20.757],[-156.148,20.885],[-156.278,20.951],[-156.487,20.933]]],[[[-157.799,21.457],[-157.962,21.701],[-158.123,21.6],[-158.273,21.585],[-158.239,21.489],[-158.11,21.319],[-157.902,21.341],[-157.799,21.269],[-157.635,21.308],[-157.799,21.457]]],[[[-159.373,21.932],[-159.301,22.105],[-159.352,22.22],[-159.579,22.223],[-159.727,22.14],[-159.789,22.042],[-159.609,21.91],[-159.461,21.876],[-159.373,21.932]]],[[[-160.18,21.841],[-160.08,21.907],[-160.101,22.015],[-160.221,21.897],[-160.18,21.841]]],[[[-156.85,20.773],[-156.809,20.831],[-156.942,20.93],[-157.051,20.912],[-156.973,20.758],[-156.85,20.773]]],[[[-74.709,45.004],[-74.857,45.004],[-75.179,44.899],[-75.401,44.772],[-75.792,44.497],[-75.876,44.417],[-76.151,44.304],[-76.465,44.058],[-76.82,43.629],[-77.879,43.63],[-78.72,43.625],[-79.172,43.467],[-79.059,43.278],[-79.066,43.106],[-78.915,42.909],[-79.037,42.802],[-79.174,42.749],[-80.248,42.366],[-81.278,42.209],[-82.439,41.675],[-82.69,41.675],[-83.03,41.833],[-83.142,41.976],[-83.15,42.142],[-83.073,42.3],[-82.868,42.385],[-82.545,42.625],[-82.488,42.74],[-82.408,43.073],[-82.138,43.571],[-82.281,44.192],[-82.551,45.347],[-83.593,45.817],[-83.469,45.995],[-83.616,46.117],[-83.978,46.085],[-84.088,46.227],[-84.192,46.55],[-84.562,46.457],[-84.779,46.637],[-84.876,46.9],[-85.458,47.14],[-86.429,47.54],[-87.494,47.962],[-88.378,48.303],[-88.612,48.264],[-89.186,48.047],[-89.456,47.996],[-89.994,48.015],[-90.092,48.118],[-90.32,48.099],[-90.744,48.105],[-90.84,48.201],[-91.043,48.194],[-91.221,48.105],[-91.518,48.058],[-91.858,48.198],[-92.005,48.302],[-92.172,48.338],[-92.415,48.277],[-92.501,48.435],[-92.996,48.612],[-93.258,48.629],[-93.464,48.561],[-93.708,48.525],[-93.852,48.607],[-94.055,48.659],[-94.621,48.743],[-94.803,49.003],[-94.854,49.305],[-94.939,49.349],[-95.155,49.37],[-95.162,48.992],[-96.677,48.993],[-97.956,48.993],[-99.235,48.993],[-100.088,48.993],[-101.367,48.993],[-102.22,48.993],[-103.499,48.993],[-104.778,48.993],[-105.631,48.993],[-106.91,48.993],[-107.763,48.993],[-109.469,48.993],[-110.748,48.993],[-112.027,48.993],[-113.732,48.993],[-115.438,48.993],[-116.717,48.993],[-117.996,48.993],[-119.702,48.993],[-120.981,48.993],[-121.834,48.993],[-122.789,48.993],[-122.653,48.764],[-122.562,48.778],[-122.497,48.506],[-122.669,48.465],[-122.409,48.294],[-122.52,48.229],[-122.494,48.13],[-122.353,48.114],[-122.242,48.011],[-122.393,47.821],[-122.41,47.653],[-122.368,47.604],[-122.354,47.372],[-122.542,47.276],[-122.702,47.111],[-122.988,47.173],[-122.92,47.29],[-122.813,47.329],[-122.578,47.293],[-122.554,47.405],[-122.63,47.693],[-122.524,47.769],[-122.588,47.856],[-122.757,47.701],[-122.821,47.793],[-122.657,47.881],[-122.74,48.013],[-122.861,48.09],[-123.024,48.082],[-123.124,48.151],[-123.294,48.12],[-123.976,48.168],[-124.633,48.375],[-124.702,48.152],[-124.621,47.904],[-124.46,47.784],[-124.376,47.659],[-124.309,47.405],[-124.199,47.209],[-124.164,47.015],[-124.042,47.03],[-123.843,46.963],[-124.113,46.863],[-124.072,46.745],[-123.889,46.66],[-123.946,46.433],[-124.05,46.491],[-124.073,46.279],[-123.896,46.268],[-123.688,46.3],[-123.674,46.183],[-123.912,46.182],[-123.947,46.141],[-123.961,45.843],[-123.929,45.577],[-123.949,45.401],[-124.059,44.778],[-124.047,44.425],[-124.099,44.334],[-124.149,43.692],[-124.288,43.41],[-124.347,43.342],[-124.454,43.012],[-124.54,42.813],[-124.406,42.584],[-124.421,42.381],[-124.355,42.123],[-124.212,41.985],[-124.245,41.788],[-124.118,41.622],[-124.069,41.384],[-124.14,41.156],[-124.133,40.97],[-124.284,40.711],[-124.372,40.491],[-124.324,40.252],[-124.108,40.095],[-123.884,39.861],[-123.783,39.619],[-123.82,39.368],[-123.72,39.111],[-123.701,38.907],[-123.425,38.676],[-123.29,38.536],[-123.121,38.449],[-122.987,38.277],[-122.968,38.097],[-122.76,37.946],[-122.467,37.838],[-122.484,38.109],[-122.393,38.145],[-122.154,38.066],[-122.031,38.124],[-121.717,38.034],[-122.217,38.041],[-122.385,37.961],[-122.296,37.79],[-122.222,37.732],[-122.124,37.544],[-122.229,37.564],[-122.37,37.656],[-122.384,37.789],[-122.514,37.772],[-122.499,37.543],[-122.408,37.373],[-122.395,37.208],[-122.164,36.991],[-121.881,36.939],[-121.807,36.851],[-121.79,36.732],[-121.919,36.572],[-121.877,36.331],[-121.664,36.154],[-121.344,35.792],[-121.284,35.676],[-121.138,35.607],[-121.023,35.481],[-120.86,35.365],[-120.857,35.21],[-120.707,35.158],[-120.634,35.076],[-120.663,34.949],[-120.625,34.812],[-120.645,34.58],[-120.481,34.472],[-120.053,34.469],[-119.853,34.412],[-119.606,34.418],[-119.268,34.257],[-119.236,34.164],[-119.144,34.112],[-118.832,34.024],[-118.506,34.017],[-118.393,33.858],[-118.41,33.744],[-118.264,33.759],[-118.081,33.722],[-117.952,33.62],[-117.789,33.538],[-117.467,33.296],[-117.319,33.1],[-117.263,32.939],[-117.243,32.664],[-117.137,32.649],[-117.128,32.533],[-116.27,32.598],[-115.411,32.662],[-114.725,32.715],[-114.836,32.508],[-113.887,32.212],[-112.939,31.916],[-111.99,31.62],[-111.042,31.324],[-109.982,31.326],[-109.275,31.327],[-108.214,31.329],[-108.212,31.779],[-107.552,31.776],[-106.453,31.77],[-106.347,31.679],[-106.256,31.545],[-106.148,31.451],[-106.024,31.398],[-105.813,31.241],[-105.514,30.981],[-105.276,30.807],[-104.979,30.646],[-104.836,30.448],[-104.681,30.134],[-104.681,29.991],[-104.622,29.854],[-104.504,29.678],[-104.401,29.574],[-104.216,29.48],[-103.99,29.323],[-103.853,29.291],[-103.423,29.071],[-103.258,29.001],[-103.09,29.042],[-103.023,29.132],[-102.892,29.216],[-102.834,29.444],[-102.734,29.644],[-102.615,29.752],[-102.476,29.769],[-102.269,29.871],[-101.991,29.796],[-101.44,29.777],[-101.304,29.634],[-101.039,29.46],[-101.016,29.401],[-100.755,29.183],[-100.659,29.069],[-100.55,28.821],[-100.332,28.503],[-100.296,28.328],[-100.112,28.173],[-100.001,28.048],[-99.89,27.867],[-99.754,27.73],[-99.505,27.548],[-99.51,27.34],[-99.44,27.17],[-99.444,27.037],[-99.302,26.885],[-99.23,26.762],[-99.172,26.564],[-99.108,26.447],[-99.015,26.399],[-98.765,26.34],[-98.598,26.238],[-98.378,26.182],[-98.275,26.111],[-98.083,26.064],[-97.801,26.042],[-97.587,25.984],[-97.358,25.871],[-97.282,25.942],[-97.146,25.961],[-97.402,26.397],[-97.466,26.692],[-97.555,26.967],[-97.476,27.118],[-97.485,27.237],[-97.692,27.287],[-97.682,27.395],[-97.524,27.314],[-97.439,27.328],[-97.38,27.419],[-97.289,27.671],[-97.431,27.837],[-97.374,27.87],[-97.171,27.88],[-97.073,27.986],[-97.156,28.144],[-96.967,28.19],[-96.892,28.158],[-96.807,28.22],[-96.774,28.422],[-96.676,28.341],[-96.562,28.367],[-96.525,28.489],[-96.64,28.709],[-96.576,28.716],[-96.449,28.594],[-96.275,28.655],[-96.02,28.587],[-95.853,28.64],[-95.273,28.964],[-95.152,29.079],[-95.139,29.168],[-94.888,29.371],[-94.993,29.531],[-95.023,29.702],[-94.89,29.677],[-94.832,29.753],[-94.742,29.75],[-94.724,29.655],[-94.778,29.548],[-94.605,29.568],[-94.75,29.418],[-94.1,29.67],[-93.89,29.689],[-93.946,29.815],[-93.841,29.98],[-93.773,29.914],[-93.884,29.81],[-93.826,29.725],[-93.695,29.77],[-93.176,29.779],[-92.952,29.714],[-92.671,29.597],[-92.261,29.557],[-92.084,29.593],[-92.135,29.699],[-92.017,29.8],[-91.893,29.836],[-91.824,29.751],[-91.672,29.746],[-91.514,29.555],[-91.331,29.514],[-91.155,29.351],[-91.29,29.289],[-91.003,29.194],[-90.751,29.131],[-90.677,29.151],[-90.586,29.272],[-90.379,29.295],[-90.302,29.256],[-90.213,29.105],[-90.101,29.182],[-90.052,29.431],[-89.877,29.458],[-89.792,29.333],[-89.62,29.302],[-89.443,29.194],[-89.354,29.07],[-89.236,29.081],[-89.156,29.017],[-89.016,29.203],[-89.246,29.333],[-89.514,29.42],[-89.675,29.539],[-89.721,29.619],[-89.531,29.772],[-89.354,29.82],[-89.358,29.921],[-89.494,30.058],[-89.59,29.915],[-89.744,29.93],[-89.815,30.007],[-89.665,30.117],[-89.737,30.172],[-89.894,30.126],[-89.994,30.059],[-90.175,30.029],[-90.413,30.14],[-90.332,30.278],[-90.225,30.379],[-90.045,30.351],[-89.954,30.269],[-89.588,30.166],[-89.444,30.223],[-89.321,30.345],[-89.224,30.332],[-88.905,30.415],[-88.692,30.355],[-88.35,30.373],[-88.135,30.367],[-88.032,30.681],[-87.949,30.627],[-87.924,30.45],[-87.79,30.292],[-87.622,30.265],[-87.281,30.339],[-87.185,30.454],[-87.171,30.539],[-86.986,30.431],[-87.201,30.339],[-86.68,30.403],[-86.448,30.496],[-86.257,30.493],[-86.175,30.333],[-85.756,30.167],[-85.741,30.244],[-85.604,30.287],[-85.676,30.122],[-85.354,29.876],[-85.307,29.798],[-85.319,29.68],[-85.029,29.721],[-84.801,29.773],[-84.55,29.898],[-84.383,29.907],[-84.31,30.065],[-84.044,30.104],[-83.694,29.926],[-83.29,29.452],[-82.769,29.052],[-82.651,28.888],[-82.661,28.486],[-82.749,28.237],[-82.844,27.846],[-82.743,27.709],[-82.661,27.718],[-82.521,27.878],[-82.401,27.835],[-82.636,27.525],[-82.62,27.401],[-82.441,27.06],[-82.29,26.871],[-82.181,26.84],[-82.067,26.892],[-82.078,26.704],[-82.04,26.552],[-81.867,26.435],[-81.811,26.146],[-81.715,25.983],[-81.568,25.892],[-81.365,25.831],[-81.345,25.732],[-81.227,25.583],[-81.098,25.319],[-81.167,25.229],[-81.11,25.138],[-80.862,25.176],[-80.737,25.156],[-80.558,25.232],[-80.485,25.23],[-80.367,25.331],[-80.301,25.619],[-80.126,25.833],[-80.111,26.132],[-80.041,26.569],[-80.05,26.808],[-80.126,27.083],[-80.226,27.207],[-80.65,28.181],[-80.749,28.381],[-80.766,28.633],[-80.688,28.579],[-80.732,28.463],[-80.623,28.32],[-80.524,28.486],[-80.9,29.05],[-81.105,29.457],[-81.25,29.794],[-81.337,30.141],[-81.386,30.27],[-81.457,30.641],[-81.52,30.875],[-81.453,31.088],[-81.288,31.264],[-81.295,31.371],[-81.175,31.531],[-81.198,31.704],[-81.065,31.813],[-81.113,31.879],[-80.923,31.945],[-80.849,32.114],[-80.694,32.216],[-80.765,32.298],[-80.647,32.396],[-80.608,32.293],[-80.486,32.352],[-80.474,32.423],[-80.572,32.534],[-80.363,32.501],[-80.23,32.577],[-80.022,32.62],[-79.894,32.729],[-79.615,32.909],[-79.587,33.001],[-79.42,33.043],[-79.276,33.135],[-79.194,33.244],[-79.138,33.406],[-78.92,33.659],[-78.578,33.873],[-78.406,33.918],[-78.013,33.912],[-77.926,34.073],[-77.751,34.285],[-77.38,34.527],[-77.358,34.62],[-77.252,34.616],[-77.134,34.708],[-76.733,34.707],[-76.707,34.752],[-76.517,34.777],[-76.362,34.937],[-76.457,34.989],[-76.745,34.941],[-76.779,34.99],[-76.628,35.073],[-76.513,35.27],[-76.741,35.431],[-76.532,35.508],[-76.49,35.397],[-76.174,35.354],[-75.774,35.647],[-75.745,35.765],[-75.772,35.9],[-75.854,35.96],[-75.979,35.896],[-76.001,35.722],[-76.084,35.691],[-76.07,35.97],[-76.207,35.991],[-76.358,35.953],[-76.726,35.958],[-76.679,36.075],[-76.479,36.028],[-76.384,36.134],[-76.15,36.146],[-76.148,36.279],[-75.883,36.176],[-75.867,36.268],[-75.993,36.474],[-75.89,36.657],[-75.999,36.913],[-76.244,36.953],[-76.4,36.89],[-76.634,37.047],[-76.672,37.173],[-76.401,36.991],[-76.283,37.053],[-76.401,37.213],[-76.401,37.386],[-76.263,37.357],[-76.306,37.571],[-76.484,37.629],[-76.306,37.722],[-76.264,37.894],[-76.472,38.011],[-76.55,38.094],[-76.906,38.197],[-76.89,38.292],[-76.594,38.228],[-76.333,38.141],[-76.439,38.362],[-76.416,38.42],[-76.501,38.532],[-76.537,38.743],[-76.52,38.898],[-76.42,39.074],[-76.574,39.254],[-76.421,39.225],[-76.406,39.304],[-76.276,39.323],[-76.097,39.433],[-76.063,39.561],[-75.959,39.585],[-75.955,39.46],[-76.153,39.315],[-76.236,39.192],[-76.168,38.853],[-76.3,38.818],[-76.057,38.621],[-76.264,38.6],[-76.295,38.495],[-76.212,38.361],[-76.051,38.28],[-75.864,38.261],[-75.928,38.169],[-75.795,38.087],[-75.851,37.972],[-75.659,37.954],[-75.719,37.821],[-75.888,37.619],[-75.975,37.398],[-75.997,37.264],[-75.934,37.152],[-75.812,37.425],[-75.587,37.559],[-75.596,37.631],[-75.354,38.065],[-75.225,38.242],[-75.16,38.255],[-75.134,38.384],[-75.036,38.503],[-75.128,38.632],[-75.089,38.778],[-75.185,38.819],[-75.392,39.093],[-75.413,39.281],[-75.353,39.34],[-75.136,39.208],[-74.897,39.145],[-74.954,38.95],[-74.794,39.002],[-74.603,39.293],[-74.429,39.387],[-74.39,39.487],[-74.176,39.727],[-74.118,39.938],[-74.028,40.073],[-73.958,40.328],[-74.05,40.43],[-74.242,40.456],[-74.227,40.608],[-73.949,40.839],[-73.851,40.831],[-73.583,41.022],[-73.182,41.176],[-72.847,41.266],[-72.265,41.292],[-71.93,41.341],[-71.769,41.331],[-71.523,41.379],[-71.444,41.454],[-71.427,41.633],[-71.331,41.762],[-71.204,41.641],[-71.188,41.516],[-70.974,41.549],[-70.701,41.715],[-70.657,41.534],[-70.405,41.627],[-69.949,41.677],[-70.001,41.826],[-70.295,41.729],[-70.515,41.803],[-70.549,41.939],[-70.738,42.229],[-71.046,42.331],[-70.736,42.669],[-70.829,42.825],[-70.733,43.07],[-70.642,43.134],[-70.521,43.349],[-70.203,43.626],[-70.269,43.672],[-70.179,43.766],[-69.965,43.855],[-69.792,43.805],[-69.73,43.852],[-69.481,43.905],[-69.345,44.001],[-69.226,43.986],[-69.068,44.098],[-69.064,44.172],[-68.956,44.348],[-68.961,44.434],[-68.847,44.485],[-68.794,44.382],[-68.612,44.311],[-68.277,44.507],[-68.117,44.491],[-68.057,44.384],[-67.907,44.454],[-67.839,44.576],[-67.653,44.562],[-67.556,44.645],[-67.364,44.697],[-67.191,44.676],[-66.987,44.828],[-67.107,44.885],[-67.08,44.989],[-67.125,45.169],[-67.367,45.174],[-67.473,45.276],[-67.428,45.378],[-67.494,45.474],[-67.433,45.603],[-67.596,45.621],[-67.785,45.702],[-67.796,46.498],[-67.807,47.083],[-68.097,47.275],[-68.311,47.354],[-68.48,47.286],[-68.829,47.203],[-69.049,47.274],[-69.05,47.427],[-69.243,47.463],[-70.008,46.709],[-70.067,46.441],[-70.248,46.251],[-70.304,46.057],[-70.296,45.906],[-70.421,45.738],[-70.702,45.551],[-70.69,45.428],[-70.799,45.405],[-70.898,45.262],[-71,45.337],[-71.135,45.263],[-71.327,45.29],[-71.419,45.2],[-71.518,45.008],[-72.35,45.007],[-73.182,45.006],[-74.709,45.004]]],[[[-72.51,40.986],[-72.625,40.992],[-73.111,40.957],[-73.278,40.924],[-73.574,40.92],[-73.879,40.792],[-74.032,40.639],[-73.823,40.656],[-73.767,40.593],[-73.621,40.6],[-73.266,40.664],[-73.194,40.654],[-72.339,40.894],[-72.102,41.015],[-72.287,41.024],[-72.51,40.986]]],[[[-68.187,44.332],[-68.299,44.456],[-68.409,44.364],[-68.412,44.294],[-68.187,44.332]]],[[[-70.51,41.376],[-70.674,41.449],[-70.785,41.327],[-70.51,41.376]]],[[[-91.794,29.501],[-91.768,29.585],[-91.875,29.641],[-91.996,29.573],[-91.794,29.501]]],[[[-97.014,27.902],[-96.84,28.089],[-96.899,28.117],[-97.014,27.902]]],[[[-97.171,26.159],[-97.351,26.801],[-97.402,26.821],[-97.267,26.33],[-97.171,26.159]]],[[[-120.044,33.919],[-120.072,34.027],[-120.252,34.014],[-120.167,33.918],[-120.044,33.919]]],[[[-119.882,34.08],[-119.81,33.968],[-119.562,34.007],[-119.882,34.08]]],[[[-122.573,48.157],[-122.558,47.992],[-122.367,47.985],[-122.573,48.157]]]]},"properties":{"id":"USA"}},
{"type":"Feature","geometry":{"type":"Polygon","coordinates":[[[-37.103,-54.066],[-37.233,-54.061],[-37.382,-53.984],[-37.946,-53.996],[-37.689,-54.077],[-37.631,-54.167],[-37.498,-54.156],[-37.007,-54.341],[-36.886,-54.339],[-36.735,-54.467],[-36.507,-54.511],[-36.252,-54.78],[-36.085,-54.867],[-35.799,-54.763],[-35.913,-54.711],[-35.965,-54.568],[-36.073,-54.554],[-36.173,-54.382],[-36.326,-54.251],[-36.449,-54.308],[-36.704,-54.108],[-37.103,-54.066]]]},"properties":{"id":"SGS"}},
{"type":"Feature","geometry":{"type":"Polygon","coordinates":[[[72.492,-7.377],[72.494,-7.262],[72.446,-7.22],[72.474,-7.31],[72.467,-7.368],[72.492,-7.377]]]},"properties":{"id":"IOT"}},
{"type":"Feature","geometry":{"type":"Polygon","coordinates":[[[-5.692,-15.998],[-5.708,-15.906],[-5.775,-15.957],[-5.692,-15.998]]]},"properties":{"id":"SHN"}},
{"type":"Feature","geometry":{"type":"Polygon","coordinates":[[[-128.29,-24.397],[-128.304,-24.334],[-128.35,-24.34],[-128.321,-24.4],[-128.29,-24.397]]]},"properties":{"id":"PCN"}},
{"type":"Feature","geometry":{"type":"Polygon","coordinates":[[[-63.001,18.222],[-63.026,18.27],[-63.153,18.2],[-63.001,18.222]]]},"properties":{"id":"AIA"}},
{"type":"Feature","geometry":{"type":"MultiPolygon","coordinates":[[[[-58.85,-51.27],[-58.887,-51.358],[-59.097,-51.491],[-59.06,-51.685],[-59.262,-51.737],[-59.571,-51.925],[-59.537,-51.971],[-59.649,-52.134],[-59.396,-52.308],[-59.342,-52.196],[-59.068,-52.173],[-59.131,-52.008],[-58.653,-52.099],[-58.683,-51.936],[-58.336,-51.864],[-58.151,-51.765],[-57.838,-51.709],[-57.808,-51.518],[-57.977,-51.384],[-58.206,-51.405],[-58.289,-51.458],[-58.272,-51.575],[-58.474,-51.509],[-58.506,-51.308],[-58.698,-51.329],[-58.85,-51.27]]],[[[-60.286,-51.462],[-60.445,-51.399],[-60.506,-51.485],[-60.245,-51.639],[-60.238,-51.772],[-60.591,-51.952],[-60.762,-51.946],[-60.961,-52.057],[-60.686,-52.188],[-60.508,-52.195],[-60.353,-52.14],[-60.246,-51.986],[-59.921,-51.97],[-59.268,-51.428],[-59.388,-51.36],[-59.788,-51.446],[-59.917,-51.388],[-60.142,-51.481],[-60.286,-51.462]]],[[[-61.019,-51.786],[-61.145,-51.839],[-60.948,-51.946],[-60.876,-51.794],[-61.019,-51.786]]],[[[-60.112,-51.396],[-60.07,-51.308],[-60.275,-51.281],[-60.249,-51.396],[-60.112,-51.396]]]]},"properties":{"id":"FLK"}},
{"type":"Feature","geometry":{"type":"Polygon","coordinates":[[[-81.37,19.349],[-81.304,19.272],[-81.13,19.347],[-81.285,19.363],[-81.37,19.349]]]},"properties":{"id":"CYM"}},
{"type":"Feature","geometry":{"type":"Polygon","coordinates":[[[-64.73,32.293],[-64.695,32.387],[-64.82,32.26],[-64.73,32.293]]]},"properties":{"id":"BMU"}},
{"type":"Feature","geometry":{"type":"Polygon","coordinates":[[[-64.395,18.465],[-64.325,18.517],[-64.426,18.513],[-64.395,18.465]]]},"properties":{"id":"VGB"}},
{"type":"Feature","geometry":{"type":"Polygon","coordinates":[[[-71.661,21.765],[-71.668,21.833],[-71.806,21.852],[-71.83,21.791],[-71.661,21.765]]]},"properties":{"id":"TCA"}},
{"type":"Feature","geometry":{"type":"Polygon","coordinates":[[[-62.148,16.74],[-62.223,16.752],[-62.222,16.7],[-62.154,16.681],[-62.148,16.74]]]},"properties":{"id":"MSR"}},
{"type":"Feature","geometry":{"type":"Polygon","coordinates":[[[-2.019,49.231],[-2.221,49.266],[-2.236,49.176],[-2.019,49.231]]]},"properties":{"id":"JEY"}},
{"type":"Feature","geometry":{"type":"Polygon","coordinates":[[[-2.512,49.495],[-2.646,49.468],[-2.547,49.429],[-2.512,49.495]]]},"properties":{"id":"GGY"}},
{"type":"Feature","geometry":{"type":"Polygon","coordinates":[[[-4.412,54.185],[-4.338,54.269],[-4.377,54.393],[-4.509,54.377],[-4.699,54.225],[-4.746,54.119],[-4.614,54.059],[-4.412,54.185]]]},"properties":{"id":"IMN"}},
{"type":"Feature","geometry":{"type":"MultiPolygon","coordinates":[[[[-2.668,51.623],[-2.59,51.609],[-2.881,51.406],[-3.042,51.249],[-3.136,51.205],[-3.375,51.197],[-3.842,51.231],[-4.188,51.189],[-4.296,51.027],[-4.523,50.977],[-4.583,50.776],[-5.342,50.246],[-5.571,50.197],[-5.656,50.132],[-5.622,50.051],[-5.434,50.104],[-5.225,50.021],[-5.119,50.038],[-5.049,50.134],[-4.728,50.29],[-4.173,50.391],[-3.793,50.229],[-3.584,50.322],[-3.485,50.548],[-3.405,50.632],[-2.999,50.717],[-2.777,50.706],[-2.548,50.616],[-2.35,50.637],[-2.036,50.603],[-2.031,50.725],[-1.866,50.715],[-1.517,50.747],[-1.285,50.857],[-0.785,50.765],[-0.451,50.81],[-0.204,50.814],[0.205,50.763],[0.684,50.886],[0.772,50.934],[0.96,50.926],[1.044,51.047],[1.398,51.182],[1.415,51.363],[0.889,51.36],[0.687,51.387],[0.593,51.519],[0.891,51.571],[0.955,51.808],[1.101,51.785],[1.274,51.845],[1.317,51.957],[1.559,52.087],[1.747,52.469],[1.716,52.677],[1.657,52.754],[1.382,52.894],[1.056,52.959],[0.559,52.967],[0.382,52.825],[0.28,52.809],[0.046,52.906],[0.298,53.081],[0.356,53.16],[0.271,53.335],[0.128,53.468],[-0.294,53.692],[0.036,53.641],[0.011,53.743],[-0.206,54.022],[-0.084,54.118],[-0.37,54.279],[-0.671,54.504],[-1.154,54.654],[-1.292,54.774],[-1.423,55.026],[-1.655,55.57],[-1.83,55.672],[-2.147,55.903],[-2.599,56.027],[-2.837,56.026],[-3.049,55.952],[-3.362,56.028],[-3.178,56.08],[-2.98,56.194],[-2.768,56.202],[-2.653,56.318],[-3.047,56.449],[-2.775,56.483],[-2.593,56.562],[-2.26,56.863],[-2.09,57.103],[-2.02,57.259],[-1.778,57.494],[-1.867,57.612],[-2.074,57.702],[-2.244,57.681],[-2.856,57.692],[-3.084,57.673],[-3.403,57.708],[-3.868,57.6],[-4.135,57.578],[-4.078,57.677],[-3.888,57.787],[-4.036,57.852],[-3.99,57.959],[-3.212,58.321],[-3.101,58.434],[-3.053,58.635],[-3.259,58.65],[-3.454,58.617],[-4.189,58.557],[-4.433,58.513],[-4.492,58.568],[-4.715,58.51],[-4.925,58.588],[-5.067,58.52],[-5.09,58.385],[-5.008,58.263],[-5.338,58.239],[-5.394,58.044],[-5.177,57.906],[-5.608,57.881],[-5.745,57.668],[-5.679,57.572],[-5.818,57.436],[-5.562,57.233],[-5.591,57.102],[-5.736,56.961],[-5.731,56.853],[-5.878,56.78],[-6.035,56.764],[-5.937,56.606],[-5.652,56.532],[-5.218,56.751],[-5.392,56.515],[-5.61,56.055],[-5.623,55.813],[-5.768,55.363],[-5.556,55.39],[-5.386,55.77],[-5.41,55.995],[-5.246,55.929],[-4.844,56.051],[-4.807,55.94],[-4.872,55.874],[-4.892,55.699],[-4.724,55.598],[-4.721,55.421],[-4.965,55.149],[-5.135,54.858],[-5.032,54.761],[-4.818,54.846],[-4.517,54.758],[-4.304,54.836],[-4.133,54.779],[-3.958,54.781],[-3.783,54.87],[-3.434,54.964],[-3.268,54.907],[-3.465,54.773],[-3.592,54.564],[-3.569,54.468],[-3.322,54.229],[-3.166,54.128],[-2.994,54.171],[-2.846,54.135],[-2.9,53.961],[-3.027,53.906],[-3.032,53.774],[-2.925,53.733],[-3.059,53.586],[-3.065,53.427],[-3.326,53.347],[-3.646,53.298],[-3.809,53.303],[-4.111,53.219],[-4.328,53.105],[-4.405,53.014],[-4.638,52.891],[-4.584,52.815],[-4.356,52.897],[-4.101,52.915],[-4.118,52.82],[-4.039,52.704],[-4.079,52.608],[-3.98,52.542],[-4.149,52.326],[-4.383,52.197],[-4.879,52.042],[-5.088,51.996],[-5.201,51.861],[-5.125,51.706],[-4.902,51.626],[-4.601,51.738],[-4.386,51.741],[-4.115,51.566],[-3.944,51.598],[-3.763,51.54],[-3.562,51.414],[-3.293,51.39],[-2.979,51.539],[-2.668,51.623]]],[[[-4.197,53.321],[-4.315,53.417],[-4.568,53.386],[-4.553,53.26],[-4.373,53.134],[-4.084,53.264],[-4.197,53.321]]],[[[-1.308,60.538],[-1.45,60.469],[-1.375,60.333],[-1.494,60.292],[-1.481,60.173],[-1.323,60.188],[-1.179,60.114],[-1.066,60.382],[-1.308,60.538]]],[[[-3.057,59.03],[-3.051,59.099],[-3.31,59.131],[-3.347,58.987],[-3.167,58.919],[-2.762,58.956],[-3.057,59.03]]],[[[-5.105,55.449],[-5.16,55.667],[-5.318,55.709],[-5.393,55.618],[-5.331,55.481],[-5.105,55.449]]],[[[-5.778,56.344],[-5.761,56.491],[-5.947,56.535],[-6.103,56.646],[-6.311,56.552],[-6.139,56.491],[-6.176,56.289],[-5.778,56.344]]],[[[-6.129,55.931],[-6.311,55.856],[-6.334,55.774],[-6.253,55.607],[-6.055,55.695],[-6.129,55.931]]],[[[-5.97,55.815],[-5.797,56.006],[-5.939,56.045],[-6.072,55.893],[-5.97,55.815]]],[[[-6.199,58.363],[-6.237,58.503],[-6.788,58.284],[-6.725,58.198],[-7.085,58.182],[-7.057,58.003],[-6.864,57.933],[-7.083,57.814],[-6.957,57.75],[-6.683,57.911],[-6.425,58.021],[-6.437,58.092],[-6.199,58.363]]],[[[-6.145,57.505],[-6.247,57.651],[-6.617,57.563],[-6.761,57.442],[-6.675,57.363],[-6.442,57.327],[-6.323,57.202],[-6.034,57.201],[-5.949,57.045],[-5.669,57.227],[-6.136,57.314],[-6.145,57.505]]],[[[-7.206,57.683],[-7.499,57.636],[-7.321,57.534],[-7.183,57.533],[-7.093,57.627],[-7.206,57.683]]],[[[-7.25,57.115],[-7.267,57.372],[-7.411,57.381],[-7.381,57.131],[-7.25,57.115]]],[[[-6.218,54.089],[-6.019,54.051],[-5.826,54.236],[-5.607,54.273],[-5.646,54.478],[-5.47,54.5],[-5.717,54.817],[-5.986,55.03],[-6.129,55.217],[-6.475,55.241],[-6.699,55.193],[-6.947,55.183],[-7.101,55.048],[-7.219,55.092],[-7.377,55.028],[-7.55,54.768],[-7.886,54.666],[-7.794,54.571],[-8.044,54.512],[-8.118,54.414],[-7.884,54.284],[-7.855,54.215],[-7.607,54.144],[-7.355,54.121],[-7.155,54.24],[-7.203,54.302],[-7.05,54.408],[-6.936,54.374],[-6.767,54.196],[-6.647,54.163],[-6.65,54.059],[-6.218,54.089]]],[[[-1.066,50.69],[-1.313,50.773],[-1.515,50.67],[-1.306,50.589],[-1.196,50.599],[-1.066,50.69]]]]},"properties":{"id":"GBR"}},
{"type":"Feature","geometry":{"type":"MultiPolygon","coordinates":[[[[56.298,25.651],[56.145,25.691],[56.167,26.047],[56.08,26.063],[56.025,25.916],[55.941,25.794],[55.523,25.498],[55.322,25.3],[55.304,25.237],[55.098,25.042],[54.747,24.81],[54.624,24.621],[54.535,24.531],[54.397,24.278],[53.893,24.077],[53.802,24.069],[53.33,24.098],[53.026,24.147],[52.648,24.155],[52.251,23.995],[52.119,23.971],[51.906,23.985],[51.792,24.075],[51.768,24.254],[51.568,24.286],[51.593,24.079],[51.904,23.708],[52.555,22.933],[53.832,22.777],[55.104,22.621],[55.186,22.704],[55.2,23.035],[55.508,23.725],[55.532,23.819],[55.468,23.941],[55.548,23.991],[55.779,24.017],[55.985,24.063],[55.929,24.215],[55.761,24.243],[55.806,24.35],[55.768,24.491],[55.804,24.636],[55.796,24.868],[55.916,24.972],[56.064,24.739],[56.268,24.867],[56.388,24.979],[56.373,25.018],[56.363,25.569],[56.298,25.651]]],[[[53.928,24.177],[53.834,24.259],[53.69,24.211],[53.799,24.136],[53.928,24.177]]]]},"properties":{"id":"ARE"}},
{"type":"Feature","geometry":{"type":"Polygon","coordinates":[[[38.214,47.091],[38.201,47.175],[38.281,47.277],[38.201,47.321],[38.287,47.559],[38.511,47.622],[38.719,47.714],[38.9,47.855],[39.391,47.834],[39.736,47.845],[39.885,48.168],[39.961,48.238],[39.836,48.543],[39.645,48.591],[39.705,48.739],[39.793,48.808],[39.687,49.008],[39.89,49.064],[40.07,49.2],[40.126,49.369],[40.058,49.432],[40.095,49.543],[40.031,49.597],[39.781,49.572],[39.463,49.728],[39.303,49.742],[39.175,49.856],[38.918,49.825],[38.648,49.953],[38.451,49.964],[38.259,50.052],[38.163,49.955],[38.047,49.92],[37.704,50.109],[37.582,50.292],[37.423,50.411],[36.759,50.292],[36.619,50.209],[36.5,50.28],[36.306,50.28],[36.116,50.409],[35.89,50.437],[35.674,50.346],[35.412,50.54],[35.44,50.728],[35.383,50.799],[35.312,51.044],[35.158,51.061],[35.064,51.203],[34.712,51.172],[34.491,51.237],[34.234,51.244],[34.281,51.312],[34.207,51.42],[34.201,51.554],[34.121,51.679],[34.379,51.717],[34.398,51.78],[34.113,51.98],[33.922,52.251],[33.735,52.345],[33.148,52.34],[32.9,52.256],[32.508,52.309],[32.363,52.272],[32.283,52.114],[32.122,52.051],[31.974,52.047],[31.763,52.101],[31.346,52.105],[31.218,52.05],[30.981,52.046],[30.667,51.814],[30.533,51.596],[30.633,51.355],[30.545,51.265],[30.333,51.326],[30.309,51.4],[30.161,51.478],[29.553,51.435],[29.346,51.383],[29.136,51.617],[28.648,51.457],[28.599,51.543],[28.184,51.608],[28.011,51.56],[27.859,51.592],[27.27,51.614],[27.142,51.752],[26.953,51.754],[26.453,51.813],[25.925,51.914],[25.267,51.938],[24.362,51.868],[24.127,51.665],[23.951,51.585],[23.707,51.641],[23.605,51.518],[23.68,51.395],[23.664,51.31],[23.863,51.126],[23.938,50.993],[24.106,50.845],[23.978,50.786],[24.095,50.617],[24.09,50.53],[23.973,50.41],[23.712,50.377],[23.036,49.899],[22.649,49.539],[22.732,49.295],[22.706,49.171],[22.847,49.081],[22.81,49.021],[22.539,49.073],[22.389,48.873],[22.295,48.686],[22.143,48.569],[22.132,48.405],[22.254,48.407],[22.35,48.256],[22.52,48.205],[22.582,48.134],[22.769,48.11],[22.877,47.947],[23.203,48.085],[23.408,47.99],[23.629,47.996],[24.178,47.906],[24.484,47.947],[24.579,47.931],[24.893,47.718],[25.074,47.746],[25.17,47.823],[25.464,47.911],[26.163,47.993],[26.306,48.204],[26.619,48.26],[26.847,48.387],[27.229,48.371],[27.549,48.478],[27.82,48.416],[28.038,48.321],[28.088,48.257],[28.291,48.239],[28.327,48.161],[28.774,48.12],[28.866,47.996],[28.973,47.933],[29.093,47.975],[29.195,47.882],[29.211,47.732],[29.123,47.53],[29.16,47.456],[29.549,47.247],[29.515,47.091],[29.572,46.964],[29.878,46.829],[29.942,46.724],[29.924,46.539],[30.131,46.423],[30.076,46.378],[29.838,46.351],[29.752,46.438],[29.615,46.399],[29.305,46.467],[29.146,46.527],[28.927,46.424],[29.006,46.176],[28.948,46.05],[28.739,45.937],[28.729,45.852],[28.492,45.666],[28.471,45.507],[28.213,45.45],[28.318,45.347],[28.451,45.292],[28.761,45.234],[29.224,45.403],[29.404,45.42],[29.568,45.371],[29.706,45.26],[29.727,45.343],[29.602,45.683],[29.685,45.755],[29.821,45.732],[30.219,45.867],[30.512,46.105],[30.722,46.366],[30.796,46.552],[31.137,46.624],[31.32,46.613],[31.532,46.665],[31.78,46.632],[31.974,46.709],[32.127,46.597],[32.354,46.565],[32.361,46.475],[31.878,46.522],[32.008,46.43],[32.036,46.261],[32.477,46.084],[32.797,46.131],[32.942,46.124],[33.202,46.176],[33.43,46.058],[33.594,46.096],[33.66,46.22],[33.807,46.208],[34.027,46.107],[34.354,46.062],[34.45,45.966],[34.687,45.977],[34.794,45.892],[34.8,45.791],[35.002,45.733],[34.857,45.987],[34.85,46.19],[35.064,46.267],[35.23,46.441],[35.4,46.381],[35.827,46.624],[36.025,46.667],[36.279,46.659],[36.432,46.733],[36.689,46.764],[36.795,46.714],[36.932,46.825],[37.219,46.917],[37.34,46.917],[37.543,47.075],[37.829,47.096],[38.214,47.091]]]},"properties":{"id":"UKR"}},
{"type":"Feature","geometry":{"type":"Polygon","coordinates":[[[33.903,-1.002],[33.9,-0.832],[33.924,-0.398],[33.921,-0.017],[33.943,0.174],[34.037,0.295],[34.161,0.605],[34.273,0.686],[34.411,0.867],[34.482,1.042],[34.649,1.185],[34.788,1.231],[34.784,1.381],[34.965,1.643],[34.978,1.862],[34.964,2.062],[34.883,2.418],[34.906,2.48],[34.814,2.62],[34.742,2.818],[34.589,2.925],[34.523,3.12],[34.448,3.163],[34.399,3.413],[34.442,3.606],[34.393,3.692],[34.267,3.733],[34.165,3.813],[33.976,4.22],[33.568,3.812],[33.489,3.755],[33.154,3.775],[32.997,3.88],[32.838,3.798],[32.336,3.706],[32.099,3.529],[31.942,3.608],[31.798,3.803],[31.629,3.701],[31.48,3.68],[31.222,3.786],[31.152,3.786],[30.929,3.634],[30.839,3.491],[30.906,3.409],[30.828,3.283],[30.754,3.042],[30.821,2.968],[30.847,2.847],[30.77,2.678],[30.729,2.455],[30.83,2.4],[30.962,2.403],[31.082,2.288],[31.176,2.27],[31.274,2.146],[31.253,2.045],[30.943,1.683],[30.478,1.239],[30.321,1.185],[30.24,1.103],[30.183,0.973],[30.047,0.864],[29.943,0.819],[29.924,0.674],[29.934,0.499],[29.778,0.166],[29.718,0.098],[29.633,-0.442],[29.648,-0.535],[29.562,-0.977],[29.577,-1.388],[29.825,-1.336],[29.882,-1.452],[29.991,-1.447],[30.102,-1.369],[30.36,-1.075],[30.51,-1.067],[30.673,-1.051],[30.845,-1.002],[32.016,-1.002],[33.083,-1.002],[33.903,-1.002]]]},"properties":{"id":"UGA"}},
{"type":"Feature","geometry":{"type":"Polygon","coordinates":[[[55.977,41.322],[55.545,41.263],[55.434,41.296],[55.25,41.458],[54.952,41.81],[54.904,41.919],[54.678,42.078],[54.272,42.28],[54.121,42.335],[53.685,42.297],[53.25,42.206],[52.871,42.061],[52.494,41.78],[52.609,41.529],[52.747,41.365],[52.83,41.342],[52.883,41.653],[52.815,41.712],[52.97,41.976],[53.164,42.094],[53.285,42.082],[53.625,42.136],[53.846,42.091],[54.095,41.519],[54.285,41.364],[54.592,41.194],[54.704,41.071],[54.71,40.891],[54.547,40.832],[54.374,40.871],[54.319,40.835],[54.377,40.693],[54.193,40.72],[53.87,40.649],[53.764,40.666],[53.615,40.819],[53.52,40.831],[53.333,40.783],[53.145,40.825],[52.943,41.038],[52.85,40.686],[52.734,40.399],[52.744,40.22],[52.805,40.054],[52.898,39.913],[52.988,39.988],[53.404,39.96],[53.487,39.909],[53.45,39.749],[53.472,39.669],[53.603,39.547],[53.39,39.536],[53.236,39.609],[53.125,39.432],[53.203,39.317],[53.336,39.341],[53.475,39.306],[53.618,39.216],[53.705,39.21],[53.724,39.103],[53.869,38.949],[53.885,38.864],[53.84,38.515],[53.854,38.286],[53.824,37.928],[53.848,37.67],[53.914,37.344],[54.192,37.332],[54.3,37.354],[54.745,37.502],[54.849,37.723],[55.076,37.902],[55.381,38.051],[55.578,38.1],[56.229,38.073],[56.324,38.191],[56.441,38.249],[56.775,38.25],[56.907,38.213],[57.194,38.216],[57.331,38.089],[57.336,37.99],[57.424,37.948],[57.711,37.905],[58.109,37.783],[58.262,37.666],[58.436,37.639],[58.55,37.688],[58.65,37.652],[58.815,37.683],[59.241,37.521],[59.345,37.445],[59.367,37.334],[59.562,37.179],[59.949,37.042],[60.063,36.963],[60.341,36.638],[61.12,36.643],[61.17,36.572],[61.16,36.433],[61.212,36.099],[61.153,35.977],[61.252,35.868],[61.262,35.62],[61.345,35.629],[61.543,35.458],[61.72,35.419],[61.984,35.444],[62.253,35.25],[62.308,35.171],[62.463,35.251],[62.611,35.233],[62.723,35.271],[63.057,35.446],[63.084,35.568],[63.17,35.678],[63.109,35.819],[63.302,35.858],[63.863,36.012],[64.01,36.012],[64.092,36.113],[64.358,36.226],[64.511,36.341],[64.603,36.555],[64.816,37.132],[65.09,37.238],[65.555,37.251],[65.641,37.468],[65.765,37.569],[66.108,37.415],[66.522,37.348],[66.526,37.786],[66.629,37.932],[66.575,38.011],[66.39,38.051],[66.173,38.167],[65.857,38.269],[65.729,38.226],[65.613,38.239],[65.077,38.539],[64.66,38.736],[64.31,38.977],[64.163,38.954],[63.721,39.188],[63.506,39.377],[62.651,39.858],[62.442,40.036],[62.375,40.332],[62.298,40.467],[62.188,40.541],[62.095,40.683],[61.954,41.031],[61.8,41.163],[61.497,41.276],[61.329,41.195],[60.755,41.246],[60.455,41.222],[60.09,41.399],[60.069,41.476],[60.138,41.594],[60.076,41.701],[60.107,41.907],[59.963,41.954],[60.006,42.191],[59.858,42.295],[59.451,42.3],[59.277,42.356],[59.123,42.524],[58.877,42.561],[58.589,42.778],[58.477,42.663],[58.26,42.688],[58.152,42.628],[58.289,42.527],[58.234,42.448],[58.029,42.488],[57.814,42.19],[57.686,42.165],[57.382,42.156],[57.229,42.084],[57.114,41.957],[56.964,41.857],[57.018,41.451],[57.119,41.35],[57.018,41.263],[56.774,41.288],[55.977,41.322]]]},"properties":{"id":"TKM"}},
{"type":"Feature","geometry":{"type":"MultiPolygon","coordinates":[[[[25.97,40.136],[25.918,40.238],[25.741,40.196],[25.74,40.105],[25.97,40.136]]],[[[41.51,41.517],[41.414,41.424],[40.959,41.212],[40.82,41.19],[40.688,41.107],[40.265,40.961],[40.128,40.943],[39.808,40.983],[39.426,41.106],[38.852,41.018],[38.557,40.937],[38.381,40.925],[37.91,41.002],[37.766,41.079],[37.431,41.114],[37.066,41.184],[36.992,41.275],[36.778,41.363],[36.647,41.353],[36.51,41.263],[36.278,41.336],[36.179,41.427],[36.052,41.683],[35.92,41.714],[35.558,41.634],[35.298,41.729],[35.122,41.891],[35.155,42.028],[35.006,42.063],[34.75,41.957],[34.193,41.964],[33.381,42.018],[32.947,41.892],[32.542,41.806],[32.306,41.73],[32.086,41.589],[31.458,41.32],[31.347,41.158],[31.255,41.108],[30.81,41.085],[30.345,41.197],[29.919,41.151],[29.322,41.228],[29.148,41.221],[29.094,41.177],[29.046,41.008],[29.114,40.938],[29.365,40.809],[29.801,40.76],[29.508,40.708],[28.958,40.631],[28.788,40.534],[29.055,40.424],[29.007,40.39],[28.63,40.376],[28.289,40.403],[27.963,40.37],[27.99,40.489],[27.875,40.513],[27.732,40.481],[27.849,40.382],[27.728,40.329],[27.476,40.32],[27.333,40.376],[27.285,40.456],[27.122,40.452],[27.012,40.396],[26.738,40.4],[26.475,40.197],[26.313,40.025],[26.181,39.99],[26.15,39.873],[26.155,39.657],[26.113,39.467],[26.351,39.484],[26.484,39.521],[26.827,39.563],[26.911,39.517],[26.682,39.292],[26.854,39.116],[26.815,38.961],[27.014,38.887],[26.909,38.776],[26.764,38.71],[26.907,38.482],[27.099,38.416],[26.861,38.373],[26.595,38.419],[26.587,38.557],[26.514,38.629],[26.378,38.624],[26.43,38.441],[26.291,38.277],[26.582,38.149],[26.683,38.198],[26.944,38.063],[27.232,37.979],[27.255,37.882],[27.224,37.725],[27.078,37.688],[27.204,37.491],[27.219,37.389],[27.52,37.249],[27.535,37.164],[27.25,37.079],[27.349,37.02],[27.668,37.007],[28.134,37.029],[28.224,36.996],[27.934,36.809],[27.631,36.787],[27.656,36.675],[27.804,36.736],[28.084,36.751],[28.196,36.686],[28.304,36.812],[28.484,36.804],[28.718,36.701],[28.896,36.674],[29.038,36.693],[29.143,36.397],[29.348,36.259],[29.689,36.157],[30.083,36.249],[30.232,36.307],[30.387,36.243],[30.484,36.31],[30.558,36.526],[30.582,36.797],[30.644,36.866],[30.95,36.849],[31.353,36.801],[31.778,36.613],[32.022,36.535],[32.131,36.449],[32.378,36.184],[32.534,36.101],[32.795,36.036],[32.929,36.096],[33.1,36.103],[33.695,36.182],[34.023,36.341],[34.3,36.604],[34.601,36.784],[34.811,36.799],[35.176,36.635],[35.393,36.575],[35.537,36.597],[35.661,36.724],[36.049,36.911],[36.18,36.807],[36.188,36.659],[35.883,36.406],[35.811,36.31],[35.957,35.998],[35.893,35.917],[36.127,35.831],[36.202,35.938],[36.348,36.004],[36.375,36.171],[36.641,36.264],[36.538,36.457],[36.597,36.701],[36.659,36.803],[36.942,36.758],[37.066,36.653],[37.436,36.643],[37.907,36.795],[38.192,36.902],[38.444,36.862],[38.689,36.715],[38.767,36.693],[39.357,36.682],[39.687,36.739],[40.016,36.826],[40.45,37.009],[40.706,37.098],[40.959,37.109],[41.265,37.069],[41.516,37.089],[41.887,37.156],[42.06,37.206],[42.168,37.289],[42.269,37.277],[42.359,37.109],[42.456,37.129],[42.775,37.372],[42.937,37.325],[43.092,37.367],[43.516,37.245],[43.836,37.224],[44.013,37.314],[44.114,37.302],[44.208,37.203],[44.202,37.052],[44.282,36.978],[44.606,37.176],[44.765,37.142],[44.794,37.29],[44.574,37.435],[44.561,37.745],[44.336,37.872],[44.211,37.908],[44.329,38.109],[44.431,38.357],[44.291,38.42],[44.298,38.558],[44.257,38.701],[44.272,38.836],[44.145,38.994],[44.178,39.145],[44.079,39.218],[44.023,39.377],[44.389,39.422],[44.456,39.667],[44.587,39.769],[44.817,39.65],[44.768,39.704],[44.56,39.888],[44.289,40.04],[44.005,40.014],[43.792,40.07],[43.71,40.167],[43.569,40.482],[43.668,40.574],[43.723,40.72],[43.632,40.929],[43.439,41.107],[43.359,41.19],[43.205,41.199],[43.149,41.307],[42.788,41.564],[42.567,41.559],[42.466,41.44],[42.211,41.487],[41.926,41.496],[41.824,41.432],[41.51,41.517]]],[[[28.014,41.969],[27.879,41.987],[27.535,41.921],[27.295,42.08],[27.012,42.059],[26.885,41.992],[26.615,41.965],[26.511,41.826],[26.36,41.802],[26.321,41.717],[26.581,41.601],[26.625,41.402],[26.331,41.239],[26.331,40.954],[26.109,40.75],[26.039,40.727],[26.105,40.611],[26.361,40.606],[26.792,40.627],[26.72,40.544],[26.447,40.445],[26.254,40.315],[26.26,40.202],[26.33,40.123],[26.468,40.261],[26.772,40.498],[26.975,40.564],[27.258,40.687],[27.43,40.84],[27.499,40.973],[27.747,41.013],[27.925,40.991],[28.172,41.081],[28.295,41.071],[28.78,40.974],[28.956,41.008],[29.057,41.23],[28.947,41.248],[28.346,41.466],[28.198,41.554],[28.05,41.729],[27.987,41.855],[28.014,41.969]]]]},"properties":{"id":"TUR"}},
{"type":"Feature","geometry":{"type":"MultiPolygon","coordinates":[[[[11.505,33.182],[11.203,33.249],[11.085,33.563],[10.958,33.626],[10.898,33.534],[10.723,33.514],[10.713,33.689],[10.454,33.663],[10.305,33.728],[10.159,33.85],[10.049,34.056],[10.065,34.212],[10.2,34.346],[10.535,34.545],[10.691,34.678],[10.866,34.884],[10.956,35.034],[11.12,35.24],[11.043,35.335],[11.004,35.634],[10.591,35.887],[10.506,36.032],[10.477,36.175],[10.526,36.323],[10.642,36.42],[10.798,36.493],[10.967,36.743],[11.127,36.874],[11.054,37.073],[10.951,37.059],[10.766,36.93],[10.571,36.879],[10.412,36.732],[10.293,36.781],[10.334,36.865],[10.189,37.034],[10.196,37.206],[10.087,37.251],[9.876,37.254],[9.838,37.309],[9.688,37.34],[9.142,37.195],[8.824,36.998],[8.577,36.937],[8.601,36.834],[8.444,36.761],[8.37,36.633],[8.231,36.545],[8.349,36.368],[8.246,35.871],[8.318,35.655],[8.316,35.403],[8.394,35.204],[8.277,34.979],[8.246,34.734],[8.123,34.564],[7.838,34.41],[7.749,34.254],[7.514,34.081],[7.5,33.832],[7.763,33.233],[8.076,33.089],[8.211,32.927],[8.304,32.696],[8.333,32.544],[8.683,32.31],[9.019,32.105],[9.044,32.072],[9.363,30.833],[9.519,30.229],[9.895,30.387],[10.216,30.783],[10.256,30.865],[10.243,31.032],[10.115,31.464],[10.306,31.705],[10.476,31.736],[10.609,31.93],[10.826,32.081],[11.505,32.414],[11.534,32.525],[11.454,32.643],[11.467,32.966],[11.505,33.182]]],[[[10.958,33.722],[11.038,33.785],[10.922,33.893],[10.745,33.889],[10.722,33.739],[10.857,33.687],[10.958,33.722]]]]},"properties":{"id":"TUN"}},
{"type":"Feature","geometry":{"type":"MultiPolygon","coordinates":[[[[-60.756,11.179],[-60.546,11.264],[-60.563,11.324],[-60.709,11.277],[-60.756,11.179]]],[[[-61.012,10.134],[-60.968,10.323],[-61.037,10.482],[-61.034,10.67],[-60.918,10.84],[-61.174,10.803],[-61.37,10.797],[-61.592,10.748],[-61.499,10.639],[-61.465,10.539],[-61.499,10.269],[-61.633,10.243],[-61.772,10.085],[-61.597,10.065],[-61.174,10.078],[-61.012,10.134]]]]},"properties":{"id":"TTO"}},
{"type":"Feature","geometry":{"type":"Polygon","coordinates":[[[-175.162,-21.169],[-175.225,-21.119],[-175.335,-21.158],[-175.157,-21.264],[-175.162,-21.169]]]},"properties":{"id":"TON"}},
{"type":"Feature","geometry":{"type":"Polygon","coordinates":[[[0.9,10.993],[0.484,10.992],[-0.069,11.116],[0.009,11.021],[-0.014,10.891],[-0.09,10.716],[-0.058,10.631],[0.332,10.307],[0.363,10.236],[0.352,9.925],[0.324,9.688],[0.27,9.668],[0.262,9.496],[0.448,9.48],[0.529,9.358],[0.466,9.115],[0.489,8.851],[0.373,8.759],[0.415,8.653],[0.616,8.48],[0.688,8.304],[0.584,8.146],[0.605,7.728],[0.5,7.547],[0.51,7.435],[0.635,7.354],[0.579,7.004],[0.526,6.851],[0.596,6.742],[0.737,6.453],[0.912,6.329],[0.985,6.32],[1.084,6.174],[1.187,6.089],[1.311,6.147],[1.623,6.217],[1.778,6.295],[1.743,6.426],[1.578,6.687],[1.582,6.877],[1.531,6.992],[1.625,6.997],[1.625,8.271],[1.607,8.559],[1.6,9.05],[1.566,9.137],[1.424,9.285],[1.386,9.362],[1.347,9.568],[1.33,9.997],[0.78,10.36],[0.763,10.387],[0.788,10.71],[0.9,10.993]]]},"properties":{"id":"TGO"}},
{"type":"Feature","geometry":{"type":"MultiPolygon","coordinates":[[[[125.646,-8.14],[125.507,-8.275],[125.579,-8.312],[125.646,-8.14]]],[[[125.068,-9.512],[125.408,-9.276],[125.84,-9.13],[125.946,-9.124],[126.164,-8.997],[126.383,-8.958],[126.487,-8.913],[126.665,-8.782],[126.915,-8.715],[127.115,-8.584],[127.296,-8.425],[127.215,-8.373],[126.966,-8.316],[126.62,-8.459],[126.173,-8.489],[125.804,-8.492],[125.382,-8.575],[125.178,-8.648],[125.027,-8.859],[124.922,-8.942],[124.973,-9.064],[125.1,-9.004],[125.149,-9.123],[125.1,-9.19],[124.978,-9.195],[124.968,-9.294],[125.034,-9.382],[125.068,-9.512]]],[[[124.036,-9.342],[124.09,-9.416],[124.282,-9.428],[124.413,-9.314],[124.444,-9.19],[124.198,-9.256],[124.036,-9.342]]]]},"properties":{"id":"TLS"}},
{"type":"Feature","geometry":{"type":"MultiPolygon","coordinates":[[[[102.427,11.989],[102.319,12.142],[102.302,11.981],[102.427,11.989]]],[[[98.409,7.902],[98.435,8.086],[98.301,8.136],[98.262,7.926],[98.296,7.776],[98.409,7.902]]],[[[100.122,20.317],[99.89,20.424],[99.773,20.341],[99.639,20.32],[99.459,20.363],[99.502,20.188],[99.452,20.118],[99.338,20.079],[99.197,20.115],[99.074,20.099],[99.021,20.042],[98.987,19.861],[98.917,19.773],[98.761,19.771],[98.494,19.701],[98.239,19.691],[98.111,19.762],[98.015,19.75],[97.991,19.654],[97.817,19.46],[97.794,19.266],[97.804,19.13],[97.706,18.932],[97.754,18.621],[97.728,18.572],[97.485,18.494],[97.381,18.494],[97.451,18.36],[97.599,18.303],[97.72,18.037],[97.74,17.935],[97.699,17.834],[97.793,17.681],[98.257,17.148],[98.439,16.976],[98.478,16.732],[98.689,16.305],[98.835,16.418],[98.888,16.352],[98.818,16.181],[98.592,16.051],[98.558,15.769],[98.565,15.404],[98.452,15.357],[98.191,15.204],[98.202,14.976],[98.246,14.815],[98.57,14.36],[98.934,14.05],[99.015,13.947],[99.137,13.717],[99.172,13.497],[99.176,13.233],[99.107,13.104],[99.174,12.961],[99.22,12.74],[99.405,12.548],[99.394,12.474],[99.463,12.19],[99.523,12.09],[99.615,11.781],[99.573,11.687],[99.478,11.613],[99.19,11.105],[99.025,10.92],[98.787,10.708],[98.757,10.661],[98.768,10.431],[98.703,10.19],[98.562,9.838],[98.493,9.561],[98.443,9.493],[98.371,9.291],[98.326,8.969],[98.242,8.768],[98.238,8.423],[98.305,8.226],[98.421,8.178],[98.5,8.318],[98.579,8.344],[98.704,8.257],[98.789,8.06],[98.974,7.963],[99.051,7.888],[99.043,7.766],[99.183,7.718],[99.3,7.561],[99.359,7.372],[99.529,7.329],[99.602,7.155],[99.72,7.106],[99.696,6.877],[99.869,6.75],[100.119,6.442],[100.177,6.672],[100.261,6.683],[100.345,6.55],[100.629,6.448],[100.716,6.481],[100.794,6.426],[100.874,6.245],[101.054,6.243],[101.076,5.956],[100.982,5.771],[101.114,5.637],[101.191,5.669],[101.257,5.789],[101.556,5.908],[101.65,5.796],[101.791,5.779],[101.874,5.825],[101.936,5.979],[102.055,6.097],[102.101,6.242],[101.799,6.475],[101.614,6.754],[101.498,6.865],[101.302,6.908],[101.018,6.861],[100.793,6.995],[100.586,7.176],[100.424,7.188],[100.205,7.501],[100.161,7.599],[100.158,7.728],[100.257,7.775],[100.317,7.716],[100.284,7.552],[100.38,7.542],[100.439,7.281],[100.545,7.227],[100.454,7.442],[100.279,8.269],[100.229,8.425],[100.129,8.428],[99.99,8.589],[99.961,8.671],[99.905,9.113],[99.836,9.288],[99.724,9.314],[99.394,9.214],[99.254,9.265],[99.288,9.415],[99.161,9.734],[99.195,10.175],[99.165,10.32],[99.237,10.388],[99.285,10.569],[99.487,10.89],[99.514,11.101],[99.627,11.463],[99.725,11.662],[99.799,11.749],[99.837,11.937],[99.93,12.047],[99.989,12.171],[100.006,12.355],[99.964,12.69],[100.09,13.046],[99.991,13.243],[100.017,13.353],[100.122,13.44],[100.236,13.484],[100.656,13.521],[100.963,13.432],[100.926,13.303],[100.946,13.187],[100.904,13.035],[100.896,12.818],[100.863,12.715],[100.954,12.621],[101.09,12.674],[101.445,12.619],[101.724,12.689],[102.034,12.532],[102.23,12.332],[102.54,12.109],[102.594,12.203],[102.763,12.012],[102.792,11.889],[102.934,11.707],[102.737,12.09],[102.706,12.256],[102.756,12.426],[102.63,12.57],[102.5,12.67],[102.462,13.015],[102.331,13.288],[102.32,13.54],[102.547,13.586],[102.545,13.66],[102.729,13.842],[102.909,14.137],[103.031,14.253],[103.199,14.333],[103.6,14.421],[103.818,14.362],[104.054,14.363],[104.228,14.396],[104.412,14.37],[104.779,14.428],[104.97,14.366],[104.982,14.289],[105.074,14.227],[105.183,14.346],[105.342,14.417],[105.476,14.53],[105.547,14.932],[105.49,15.128],[105.513,15.361],[105.616,15.488],[105.622,15.7],[105.462,15.78],[105.373,15.89],[105.406,15.987],[105.149,16.094],[105.047,16.16],[104.95,16.34],[104.819,16.466],[104.751,16.648],[104.744,16.884],[104.759,17.077],[104.816,17.3],[104.74,17.462],[104.656,17.547],[104.428,17.699],[104.196,17.988],[104.049,18.217],[103.95,18.319],[103.792,18.317],[103.63,18.383],[103.367,18.423],[103.252,18.373],[103.263,18.278],[103.149,18.222],[103.051,18.029],[102.718,17.892],[102.661,17.818],[102.553,17.965],[102.352,18.046],[102.232,18.149],[102.101,18.211],[101.947,18.081],[101.775,18.033],[101.688,17.889],[101.414,17.719],[101.167,17.499],[101.105,17.48],[100.908,17.584],[101.113,18.034],[101.144,18.143],[101.138,18.287],[101.051,18.407],[101.06,18.479],[101.166,18.618],[101.286,18.977],[101.28,19.089],[101.198,19.328],[101.221,19.487],[101.155,19.579],[100.967,19.611],[100.744,19.515],[100.625,19.5],[100.514,19.553],[100.42,19.644],[100.398,19.756],[100.543,20.089],[100.52,20.178],[100.432,20.241],[100.318,20.386],[100.122,20.317]]],[[[100.071,9.586],[99.954,9.581],[99.931,9.476],[100.054,9.461],[100.071,9.586]]]]},"properties":{"id":"THA"}},
{"type":"Feature","geometry":{"type":"MultiPolygon","coordinates":[[[[39.496,-6.175],[39.433,-6.115],[39.368,-5.951],[39.357,-5.812],[39.192,-5.931],[39.182,-6.173],[39.243,-6.275],[39.424,-6.348],[39.481,-6.454],[39.573,-6.387],[39.496,-6.175]]],[[[39.865,-4.906],[39.781,-4.945],[39.673,-4.927],[39.701,-5.114],[39.647,-5.369],[39.749,-5.444],[39.853,-5.255],[39.865,-4.906]]],[[[32.92,-9.407],[32.974,-9.395],[33.13,-9.496],[33.331,-9.519],[33.421,-9.608],[33.698,-9.598],[33.944,-9.672],[33.996,-9.495],[34.089,-9.538],[34.321,-9.732],[34.524,-10.03],[34.57,-10.241],[34.584,-10.525],[34.662,-10.71],[34.652,-10.873],[34.598,-11.037],[34.774,-11.342],[34.851,-11.352],[34.937,-11.463],[34.959,-11.578],[35.631,-11.582],[35.785,-11.453],[35.911,-11.455],[36.082,-11.537],[36.191,-11.671],[36.306,-11.706],[36.519,-11.716],[36.674,-11.684],[36.771,-11.61],[36.979,-11.567],[37.218,-11.687],[37.373,-11.71],[37.542,-11.675],[37.725,-11.581],[37.829,-11.482],[37.92,-11.295],[38.177,-11.279],[38.315,-11.311],[38.492,-11.413],[38.795,-11.229],[38.988,-11.167],[39.171,-11.167],[39.322,-11.123],[39.563,-10.979],[39.817,-10.912],[39.989,-10.821],[40.464,-10.464],[40.389,-10.354],[40.084,-10.157],[39.984,-10.16],[39.864,-10.022],[39.725,-10],[39.784,-9.915],[39.697,-9.578],[39.625,-9.409],[39.641,-9.192],[39.451,-8.943],[39.488,-8.862],[39.377,-8.721],[39.304,-8.444],[39.34,-8.243],[39.441,-8.012],[39.428,-7.813],[39.33,-7.747],[39.288,-7.518],[39.353,-7.341],[39.433,-7.207],[39.519,-7.124],[39.546,-7.024],[39.472,-6.879],[39.287,-6.815],[39.228,-6.685],[39.067,-6.499],[38.981,-6.455],[38.874,-6.331],[38.805,-6.07],[38.819,-5.878],[38.911,-5.626],[38.978,-5.519],[39.119,-5.065],[39.123,-4.98],[39.222,-4.692],[39.19,-4.677],[38.348,-4.071],[37.797,-3.674],[37.726,-3.56],[37.609,-3.46],[37.688,-3.246],[37.644,-3.045],[36.903,-2.632],[35.837,-2.037],[34.984,-1.561],[33.979,-1.002],[33.903,-1.002],[33.083,-1.002],[32.016,-1.002],[30.845,-1.002],[30.673,-1.051],[30.51,-1.067],[30.47,-1.131],[30.632,-1.367],[30.711,-1.397],[30.813,-1.563],[30.828,-1.694],[30.819,-1.967],[30.877,-2.143],[30.829,-2.338],[30.554,-2.4],[30.424,-2.642],[30.473,-2.694],[30.424,-2.824],[30.515,-2.918],[30.78,-2.985],[30.811,-3.116],[30.79,-3.275],[30.682,-3.309],[30.632,-3.419],[30.425,-3.589],[30.379,-3.731],[30.269,-3.85],[30.147,-4.085],[29.947,-4.307],[29.718,-4.456],[29.403,-4.449],[29.326,-4.836],[29.343,-4.983],[29.476,-5.317],[29.594,-5.651],[29.596,-5.776],[29.48,-6.025],[29.541,-6.314],[29.71,-6.617],[30.106,-6.915],[30.213,-7.038],[30.313,-7.204],[30.407,-7.461],[30.721,-8.104],[30.751,-8.194],[30.831,-8.386],[30.968,-8.551],[31.076,-8.612],[31.351,-8.607],[31.535,-8.713],[31.556,-8.805],[31.674,-8.909],[31.818,-8.902],[31.919,-8.942],[31.943,-9.054],[32.13,-9.073],[32.221,-9.126],[32.433,-9.156],[32.487,-9.213],[32.757,-9.322],[32.92,-9.407]]],[[[39.711,-7.977],[39.824,-7.901],[39.847,-7.73],[39.603,-7.936],[39.711,-7.977]]]]},"properties":{"id":"TZA"}},
{"type":"Feature","geometry":{"type":"Polygon","coordinates":[[[67.759,37.172],[67.834,37.064],[67.958,36.972],[68.068,36.95],[68.387,37.138],[68.546,37.183],[68.669,37.258],[68.782,37.258],[68.96,37.325],[69.265,37.108],[69.414,37.208],[69.399,37.399],[69.492,37.553],[69.626,37.594],[69.941,37.6],[70.045,37.547],[70.189,37.582],[70.251,37.664],[70.215,37.924],[70.418,38.075],[70.616,38.334],[70.736,38.423],[70.879,38.456],[71.052,38.418],[71.256,38.307],[71.333,38.17],[71.279,37.918],[71.552,37.933],[71.58,37.864],[71.505,37.603],[71.433,37.128],[71.531,36.845],[71.597,36.733],[71.802,36.694],[72.154,36.901],[72.359,36.983],[72.657,37.029],[72.757,37.173],[72.896,37.268],[73.211,37.408],[73.481,37.472],[73.721,37.419],[73.75,37.232],[74.167,37.329],[74.26,37.415],[74.524,37.382],[74.659,37.394],[74.891,37.232],[75.119,37.386],[75.097,37.451],[74.894,37.601],[74.938,37.773],[74.891,37.926],[74.79,38.104],[74.772,38.275],[74.836,38.404],[74.745,38.51],[74.514,38.6],[74.277,38.66],[74.131,38.661],[74.026,38.54],[73.802,38.607],[73.696,38.854],[73.796,39.002],[73.607,39.229],[73.632,39.449],[73.47,39.461],[73.235,39.375],[72.872,39.36],[72.64,39.386],[72.358,39.337],[72.23,39.208],[72.043,39.352],[71.806,39.276],[71.726,39.307],[71.732,39.423],[71.546,39.453],[71.517,39.554],[71.404,39.598],[71.273,39.535],[71.065,39.493],[71.005,39.412],[70.733,39.413],[70.608,39.564],[70.392,39.582],[70.245,39.543],[69.599,39.574],[69.298,39.525],[69.229,39.761],[69.307,39.969],[69.432,39.91],[69.53,40.097],[69.967,40.202],[70.451,40.049],[70.515,39.95],[70.624,39.999],[70.644,40.083],[70.946,40.188],[70.958,40.239],[70.653,40.201],[70.534,40.325],[70.398,40.361],[70.383,40.454],[70.712,40.669],[70.751,40.74],[70.442,41.023],[70.373,41.028],[70.292,40.892],[69.713,40.657],[69.414,40.797],[69.309,40.724],[69.314,40.635],[69.206,40.567],[69.304,40.327],[69.22,40.288],[69.228,40.188],[68.952,40.223],[68.653,40.183],[68.64,40.129],[68.927,40.136],[68.805,40.05],[68.869,39.907],[68.735,39.836],[68.639,39.839],[68.586,39.635],[68.463,39.537],[68.077,39.564],[67.719,39.621],[67.542,39.558],[67.426,39.466],[67.35,39.242],[67.4,39.197],[67.617,39.15],[67.677,39.008],[67.96,38.993],[68.104,38.962],[68.149,38.891],[68.048,38.669],[68.087,38.474],[68.144,38.383],[68.333,38.238],[68.354,38.17],[68.294,38.033],[68.088,37.835],[67.814,37.487],[67.798,37.245],[67.759,37.172]]]},"properties":{"id":"TJK"}},
{"type":"Feature","geometry":{"type":"Polygon","coordinates":[[[121.009,22.62],[121.161,22.776],[121.296,22.967],[121.397,23.173],[121.477,23.424],[121.639,24.13],[121.737,24.285],[121.828,24.534],[121.82,24.825],[121.929,24.974],[121.853,25.104],[121.687,25.182],[121.594,25.275],[121.45,25.249],[121.365,25.159],[121.041,25.033],[120.902,24.813],[120.63,24.479],[120.159,23.709],[120.125,23.527],[120.143,23.399],[120.072,23.15],[120.15,22.975],[120.233,22.718],[120.326,22.542],[120.581,22.356],[120.678,22.16],[120.69,22.033],[120.743,21.956],[120.84,21.925],[120.897,22.379],[121.009,22.62]]]},"properties":{"id":"TWN"}},
{"type":"Feature","geometry":{"type":"Polygon","coordinates":[[[35.893,35.917],[35.84,35.849],[35.764,35.572],[35.902,35.421],[35.943,35.224],[35.89,35.06],[35.899,34.852],[35.976,34.629],[36.264,34.633],[36.433,34.613],[36.326,34.513],[36.504,34.432],[36.585,34.221],[36.458,34.057],[36.355,34.011],[36.282,33.894],[36.092,33.832],[35.942,33.668],[36.022,33.563],[35.869,33.432],[35.816,33.362],[35.785,33.291],[35.888,32.944],[35.787,32.735],[35.895,32.714],[36.059,32.534],[36.22,32.495],[36.372,32.387],[36.818,32.317],[37.318,32.591],[38.056,32.995],[38.774,33.372],[39.564,33.768],[40.689,34.332],[40.935,34.387],[40.987,34.429],[41.195,34.769],[41.216,35.288],[41.248,35.427],[41.354,35.64],[41.353,35.81],[41.246,36.073],[41.296,36.383],[41.417,36.515],[41.789,36.597],[42.084,36.826],[42.35,37.061],[42.359,37.109],[42.269,37.277],[42.168,37.289],[42.06,37.206],[41.887,37.156],[41.516,37.089],[41.265,37.069],[40.959,37.109],[40.706,37.098],[40.45,37.009],[40.016,36.826],[39.687,36.739],[39.357,36.682],[38.767,36.693],[38.689,36.715],[38.444,36.862],[38.192,36.902],[37.907,36.795],[37.436,36.643],[37.066,36.653],[36.942,36.758],[36.659,36.803],[36.597,36.701],[36.538,36.457],[36.641,36.264],[36.375,36.171],[36.348,36.004],[36.202,35.938],[36.127,35.831],[35.893,35.917]]]},"properties":{"id":"SYR"}},
{"type":"Feature","geometry":{"type":"Polygon","coordinates":[[[9.524,47.524],[9.183,47.671],[8.881,47.656],[8.618,47.766],[8.51,47.767],[8.403,47.688],[8.415,47.59],[8.198,47.607],[7.927,47.564],[7.616,47.593],[7.495,47.547],[7.42,47.455],[7.203,47.433],[7.053,47.489],[6.9,47.394],[7.001,47.323],[6.625,47.004],[6.456,46.948],[6.41,46.755],[6.161,46.611],[6.06,46.428],[6.096,46.279],[5.97,46.215],[6.087,46.147],[6.273,46.252],[6.235,46.333],[6.429,46.431],[6.758,46.416],[6.817,46.275],[6.772,46.165],[7.021,45.926],[7.129,45.88],[7.539,45.978],[7.788,45.922],[7.993,46.016],[8.125,46.161],[8.082,46.256],[8.371,46.445],[8.443,46.403],[8.458,46.246],[8.642,46.111],[8.819,46.077],[8.778,45.996],[8.954,45.83],[9.047,45.876],[9.022,46.051],[9.251,46.287],[9.26,46.475],[9.428,46.482],[9.481,46.349],[9.639,46.296],[9.939,46.362],[10.041,46.238],[10.145,46.254],[10.038,46.483],[10.087,46.6],[10.431,46.55],[10.398,46.665],[10.453,46.865],[10.349,46.985],[10.18,46.862],[9.997,46.885],[9.845,47.007],[9.58,47.057],[9.488,47.062],[9.528,47.271],[9.626,47.467],[9.524,47.524]]]},"properties":{"id":"CHE"}},
{"type":"Feature","geometry":{"type":"MultiPolygon","coordinates":[[[[19.076,57.836],[18.841,57.9],[18.537,57.831],[18.137,57.557],[18.152,57.339],[18.105,57.272],[18.285,57.083],[18.387,57.088],[18.538,57.197],[18.7,57.243],[18.785,57.361],[18.814,57.706],[19.076,57.836]]],[[[16.529,56.291],[16.778,56.805],[17.054,57.208],[17.025,57.345],[16.728,56.902],[16.63,56.877],[16.412,56.569],[16.401,56.311],[16.529,56.291]]],[[[11.388,59.037],[11.196,59.078],[11.147,58.989],[11.208,58.866],[11.272,58.476],[11.432,58.34],[11.449,58.118],[11.549,58.001],[11.703,57.973],[11.735,57.718],[11.879,57.679],[11.962,57.426],[12.053,57.447],[12.152,57.227],[12.421,56.906],[12.573,56.823],[12.718,56.663],[12.884,56.618],[12.857,56.452],[12.656,56.441],[12.802,56.264],[12.593,56.138],[12.835,55.882],[12.942,55.806],[12.978,55.694],[12.941,55.482],[12.886,55.411],[13.321,55.346],[13.806,55.429],[14.174,55.397],[14.342,55.528],[14.203,55.729],[14.215,55.833],[14.402,55.977],[14.559,56.049],[14.755,56.033],[14.782,56.162],[15.327,56.151],[15.627,56.186],[15.827,56.125],[15.997,56.223],[16.151,56.501],[16.349,56.709],[16.528,57.068],[16.476,57.265],[16.652,57.501],[16.555,57.812],[16.695,57.918],[16.7,58.161],[16.77,58.214],[16.652,58.434],[16.924,58.493],[16.639,58.651],[16.978,58.654],[17.348,58.781],[17.457,58.858],[17.829,58.955],[18.285,59.109],[18.414,59.29],[18.618,59.327],[18.509,59.408],[18.217,59.421],[18.578,59.566],[18.971,59.757],[18.933,59.942],[18.787,60.079],[18.535,60.153],[18.558,60.254],[18.25,60.362],[18.011,60.511],[17.956,60.59],[17.661,60.535],[17.555,60.643],[17.36,60.641],[17.251,60.701],[17.279,60.812],[17.203,60.952],[17.131,61.576],[17.417,61.741],[17.375,61.866],[17.563,62.212],[17.373,62.427],[17.834,62.503],[17.947,62.578],[17.974,62.721],[17.896,62.831],[18.248,62.849],[18.463,62.896],[18.606,63.178],[19.034,63.238],[19.236,63.347],[19.354,63.477],[19.502,63.509],[19.722,63.463],[19.914,63.611],[20.205,63.662],[20.763,63.868],[21.018,64.178],[21.465,64.38],[21.52,64.463],[21.394,64.544],[21.279,64.725],[21.138,64.809],[21.574,65.126],[21.506,65.245],[21.613,65.299],[21.566,65.408],[21.88,65.424],[22.254,65.598],[22.366,65.843],[22.539,65.794],[22.747,65.871],[23.102,65.735],[23.221,65.786],[23.691,65.829],[23.891,65.782],[24.155,65.805],[23.907,66.148],[23.751,66.191],[23.674,66.381],[23.701,66.481],[23.866,66.577],[23.989,66.811],[23.677,67.068],[23.623,67.184],[23.775,67.329],[23.734,67.423],[23.468,67.45],[23.537,67.59],[23.502,67.875],[23.639,67.954],[23.098,68.258],[22.782,68.391],[21.997,68.521],[21.465,68.691],[21.183,68.829],[20.919,68.907],[20.895,68.98],[20.622,69.037],[20.117,69.021],[20.337,68.9],[20.319,68.754],[20.147,68.607],[19.969,68.542],[20.24,68.478],[19.97,68.356],[19.053,68.493],[18.77,68.5],[18.379,68.562],[18.163,68.528],[18.177,68.201],[17.917,67.965],[17.325,68.104],[16.784,67.895],[16.586,67.628],[16.457,67.552],[16.194,67.505],[16.127,67.426],[16.434,67.155],[16.404,67.055],[15.423,66.49],[15.484,66.306],[15.153,66.191],[14.543,66.129],[14.635,65.845],[14.55,65.646],[14.48,65.301],[14.115,64.946],[13.65,64.582],[14.078,64.464],[14.141,64.174],[13.961,64.014],[13.3,64.075],[12.988,64.05],[12.663,63.94],[12.175,63.596],[12.212,63.492],[12,63.292],[12.218,63.001],[12.109,62.919],[12.115,62.592],[12.304,62.286],[12.292,62.167],[12.155,61.721],[12.596,61.541],[12.881,61.352],[12.683,61.047],[12.294,61.003],[12.315,60.892],[12.554,60.546],[12.589,60.451],[12.516,60.305],[12.486,60.107],[12.169,59.913],[11.932,59.864],[11.834,59.697],[11.681,59.592],[11.798,59.29],[11.712,59.019],[11.643,58.926],[11.471,58.91],[11.388,59.037]]]]},"properties":{"id":"SWE"}},
{"type":"Feature","geometry":{"type":"Polygon","coordinates":[[[31.948,-25.958],[31.871,-25.982],[31.415,-25.747],[31.335,-25.756],[31.207,-25.843],[31.088,-25.981],[31.033,-26.098],[30.803,-26.413],[30.794,-26.764],[30.883,-26.792],[31.063,-27.112],[31.274,-27.238],[31.47,-27.296],[31.958,-27.306],[31.946,-27.174],[31.995,-26.817],[32.113,-26.839],[32.106,-26.52],[32.041,-26.281],[32.061,-26.018],[31.948,-25.958]]]},"properties":{"id":"SWZ"}},
{"type":"Feature","geometry":{"type":"Polygon","coordinates":[[[-54.156,5.359],[-54.046,5.609],[-54.054,5.808],[-54.142,5.856],[-54.356,5.91],[-54.834,5.988],[-55.148,5.993],[-55.379,5.953],[-55.648,5.986],[-55.828,5.962],[-55.91,5.893],[-55.94,5.795],[-56.236,5.885],[-56.466,5.938],[-56.97,5.993],[-57.057,5.939],[-57.195,5.548],[-57.319,5.335],[-57.207,5.214],[-57.31,5.106],[-57.331,5.02],[-57.711,4.991],[-57.845,4.923],[-57.917,4.82],[-57.846,4.668],[-57.95,4.35],[-58.054,4.172],[-58.032,4.002],[-57.908,3.857],[-57.833,3.676],[-57.649,3.517],[-57.647,3.395],[-57.55,3.353],[-57.304,3.377],[-57.278,3.164],[-57.232,3.109],[-57.21,2.883],[-57.105,2.768],[-57.029,2.638],[-56.931,2.395],[-56.841,2.277],[-56.704,2.036],[-56.563,2.005],[-56.483,1.942],[-56.02,1.842],[-55.93,1.888],[-55.915,2.04],[-56.129,2.3],[-56.02,2.393],[-55.936,2.517],[-55.731,2.406],[-55.385,2.441],[-55.344,2.489],[-55.188,2.548],[-55.07,2.548],[-55.006,2.593],[-54.852,2.44],[-54.722,2.442],[-54.697,2.36],[-54.616,2.327],[-54.536,2.343],[-54.402,2.462],[-54.196,2.818],[-54.171,2.994],[-54.203,3.138],[-54.01,3.449],[-53.99,3.59],[-54.113,3.769],[-54.256,3.901],[-54.351,4.054],[-54.342,4.14],[-54.396,4.241],[-54.45,4.485],[-54.426,4.583],[-54.471,4.749],[-54.452,5.013],[-54.332,5.187],[-54.156,5.359]]]},"properties":{"id":"SUR"}},
{"type":"Feature","geometry":{"type":"Polygon","coordinates":[[[33.976,4.22],[34.38,4.621],[35.268,5.492],[35.082,5.673],[34.984,5.858],[34.959,6.045],[34.838,6.3],[34.711,6.66],[34.563,6.78],[34.484,6.898],[34.279,7.003],[34.064,7.226],[34.02,7.368],[33.902,7.51],[33.666,7.671],[33.226,7.761],[33.015,7.869],[33.013,7.952],[33.234,8.396],[33.409,8.448],[33.785,8.431],[33.953,8.444],[34.095,8.582],[34.102,8.752],[34.078,9.462],[33.891,9.462],[33.868,9.55],[33.895,9.718],[33.959,9.845],[33.957,10.054],[33.892,10.199],[33.459,10.551],[33.361,10.658],[33.141,10.738],[33.172,10.85],[33.073,11.592],[33.122,11.693],[33.135,11.942],[33.199,12.217],[32.722,12.223],[32.737,12.01],[32.072,12.007],[32.335,11.716],[32.336,11.419],[32.354,11.247],[32.425,11.114],[32.404,11.058],[31.933,10.663],[31.854,10.479],[31.655,10.221],[31.225,9.799],[31.154,9.771],[30.739,9.743],[30.475,9.979],[30.003,10.277],[29.605,10.065],[29.604,9.921],[29.473,9.769],[29.242,9.718],[29,9.61],[28.839,9.459],[28.845,9.326],[28.049,9.329],[27.996,9.379],[27.886,9.6],[27.8,9.588],[27.074,9.614],[26.763,9.499],[26.659,9.484],[26.551,9.526],[26.17,9.966],[25.892,10.203],[25.885,10.346],[25.798,10.421],[25.285,10.319],[25.067,10.294],[25.024,10.236],[25.003,10.055],[24.818,9.84],[24.785,9.775],[24.783,9.527],[24.663,9.338],[24.648,9.179],[24.549,9.007],[24.532,8.887],[24.214,8.768],[24.147,8.666],[24.221,8.608],[24.18,8.461],[24.208,8.369],[24.291,8.291],[24.456,8.239],[24.737,8.192],[24.853,8.138],[25.007,7.965],[25.2,7.808],[25.247,7.725],[25.19,7.519],[25.381,7.333],[25.889,7.065],[26.037,6.955],[26.169,6.782],[26.362,6.635],[26.309,6.455],[26.421,6.274],[26.514,6.069],[26.594,6.018],[26.726,5.998],[27.083,5.777],[27.213,5.619],[27.257,5.29],[27.403,5.109],[27.491,4.968],[27.664,4.846],[27.788,4.645],[27.981,4.532],[28.079,4.425],[28.192,4.35],[28.428,4.324],[28.727,4.505],[28.939,4.487],[29.151,4.388],[29.225,4.392],[29.385,4.498],[29.47,4.612],[29.552,4.636],[29.677,4.587],[29.78,4.481],[29.87,4.327],[30.195,3.982],[30.508,3.836],[30.559,3.653],[30.757,3.624],[30.839,3.491],[30.929,3.634],[31.152,3.786],[31.222,3.786],[31.48,3.68],[31.629,3.701],[31.798,3.803],[31.942,3.608],[32.099,3.529],[32.336,3.706],[32.838,3.798],[32.997,3.88],[33.154,3.775],[33.489,3.755],[33.568,3.812],[33.976,4.22]]]},"properties":{"id":"SSD"}},
{"type":"Feature","geometry":{"type":"Polygon","coordinates":[[[34.078,9.462],[34.12,9.73],[34.185,9.919],[34.292,10.125],[34.315,10.252],[34.276,10.528],[34.431,10.788],[34.572,10.88],[34.771,10.746],[34.931,10.865],[34.925,10.962],[34.969,11.162],[34.961,11.277],[35.112,11.817],[35.252,11.957],[35.596,12.537],[35.67,12.624],[35.821,12.685],[36.108,12.726],[36.135,12.805],[36.16,13.093],[36.212,13.271],[36.391,13.626],[36.447,13.842],[36.444,13.988],[36.524,14.257],[36.427,15.132],[36.522,15.25],[36.679,15.726],[36.813,15.994],[36.914,16.296],[36.888,16.625],[36.979,16.801],[37.009,17.059],[37.17,17.041],[37.411,17.062],[37.51,17.288],[37.782,17.458],[38.025,17.538],[38.099,17.526],[38.254,17.585],[38.374,17.717],[38.422,17.824],[38.609,18.005],[38.574,18.073],[38.333,18.219],[38.202,18.249],[38.074,18.41],[37.922,18.556],[37.73,18.694],[37.599,18.717],[37.471,18.82],[37.362,19.092],[37.248,19.582],[37.263,19.792],[37.193,20.121],[37.188,20.395],[37.228,20.557],[37.173,20.732],[37.141,20.982],[37.151,21.104],[37.212,21.186],[37.081,21.326],[36.927,21.587],[36.883,21.769],[36.871,21.997],[35.887,21.997],[34.575,21.996],[33.918,21.996],[32.606,21.996],[31.434,21.996],[31.486,22.148],[31.358,22.189],[31.261,22.002],[31.209,21.995],[30.329,21.995],[29.565,21.995],[28.801,21.995],[28.036,21.995],[27.272,21.996],[26.126,21.996],[24.98,21.996],[24.98,20.999],[24.979,20.003],[24.967,19.995],[23.98,19.996],[23.98,19.497],[23.981,18.158],[23.982,17.266],[23.983,16.374],[23.983,15.78],[23.946,15.704],[23.708,15.745],[23.243,15.697],[23.105,15.703],[22.934,15.533],[22.97,15.311],[22.932,15.162],[22.763,14.999],[22.679,14.851],[22.671,14.722],[22.468,14.633],[22.382,14.55],[22.449,14.284],[22.528,14.203],[22.51,14.127],[22.173,13.911],[22.108,13.73],[22.202,13.538],[22.228,13.33],[22.158,13.215],[21.99,13.113],[21.908,13.001],[21.825,12.791],[21.878,12.699],[22.001,12.672],[22.233,12.709],[22.352,12.66],[22.414,12.546],[22.39,12.463],[22.49,12.045],[22.581,11.99],[22.556,11.67],[22.641,11.516],[22.783,11.41],[22.923,11.345],[22.938,11.192],[22.86,10.92],[22.964,10.752],[23.312,10.388],[23.545,10.03],[23.646,9.823],[23.656,9.71],[23.623,9.341],[23.596,9.262],[23.468,9.115],[23.489,8.993],[23.552,8.943],[23.537,8.816],[23.679,8.732],[23.922,8.71],[24.147,8.666],[24.214,8.768],[24.532,8.887],[24.549,9.007],[24.648,9.179],[24.663,9.338],[24.783,9.527],[24.785,9.775],[24.818,9.84],[25.003,10.055],[25.024,10.236],[25.067,10.294],[25.285,10.319],[25.798,10.421],[25.885,10.346],[25.892,10.203],[26.17,9.966],[26.551,9.526],[26.659,9.484],[26.763,9.499],[27.074,9.614],[27.8,9.588],[27.886,9.6],[27.996,9.379],[28.049,9.329],[28.845,9.326],[28.839,9.459],[29,9.61],[29.242,9.718],[29.473,9.769],[29.604,9.921],[29.605,10.065],[30.003,10.277],[30.475,9.979],[30.739,9.743],[31.154,9.771],[31.225,9.799],[31.655,10.221],[31.854,10.479],[31.933,10.663],[32.404,11.058],[32.425,11.114],[32.354,11.247],[32.336,11.419],[32.335,11.716],[32.072,12.007],[32.737,12.01],[32.722,12.223],[33.199,12.217],[33.135,11.942],[33.122,11.693],[33.073,11.592],[33.172,10.85],[33.141,10.738],[33.361,10.658],[33.459,10.551],[33.892,10.199],[33.957,10.054],[33.959,9.845],[33.895,9.718],[33.868,9.55],[33.891,9.462],[34.078,9.462]]]},"properties":{"id":"SDN"}},
{"type":"Feature","geometry":{"type":"Polygon","coordinates":[[[79.982,9.813],[79.954,9.742],[80.046,9.65],[80.258,9.611],[80.385,9.549],[80.318,9.465],[80.086,9.578],[80.118,9.327],[80.065,9.096],[79.929,8.899],[79.942,8.692],[79.851,8.412],[79.809,8.05],[79.708,8.066],[79.792,7.585],[79.859,6.829],[80.007,6.364],[80.095,6.153],[80.267,6.01],[80.496,5.949],[80.724,5.979],[80.971,6.088],[81.38,6.241],[81.637,6.425],[81.768,6.614],[81.861,6.901],[81.874,7.288],[81.683,7.684],[81.665,7.782],[81.436,8.119],[81.373,8.431],[81.227,8.506],[81.198,8.662],[81.016,8.933],[80.935,8.971],[80.893,9.086],[80.711,9.366],[80.376,9.642],[80.253,9.796],[79.982,9.813]]]},"properties":{"id":"LKA"}},
{"type":"Feature","geometry":{"type":"MultiPolygon","coordinates":[[[[3.145,39.79],[3.199,39.89],[3.159,39.971],[2.785,39.855],[2.371,39.613],[2.5,39.478],[2.634,39.556],[2.746,39.51],[2.77,39.41],[3.073,39.301],[3.245,39.387],[3.462,39.698],[3.342,39.787],[3.145,39.79]]],[[[4.294,39.842],[4.315,39.917],[4.226,40.032],[4.059,40.075],[3.853,40.063],[3.843,39.976],[4.294,39.842]]],[[[1.445,38.919],[1.624,39.039],[1.564,39.121],[1.349,39.081],[1.256,38.973],[1.257,38.879],[1.409,38.857],[1.445,38.919]]],[[[-1.794,43.407],[-1.991,43.345],[-2.337,43.328],[-2.607,43.413],[-2.875,43.454],[-3.046,43.372],[-3.418,43.452],[-3.605,43.519],[-3.774,43.478],[-3.889,43.499],[-4.313,43.415],[-4.523,43.416],[-5.105,43.502],[-5.316,43.553],[-5.666,43.582],[-5.847,43.645],[-6.08,43.595],[-6.476,43.579],[-6.901,43.586],[-7.061,43.554],[-7.262,43.595],[-7.504,43.74],[-7.698,43.765],[-7.853,43.707],[-8.005,43.694],[-8.257,43.58],[-8.249,43.439],[-8.537,43.337],[-8.874,43.334],[-9.178,43.174],[-9.235,42.977],[-9.042,42.814],[-8.927,42.799],[-9.035,42.662],[-8.988,42.586],[-8.812,42.64],[-8.812,42.47],[-8.73,42.412],[-8.816,42.285],[-8.691,42.274],[-8.887,42.105],[-8.878,41.947],[-8.777,41.941],[-8.538,42.069],[-8.213,42.134],[-8.13,42.018],[-8.225,41.896],[-8.152,41.812],[-7.921,41.884],[-7.693,41.888],[-7.404,41.834],[-7.21,41.895],[-7.147,41.981],[-7.03,41.951],[-6.618,41.942],[-6.558,41.874],[-6.542,41.673],[-6.392,41.665],[-6.243,41.602],[-6.212,41.532],[-6.403,41.375],[-6.69,41.215],[-6.776,41.108],[-6.928,41.009],[-6.858,40.878],[-6.818,40.654],[-6.848,40.411],[-6.81,40.343],[-7.015,40.208],[-7.028,40.143],[-6.896,40.022],[-6.911,39.937],[-7.037,39.714],[-7.118,39.682],[-7.454,39.681],[-7.445,39.536],[-7.335,39.465],[-7.306,39.338],[-7.172,39.135],[-6.998,39.056],[-7.046,38.907],[-7.282,38.715],[-7.343,38.457],[-7.106,38.181],[-6.975,38.194],[-7.023,38.045],[-7.185,38.006],[-7.444,37.728],[-7.504,37.585],[-7.406,37.179],[-7.175,37.209],[-6.885,37.194],[-6.492,36.955],[-6.396,36.832],[-6.384,36.637],[-6.269,36.597],[-6.266,36.527],[-6.17,36.334],[-6.041,36.188],[-5.961,36.182],[-5.808,36.088],[-5.625,36.026],[-5.361,36.135],[-5.33,36.236],[-5.171,36.424],[-4.935,36.502],[-4.674,36.506],[-4.367,36.718],[-3.828,36.756],[-3.431,36.708],[-3.259,36.756],[-2.902,36.743],[-2.788,36.715],[-2.596,36.806],[-2.306,36.82],[-2.188,36.745],[-2.112,36.777],[-1.939,36.946],[-1.798,37.233],[-1.641,37.387],[-1.328,37.561],[-0.822,37.581],[-0.722,37.631],[-0.823,37.712],[-0.683,37.992],[-0.647,38.152],[-0.551,38.203],[-0.521,38.317],[-0.381,38.436],[-0.053,38.586],[0.202,38.759],[0.155,38.825],[-0.034,38.891],[-0.205,39.063],[-0.329,39.417],[-0.327,39.52],[-0.075,39.876],[0.364,40.319],[0.596,40.615],[0.859,40.686],[0.796,40.804],[0.715,40.823],[1.033,41.062],[1.567,41.196],[2.083,41.287],[2.311,41.467],[3.005,41.767],[3.248,41.944],[3.238,42.082],[3.15,42.162],[3.166,42.256],[3.307,42.289],[3.211,42.431],[2.97,42.467],[2.67,42.393],[2.568,42.346],[2.2,42.421],[2.033,42.354],[1.928,42.426],[1.706,42.503],[1.486,42.434],[1.428,42.596],[1.349,42.691],[0.697,42.845],[0.632,42.69],[0.255,42.693],[0.201,42.719],[-0.041,42.689],[-0.299,42.825],[-0.586,42.799],[-0.763,42.94],[-0.934,42.95],[-1.285,43.06],[-1.429,43.037],[-1.411,43.24],[-1.753,43.325],[-1.794,43.407]]],[[[-16.334,28.38],[-16.119,28.528],[-16.124,28.576],[-16.319,28.558],[-16.517,28.413],[-16.905,28.34],[-16.795,28.149],[-16.658,28.007],[-16.543,28.032],[-16.418,28.151],[-16.334,28.38]]],[[[-13.716,28.911],[-13.478,29.007],[-13.454,29.151],[-13.65,29.119],[-13.788,29.056],[-13.86,28.869],[-13.716,28.911]]],[[[-14.197,28.169],[-13.928,28.253],[-13.863,28.409],[-13.828,28.585],[-13.857,28.738],[-14.003,28.707],[-14.028,28.617],[-14.153,28.407],[-14.232,28.216],[-14.197,28.169]]],[[[-15.401,28.147],[-15.683,28.154],[-15.809,27.994],[-15.807,27.888],[-15.71,27.784],[-15.559,27.747],[-15.389,27.875],[-15.401,28.147]]],[[[-17.185,28.022],[-17.101,28.083],[-17.13,28.156],[-17.259,28.203],[-17.325,28.118],[-17.185,28.022]]],[[[-17.888,27.81],[-17.925,27.85],[-18.107,27.707],[-17.985,27.646],[-17.888,27.81]]],[[[-17.834,28.493],[-17.758,28.569],[-17.745,28.787],[-17.798,28.847],[-17.929,28.845],[-18.001,28.758],[-17.834,28.493]]]]},"properties":{"id":"ESP"}},
{"type":"Feature","geometry":{"type":"MultiPolygon","coordinates":[[[[126.634,37.782],[126.563,37.717],[126.657,37.551],[126.65,37.447],[126.791,37.295],[126.746,37.194],[126.869,36.976],[126.958,36.906],[126.839,36.846],[126.784,36.948],[126.578,37.02],[126.352,36.958],[126.217,36.871],[126.161,36.772],[126.181,36.692],[126.389,36.651],[126.488,36.694],[126.548,36.478],[126.54,36.166],[126.693,36.014],[126.647,35.922],[126.753,35.872],[126.717,35.769],[126.488,35.647],[126.614,35.571],[126.493,35.501],[126.361,35.217],[126.291,35.154],[126.398,34.933],[126.421,34.823],[126.593,34.824],[126.426,34.695],[126.301,34.72],[126.333,34.59],[126.482,34.494],[126.508,34.351],[126.755,34.512],[126.897,34.439],[127.031,34.607],[127.247,34.755],[127.261,34.662],[127.173,34.546],[127.325,34.463],[127.479,34.625],[127.39,34.743],[127.404,34.823],[127.524,34.84],[127.632,34.69],[127.742,34.783],[127.639,34.89],[127.715,34.955],[127.873,34.966],[128.036,35.022],[128.095,34.934],[128.444,34.87],[128.419,35.016],[128.511,35.101],[128.643,35.12],[128.796,35.094],[128.98,35.102],[129.214,35.182],[129.419,35.498],[129.562,35.948],[129.404,36.052],[129.393,36.323],[129.445,36.471],[129.433,36.637],[129.473,36.742],[129.418,37.059],[129.335,37.275],[129.052,37.678],[128.852,37.887],[128.619,38.176],[128.375,38.623],[128.169,38.359],[128.039,38.309],[127.746,38.319],[127.17,38.305],[127.01,38.241],[126.754,37.979],[126.667,37.917],[126.634,37.782]]],[[[128.741,34.799],[128.722,35.014],[128.668,35.009],[128.489,34.865],[128.647,34.737],[128.741,34.799]]],[[[128.066,34.806],[128.038,34.879],[127.915,34.921],[127.832,34.875],[127.873,34.735],[128.055,34.708],[128.066,34.806]]],[[[126.234,34.371],[126.38,34.498],[126.247,34.563],[126.123,34.444],[126.234,34.371]]],[[[126.521,37.737],[126.369,37.772],[126.423,37.624],[126.516,37.605],[126.521,37.737]]],[[[126.327,33.224],[126.582,33.238],[126.873,33.341],[126.931,33.444],[126.901,33.515],[126.696,33.549],[126.338,33.46],[126.166,33.312],[126.24,33.215],[126.327,33.224]]]]},"properties":{"id":"KOR"}},
{"type":"Feature","geometry":{"type":"MultiPolygon","coordinates":[[[[29.365,-22.194],[29.13,-22.213],[29.013,-22.278],[28.946,-22.395],[28.84,-22.481],[28.543,-22.573],[28.382,-22.593],[28.21,-22.694],[28.028,-22.874],[27.891,-23.074],[27.813,-23.108],[27.717,-23.22],[27.593,-23.253],[27.499,-23.368],[27.399,-23.384],[27.146,-23.524],[26.987,-23.705],[26.835,-24.241],[26.618,-24.396],[26.397,-24.614],[26.131,-24.671],[25.912,-24.747],[25.852,-24.935],[25.584,-25.606],[25.444,-25.714],[25.213,-25.756],[24.999,-25.754],[24.869,-25.813],[24.748,-25.817],[24.331,-25.743],[24.193,-25.633],[23.894,-25.601],[23.521,-25.344],[23.266,-25.267],[23.022,-25.324],[22.879,-25.458],[22.64,-26.071],[22.549,-26.178],[22.218,-26.389],[22.091,-26.58],[22.011,-26.636],[21.833,-26.678],[21.738,-26.807],[21.646,-26.854],[21.455,-26.833],[21.071,-26.852],[20.871,-26.809],[20.74,-26.849],[20.641,-26.742],[20.627,-26.444],[20.815,-26.165],[20.793,-25.916],[20.609,-25.491],[20.473,-25.221],[20.345,-25.03],[19.98,-24.777],[19.98,-25.642],[19.98,-26.531],[19.98,-27.866],[19.98,-28.451],[19.878,-28.449],[19.671,-28.504],[19.54,-28.575],[19.483,-28.662],[19.271,-28.778],[19.246,-28.902],[19.162,-28.939],[19.026,-28.928],[18.839,-28.869],[18.6,-28.855],[18.311,-28.886],[18.103,-28.872],[17.976,-28.811],[17.699,-28.768],[17.448,-28.698],[17.348,-28.501],[17.386,-28.353],[17.312,-28.229],[17.205,-28.199],[17.149,-28.082],[17.056,-28.031],[16.933,-28.07],[16.81,-28.265],[16.756,-28.452],[16.626,-28.488],[16.448,-28.618],[16.481,-28.642],[16.739,-29.009],[16.95,-29.403],[17.189,-30.1],[17.347,-30.445],[17.677,-31.019],[17.939,-31.383],[18.164,-31.655],[18.211,-31.742],[18.311,-32.122],[18.325,-32.505],[18.251,-32.652],[18.037,-32.775],[17.965,-32.709],[17.851,-32.827],[17.878,-32.962],[17.993,-33.152],[18.075,-33.207],[18.156,-33.359],[18.261,-33.422],[18.433,-33.717],[18.465,-33.888],[18.354,-33.939],[18.352,-34.188],[18.462,-34.168],[18.534,-34.086],[18.709,-34.072],[18.809,-34.108],[18.831,-34.364],[19.098,-34.35],[19.245,-34.412],[19.331,-34.492],[19.323,-34.571],[19.635,-34.753],[20.021,-34.786],[20.435,-34.509],[20.53,-34.463],[20.775,-34.44],[20.882,-34.387],[21.06,-34.365],[21.249,-34.407],[21.553,-34.373],[21.789,-34.373],[22.246,-34.069],[22.554,-34.01],[22.736,-34.01],[22.926,-34.063],[23.268,-34.081],[23.586,-33.985],[24.183,-34.062],[24.596,-34.175],[24.827,-34.169],[25.003,-33.974],[25.17,-33.961],[25.477,-34.028],[25.638,-34.011],[25.652,-33.85],[25.806,-33.737],[25.99,-33.711],[26.429,-33.76],[26.614,-33.707],[27.077,-33.521],[27.364,-33.361],[27.762,-33.096],[27.861,-33.054],[28.214,-32.769],[28.449,-32.625],[28.856,-32.294],[29.128,-32.003],[29.483,-31.675],[29.735,-31.47],[29.971,-31.322],[30.289,-30.97],[30.664,-30.434],[30.878,-30.071],[31.023,-29.901],[31.17,-29.591],[31.335,-29.378],[31.778,-28.937],[32.027,-28.84],[32.286,-28.621],[32.375,-28.498],[32.535,-28.2],[32.657,-27.607],[32.706,-27.442],[32.849,-27.08],[32.886,-26.849],[32.354,-26.862],[32.113,-26.839],[31.995,-26.817],[31.946,-27.174],[31.958,-27.306],[31.47,-27.296],[31.274,-27.238],[31.063,-27.112],[30.883,-26.792],[30.794,-26.764],[30.803,-26.413],[31.033,-26.098],[31.088,-25.981],[31.207,-25.843],[31.335,-25.756],[31.415,-25.747],[31.871,-25.982],[31.948,-25.958],[31.92,-25.774],[31.985,-25.632],[31.986,-24.461],[31.858,-24.04],[31.8,-23.892],[31.546,-23.482],[31.532,-23.279],[31.419,-22.825],[31.288,-22.402],[31.073,-22.308],[30.712,-22.298],[30.46,-22.329],[30.19,-22.291],[29.902,-22.184],[29.663,-22.146],[29.365,-22.194]],[[28.737,-30.102],[28.392,-30.148],[28.139,-30.45],[28.129,-30.525],[28.018,-30.642],[27.753,-30.6],[27.492,-30.364],[27.388,-30.316],[27.355,-30.159],[27.13,-29.84],[27.052,-29.664],[27.095,-29.599],[27.295,-29.519],[27.527,-29.236],[27.736,-28.94],[27.96,-28.873],[28.233,-28.701],[28.626,-28.582],[28.722,-28.688],[28.856,-28.776],[28.954,-28.881],[29.178,-29.037],[29.301,-29.09],[29.391,-29.27],[29.294,-29.567],[29.142,-29.701],[29.098,-29.919],[28.901,-30.038],[28.737,-30.102]]],[[[37.857,-46.944],[37.79,-46.837],[37.685,-46.824],[37.612,-46.946],[37.857,-46.944]]]]},"properties":{"id":"ZAF"}},
{"type":"Feature","geometry":{"type":"Polygon","coordinates":[[[41.533,-1.695],[41.732,-1.43],[41.98,-0.973],[42.219,-0.738],[42.561,-0.321],[42.712,-0.176],[43.468,0.622],[43.718,0.858],[44.033,1.106],[44.333,1.391],[44.92,1.81],[45.826,2.31],[46.051,2.475],[46.879,3.286],[47.511,3.968],[47.975,4.497],[48.234,4.953],[48.649,5.494],[49.049,6.174],[49.093,6.408],[49.235,6.777],[49.349,6.991],[49.57,7.297],[49.761,7.66],[49.852,7.963],[50.103,8.2],[50.286,8.509],[50.43,8.845],[50.638,9.109],[50.685,9.241],[50.825,9.428],[50.833,9.71],[50.874,9.924],[50.898,10.253],[50.93,10.336],[51.209,10.431],[51.385,10.387],[51.369,10.475],[51.193,10.555],[51.188,10.48],[51.063,10.434],[51.141,10.657],[51.122,11.077],[51.084,11.336],[51.136,11.505],[51.218,11.658],[51.255,11.831],[50.792,11.984],[50.636,11.944],[50.466,11.728],[50.11,11.529],[49.642,11.451],[49.388,11.343],[49.062,11.271],[48.939,11.258],[48.674,11.323],[48.439,11.29],[48.019,11.139],[47.713,11.112],[47.405,11.174],[47.23,11.1],[46.973,10.925],[46.565,10.746],[46.46,10.734],[46.254,10.781],[46.025,10.794],[45.817,10.836],[45.696,10.804],[45.338,10.65],[44.943,10.437],[44.387,10.43],[44.158,10.551],[43.853,10.784],[43.631,11.035],[43.441,11.346],[43.246,11.5],[42.923,10.999],[42.66,10.621],[42.784,10.37],[42.842,10.203],[42.913,10.141],[43.069,9.926],[43.182,9.88],[43.303,9.609],[43.483,9.379],[43.621,9.337],[44.023,8.986],[44.894,8.7],[45.555,8.483],[46.296,8.235],[46.92,8.026],[46.978,7.997],[47.978,7.997],[47.453,7.49],[46.971,7.026],[46.423,6.497],[45.935,5.997],[45.438,5.455],[44.941,4.912],[44.912,4.9],[44.028,4.951],[43.889,4.931],[43.538,4.84],[43.126,4.644],[43.016,4.563],[42.895,4.361],[42.792,4.292],[42.355,4.212],[42.228,4.202],[42.024,4.138],[41.884,3.978],[41.342,3.202],[40.979,2.842],[40.964,2.815],[40.967,2.221],[40.97,1.378],[40.973,0.535],[40.977,-0.307],[40.979,-0.87],[41.522,-1.572],[41.533,-1.695]]]},"properties":{"id":"SOM"}},
{"type":"Feature","geometry":{"type":"MultiPolygon","coordinates":[[[[159.688,-8.508],[159.595,-8.379],[159.538,-8.451],[159.688,-8.508]]],[[[166.133,-10.758],[166.162,-10.693],[166.024,-10.661],[165.909,-10.674],[165.791,-10.785],[165.904,-10.851],[165.968,-10.779],[166.133,-10.758]]],[[[160.576,-11.798],[160.449,-11.696],[160.077,-11.493],[160.004,-11.58],[160.355,-11.712],[160.395,-11.789],[160.507,-11.832],[160.576,-11.798]]],[[[161.548,-9.626],[161.407,-9.368],[161.41,-9.682],[161.548,-9.626]]],[[[159.189,-9.124],[159.228,-9.03],[159.13,-8.993],[159.036,-9.075],[159.189,-9.124]]],[[[160.168,-8.996],[160.096,-9.034],[160.371,-9.181],[160.408,-9.14],[160.254,-9.007],[160.168,-8.996]]],[[[157.763,-8.242],[157.612,-8.165],[157.599,-8.006],[157.433,-7.985],[157.322,-8.161],[157.229,-8.212],[157.232,-8.315],[157.351,-8.275],[157.558,-8.27],[157.588,-8.445],[157.834,-8.573],[157.898,-8.506],[157.826,-8.324],[157.763,-8.242]]],[[[158.108,-8.684],[157.998,-8.508],[157.909,-8.566],[157.879,-8.669],[158.009,-8.763],[158.108,-8.684]]],[[[157.389,-8.713],[157.332,-8.651],[157.411,-8.475],[157.345,-8.432],[157.212,-8.565],[157.334,-8.7],[157.389,-8.713]]],[[[156.688,-7.923],[156.809,-7.723],[156.718,-7.696],[156.561,-7.574],[156.511,-7.708],[156.688,-7.923]]],[[[157.172,-8.108],[157.186,-7.941],[157.103,-7.855],[156.959,-7.938],[156.958,-8.014],[157.041,-8.117],[157.172,-8.108]]],[[[155.84,-7.097],[155.865,-7.043],[155.739,-6.973],[155.678,-7.089],[155.84,-7.097]]],[[[159.75,-9.273],[159.686,-9.269],[159.607,-9.354],[159.622,-9.532],[159.755,-9.726],[159.854,-9.792],[160.002,-9.812],[160.321,-9.821],[160.482,-9.895],[160.649,-9.929],[160.819,-9.863],[160.794,-9.767],[160.682,-9.692],[160.625,-9.589],[160.355,-9.422],[159.971,-9.433],[159.75,-9.273]]],[[[159.879,-8.534],[159.794,-8.406],[159.843,-8.327],[159.431,-8.029],[159.287,-7.976],[159.198,-7.91],[159.109,-7.904],[158.863,-7.722],[158.734,-7.604],[158.457,-7.545],[158.565,-7.651],[158.597,-7.759],[158.944,-8.041],[159.09,-8.103],[159.354,-8.26],[159.645,-8.372],[159.746,-8.474],[159.879,-8.534]]],[[[157.487,-7.33],[157.336,-7.28],[157.148,-7.114],[157.103,-6.957],[157.03,-6.892],[156.765,-6.764],[156.604,-6.641],[156.479,-6.609],[156.457,-6.715],[156.696,-6.911],[156.904,-7.18],[157.102,-7.324],[157.441,-7.426],[157.487,-7.33]]],[[[160.749,-8.314],[160.59,-8.373],[160.714,-8.539],[160.663,-8.621],[160.772,-8.964],[160.873,-9.157],[161.042,-9.308],[161.191,-9.393],[161.322,-9.59],[161.368,-9.49],[161.258,-9.317],[161.257,-9.192],[161.209,-9.133],[161.159,-8.962],[160.944,-8.799],[160.998,-8.612],[160.749,-8.314]]],[[[161.715,-10.387],[161.476,-10.238],[161.305,-10.204],[161.294,-10.326],[161.487,-10.361],[161.538,-10.566],[161.787,-10.717],[162.124,-10.824],[162.301,-10.832],[162.287,-10.71],[162.105,-10.454],[162.023,-10.477],[161.841,-10.446],[161.715,-10.387]]]]},"properties":{"id":"SLB"}},
{"type":"Feature","geometry":{"type":"Polygon","coordinates":[[[22.539,49.073],[22.02,49.21],[21.89,49.343],[21.64,49.412],[21.35,49.429],[21.079,49.418],[20.947,49.317],[20.616,49.392],[20.363,49.385],[20.164,49.316],[20.058,49.181],[19.916,49.221],[19.802,49.192],[19.774,49.372],[19.664,49.396],[19.442,49.598],[19.25,49.511],[19.149,49.4],[18.968,49.396],[18.938,49.498],[18.832,49.511],[18.596,49.491],[18.365,49.336],[18.161,49.257],[18.086,49.065],[17.941,49.012],[17.758,48.888],[17.483,48.828],[17.188,48.861],[17.063,48.781],[16.953,48.599],[16.865,48.387],[16.973,48.198],[17.147,48.006],[17.317,47.991],[17.635,47.81],[17.762,47.77],[18.146,47.763],[18.724,47.787],[18.792,48],[18.914,48.051],[19.265,48.073],[19.467,48.111],[19.625,48.223],[19.899,48.131],[20.334,48.296],[20.49,48.527],[20.867,48.546],[21.067,48.506],[21.451,48.552],[21.767,48.338],[22.132,48.405],[22.143,48.569],[22.295,48.686],[22.389,48.873],[22.539,49.073]]]},"properties":{"id":"SVK"}},
{"type":"Feature","geometry":{"type":"Polygon","coordinates":[[[16.516,46.5],[16.381,46.639],[16.284,46.857],[16.093,46.863],[15.977,46.801],[15.958,46.678],[15.767,46.711],[15.439,46.63],[15.001,46.626],[14.841,46.58],[14.757,46.499],[14.504,46.417],[13.7,46.52],[13.68,46.463],[13.4,46.318],[13.4,46.225],[13.633,46.177],[13.486,46.04],[13.614,45.962],[13.57,45.834],[13.831,45.68],[13.845,45.593],[13.72,45.588],[13.578,45.517],[13.615,45.477],[13.879,45.428],[13.993,45.509],[14.086,45.478],[14.37,45.481],[14.534,45.645],[14.734,45.508],[14.847,45.467],[14.955,45.5],[15.11,45.451],[15.339,45.467],[15.277,45.733],[15.625,45.834],[15.666,46.048],[15.597,46.109],[15.636,46.201],[16.001,46.305],[16.067,46.371],[16.227,46.373],[16.237,46.484],[16.321,46.535],[16.516,46.5]]]},"properties":{"id":"SVN"}},
{"type":"Feature","geometry":{"type":"Polygon","coordinates":[[[103.97,1.331],[103.961,1.392],[103.818,1.447],[103.705,1.423],[103.65,1.326],[103.82,1.265],[103.97,1.331]]]},"properties":{"id":"SGP"}},
{"type":"Feature","geometry":{"type":"MultiPolygon","coordinates":[[[[-10.283,8.485],[-10.394,8.481],[-10.558,8.316],[-10.712,8.335],[-10.628,8.53],[-10.501,8.688],[-10.606,8.868],[-10.616,9.059],[-10.75,9.122],[-10.691,9.314],[-10.865,9.516],[-11.047,9.786],[-11.206,9.978],[-11.274,9.997],[-11.911,9.993],[-11.923,9.923],[-12.142,9.875],[-12.278,9.93],[-12.501,9.862],[-12.558,9.705],[-12.756,9.374],[-12.831,9.302],[-12.959,9.263],[-13.028,9.104],[-13.13,9.048],[-13.293,9.049],[-13.272,8.987],[-13.154,8.898],[-13.207,8.843],[-13.228,8.696],[-13.182,8.577],[-13.088,8.626],[-12.953,8.615],[-13.085,8.425],[-13.261,8.488],[-13.273,8.43],[-13.149,8.215],[-13.021,8.201],[-12.957,8.145],[-12.881,7.857],[-12.698,7.716],[-12.51,7.666],[-12.433,7.545],[-12.486,7.386],[-11.929,7.184],[-11.733,7.089],[-11.508,6.907],[-11.268,7.233],[-11.085,7.399],[-10.878,7.538],[-10.647,7.759],[-10.571,8.071],[-10.517,8.125],[-10.39,8.158],[-10.315,8.311],[-10.283,8.485]]],[[[-12.526,7.436],[-12.512,7.582],[-12.615,7.637],[-12.854,7.622],[-12.952,7.571],[-12.607,7.475],[-12.526,7.436]]]]},"properties":{"id":"SLE"}},
{"type":"Feature","geometry":{"type":"Polygon","coordinates":[[[55.54,-4.693],[55.456,-4.559],[55.383,-4.609],[55.54,-4.693]]]},"properties":{"id":"SYC"}},
{"type":"Feature","geometry":{"type":"Polygon","coordinates":[[[22.705,44.238],[22.495,44.435],[22.554,44.54],[22.721,44.606],[22.498,44.706],[22.351,44.676],[22.201,44.561],[22.093,44.542],[21.909,44.666],[21.636,44.71],[21.384,44.87],[21.533,44.919],[21.357,44.991],[21.492,45.122],[21.431,45.193],[21.226,45.241],[20.942,45.365],[20.774,45.484],[20.775,45.75],[20.709,45.735],[20.581,45.869],[20.359,45.975],[20.242,46.109],[20.161,46.142],[19.531,46.155],[19.393,46.05],[19.208,45.984],[19.087,46.016],[18.905,45.932],[18.839,45.836],[18.947,45.656],[18.954,45.558],[19.055,45.527],[19.005,45.4],[19.093,45.337],[19.33,45.268],[19.388,45.173],[19.063,45.137],[19.1,44.974],[19.007,44.869],[19.237,44.914],[19.357,44.859],[19.292,44.697],[19.151,44.527],[19.118,44.36],[19.152,44.303],[19.339,44.226],[19.584,44.043],[19.55,43.987],[19.305,43.993],[19.257,43.943],[19.488,43.704],[19.451,43.562],[19.254,43.584],[19.194,43.533],[19.219,43.45],[19.415,43.343],[19.552,43.212],[19.781,43.11],[19.944,43.082],[20.34,42.893],[20.344,42.828],[20.469,42.858],[20.475,42.953],[20.624,43.034],[20.623,43.199],[20.763,43.259],[20.844,43.173],[21.057,43.092],[21.237,42.913],[21.403,42.832],[21.391,42.751],[21.753,42.67],[21.61,42.387],[21.519,42.328],[21.563,42.248],[21.904,42.322],[22.052,42.305],[22.24,42.358],[22.344,42.314],[22.422,42.329],[22.524,42.441],[22.436,42.629],[22.467,42.842],[22.706,42.884],[22.942,43.097],[22.977,43.188],[22.768,43.354],[22.555,43.454],[22.395,43.707],[22.365,43.862],[22.421,44.007],[22.597,44.075],[22.627,44.194],[22.705,44.238]]]},"properties":{"id":"SRB"}},
{"type":"Feature","geometry":{"type":"Polygon","coordinates":[[[-12.281,14.809],[-12.409,14.889],[-12.544,15.039],[-12.66,15.082],[-12.858,15.243],[-12.863,15.34],[-12.994,15.505],[-13.079,15.51],[-13.258,15.7],[-13.297,15.854],[-13.41,16.059],[-13.556,16.144],[-13.685,16.127],[-13.757,16.173],[-13.868,16.148],[-13.975,16.311],[-14.086,16.419],[-14.3,16.58],[-14.534,16.656],[-15.113,16.645],[-15.211,16.583],[-15.38,16.582],[-15.621,16.507],[-15.768,16.485],[-15.959,16.492],[-16.168,16.547],[-16.302,16.451],[-16.358,16.307],[-16.441,16.205],[-16.535,15.838],[-16.571,15.734],[-16.843,15.294],[-17.147,14.922],[-17.412,14.792],[-17.418,14.723],[-17.261,14.701],[-17.168,14.641],[-17.079,14.483],[-16.974,14.403],[-16.881,14.208],[-16.798,14.093],[-16.745,13.84],[-16.588,13.69],[-16.562,13.587],[-16.309,13.597],[-15.51,13.586],[-15.427,13.727],[-15.27,13.789],[-15.108,13.812],[-14.936,13.785],[-14.766,13.669],[-14.571,13.616],[-14.405,13.504],[-14.326,13.489],[-14.147,13.536],[-13.977,13.543],[-13.853,13.479],[-13.848,13.335],[-14.247,13.236],[-14.439,13.269],[-14.672,13.352],[-15.151,13.556],[-15.286,13.396],[-15.657,13.356],[-15.814,13.325],[-15.834,13.156],[-16.649,13.154],[-16.763,13.064],[-16.769,12.883],[-16.744,12.585],[-16.598,12.715],[-16.553,12.605],[-16.76,12.526],[-16.785,12.473],[-16.712,12.355],[-16.416,12.368],[-16.144,12.457],[-15.84,12.438],[-15.575,12.49],[-15.196,12.68],[-14.349,12.676],[-13.729,12.674],[-13.406,12.662],[-13.083,12.634],[-13.061,12.49],[-12.931,12.532],[-12.797,12.452],[-12.399,12.34],[-12.291,12.328],[-12.042,12.398],[-11.808,12.387],[-11.574,12.426],[-11.389,12.404],[-11.449,12.532],[-11.39,12.942],[-11.549,13.17],[-11.635,13.37],[-11.758,13.395],[-11.832,13.316],[-11.895,13.444],[-12.054,13.633],[-12.044,13.734],[-11.961,13.875],[-12.02,13.975],[-12.019,14.206],[-12.228,14.459],[-12.187,14.648],[-12.281,14.809]]]},"properties":{"id":"SEN"}},
{"type":"Feature","geometry":{"type":"MultiPolygon","coordinates":[[[[41.988,16.716],[41.947,16.749],[41.948,16.936],[41.776,16.847],[41.802,16.779],[41.964,16.653],[42.17,16.709],[42.06,16.804],[41.988,16.716]]],[[[51.978,18.996],[52.807,19.272],[53.667,19.559],[54.183,19.731],[54.977,19.996],[55.168,20.572],[55.388,21.236],[55.641,22.002],[55.186,22.704],[55.104,22.621],[53.832,22.777],[52.555,22.933],[51.904,23.708],[51.593,24.079],[51.568,24.286],[51.31,24.34],[51.418,24.531],[51.268,24.607],[51.093,24.565],[50.966,24.574],[50.856,24.68],[50.804,24.789],[50.558,25.087],[50.508,25.307],[50.455,25.425],[50.281,25.566],[50.13,25.847],[50.032,26.111],[50.155,26.101],[50.214,26.308],[50.185,26.405],[50.027,26.527],[50.008,26.679],[50.15,26.663],[49.986,26.829],[49.717,26.956],[49.538,27.152],[49.405,27.181],[49.175,27.438],[49.238,27.493],[48.906,27.629],[48.797,27.724],[48.833,27.801],[48.774,27.959],[48.626,28.133],[48.442,28.543],[47.671,28.533],[47.583,28.628],[47.521,28.838],[47.433,28.99],[46.531,29.096],[46.356,29.064],[45.499,29.132],[44.691,29.202],[44.1,29.619],[43.441,30.084],[42.858,30.495],[42.074,31.08],[41.585,31.33],[40.808,31.725],[40.369,31.939],[39.145,32.125],[38.962,31.995],[37.774,31.696],[36.959,31.492],[37.479,31.008],[37.98,30.5],[37.634,30.313],[37.469,29.995],[36.755,29.866],[36.704,29.832],[36.476,29.495],[36.068,29.201],[36.015,29.19],[34.951,29.354],[34.799,28.721],[34.78,28.507],[34.616,28.148],[34.828,28.109],[35.078,28.087],[35.18,28.035],[35.424,27.734],[35.581,27.432],[35.763,27.259],[35.852,27.07],[36.032,26.881],[36.094,26.766],[36.25,26.595],[36.519,26.105],[36.675,26.039],[36.763,25.751],[36.921,25.641],[37.149,25.291],[37.218,25.151],[37.266,24.96],[37.181,24.82],[37.338,24.616],[37.543,24.292],[37.713,24.274],[37.821,24.188],[37.92,24.185],[38.289,23.911],[38.464,23.712],[38.542,23.558],[38.706,23.306],[38.797,23.049],[38.941,22.882],[38.939,22.805],[39.062,22.592],[39.096,22.393],[39.034,22.203],[38.988,21.882],[39.147,21.519],[39.151,21.433],[39.094,21.31],[39.276,20.974],[39.491,20.737],[39.614,20.518],[39.728,20.39],[39.884,20.293],[40.081,20.266],[40.482,19.993],[40.616,19.822],[40.759,19.755],[40.792,19.646],[40.913,19.49],[41.116,19.082],[41.221,18.765],[41.229,18.678],[41.432,18.452],[41.508,18.256],[41.75,17.886],[42.052,17.669],[42.294,17.435],[42.383,17.122],[42.544,16.96],[42.553,16.868],[42.699,16.737],[42.731,16.57],[42.799,16.372],[43.034,16.55],[43.165,16.689],[43.184,16.812],[43.117,16.942],[43.156,17.205],[43.237,17.266],[43.191,17.359],[43.418,17.516],[43.597,17.471],[43.713,17.366],[43.917,17.325],[44.156,17.399],[44.546,17.404],[44.747,17.432],[45.148,17.427],[45.407,17.32],[46.31,17.231],[46.682,17.269],[46.779,17.212],[46.976,16.953],[47.144,16.947],[47.442,17.112],[47.58,17.448],[48.172,18.157],[49.042,18.582],[49.192,18.621],[50.355,18.778],[51.258,18.899],[51.978,18.996]]]]},"properties":{"id":"SAU"}},
{"type":"Feature","geometry":{"type":"Polygon","coordinates":[[[6.66,0.121],[6.75,0.243],[6.687,0.404],[6.524,0.34],[6.468,0.227],[6.52,0.066],[6.66,0.121]]]},"properties":{"id":"STP"}},
{"type":"Feature","geometry":{"type":"Polygon","coordinates":[[[12.485,43.901],[12.515,43.953],[12.441,43.982],[12.397,43.935],[12.485,43.901]]]},"properties":{"id":"SMR"}},
{"type":"Feature","geometry":{"type":"MultiPolygon","coordinates":[[[[-172.333,-13.465],[-172.67,-13.524],[-172.744,-13.579],[-172.536,-13.792],[-172.331,-13.775],[-172.225,-13.804],[-172.177,-13.685],[-172.222,-13.56],[-172.333,-13.465]]],[[[-171.454,-14.046],[-171.461,-13.978],[-171.604,-13.879],[-171.858,-13.807],[-171.985,-13.824],[-172.028,-13.907],[-171.912,-14.002],[-171.728,-14.047],[-171.454,-14.046]]]]},"properties":{"id":"WSM"}},
{"type":"Feature","geometry":{"type":"Polygon","coordinates":[[[-61.175,13.158],[-61.124,13.294],[-61.182,13.356],[-61.268,13.288],[-61.277,13.21],[-61.175,13.158]]]},"properties":{"id":"VCT"}},
{"type":"Feature","geometry":{"type":"Polygon","coordinates":[[[-60.895,13.822],[-60.887,14.011],[-60.945,14.073],[-61.064,13.916],[-61.061,13.783],[-60.951,13.718],[-60.895,13.822]]]},"properties":{"id":"LCA"}},
{"type":"Feature","geometry":{"type":"Polygon","coordinates":[[[-62.631,17.24],[-62.714,17.353],[-62.795,17.403],[-62.839,17.339],[-62.631,17.24]]]},"properties":{"id":"KNA"}},
{"type":"Feature","geometry":{"type":"Polygon","coordinates":[[[29.577,-1.388],[29.352,-1.518],[29.197,-1.72],[29.129,-1.86],[29.148,-2.132],[29.106,-2.233],[28.876,-2.4],[28.858,-2.447],[28.922,-2.682],[29.014,-2.72],[29.063,-2.603],[29.198,-2.62],[29.297,-2.673],[29.39,-2.809],[29.698,-2.795],[29.868,-2.716],[29.912,-2.549],[29.93,-2.34],[30.142,-2.414],[30.234,-2.347],[30.408,-2.313],[30.554,-2.4],[30.829,-2.338],[30.877,-2.143],[30.819,-1.967],[30.828,-1.694],[30.813,-1.563],[30.711,-1.397],[30.632,-1.367],[30.47,-1.131],[30.51,-1.067],[30.36,-1.075],[30.102,-1.369],[29.991,-1.447],[29.882,-1.452],[29.825,-1.336],[29.577,-1.388]]]},"properties":{"id":"RWA"}},
{"type":"Feature","geometry":{"type":"MultiPolygon","coordinates":[[[[137.179,55.1],[136.996,55.093],[136.795,55.009],[137.055,54.927],[137.179,55.1]]],[[[120.261,73.09],[120.079,73.157],[119.64,73.124],[119.792,73.045],[120.261,73.09]]],[[[86.653,74.981],[86.331,74.939],[86.391,74.851],[86.927,74.831],[87.124,74.94],[86.653,74.981]]],[[[-179.799,68.94],[-180,68.983],[-180,68.739],[-180,68.494],[-180,68.249],[-180,68.004],[-180,67.76],[-180,67.515],[-180,67.27],[-180,67.025],[-180,66.781],[-180,66.536],[-180,66.291],[-180,66.046],[-180,65.802],[-180,65.557],[-180,65.312],[-180,65.067],[-179.705,65.187],[-179.352,65.517],[-179.366,65.639],[-179.728,65.804],[-179.784,66.018],[-179.616,66.128],[-179.327,66.163],[-179.34,66.288],[-178.916,66.18],[-178.534,66.317],[-178.747,66.014],[-178.879,65.936],[-178.679,65.795],[-178.502,65.74],[-178.505,65.537],[-178.31,65.485],[-177.489,65.504],[-177.056,65.614],[-176.093,65.471],[-175.923,65.352],[-175.83,65.106],[-175.854,65.011],[-175.395,64.802],[-175.036,64.814],[-174.571,64.718],[-174.318,64.638],[-174.001,64.449],[-173.73,64.365],[-173.475,64.429],[-173.275,64.29],[-173.009,64.297],[-172.739,64.412],[-172.401,64.414],[-172.487,64.544],[-172.854,64.61],[-172.924,64.705],[-172.801,64.791],[-172.999,64.877],[-172.593,64.908],[-172.213,65.048],[-172.286,65.206],[-172.212,65.425],[-172.557,65.612],[-171.957,65.542],[-171.907,65.496],[-171.466,65.533],[-171.216,65.503],[-171.054,65.55],[-171.119,65.695],[-170.666,65.622],[-170.561,65.656],[-170.541,65.865],[-170.159,66.008],[-169.832,65.999],[-169.778,66.143],[-170.192,66.201],[-170.927,66.53],[-171.36,66.677],[-171.796,66.932],[-172.274,66.966],[-172.621,67.027],[-172.641,66.925],[-173.228,66.969],[-173.158,67.069],[-173.68,67.145],[-173.884,67.106],[-174.448,67.103],[-174.086,66.943],[-174.006,66.779],[-174.232,66.632],[-174.102,66.541],[-173.774,66.435],[-174.018,66.383],[-174.206,66.452],[-174.366,66.348],[-174.504,66.538],[-174.675,66.603],[-174.925,66.623],[-174.771,66.784],[-174.784,66.917],[-174.938,67.093],[-174.85,67.349],[-175.155,67.365],[-175.345,67.678],[-176.907,68.119],[-177.408,68.245],[-177.683,68.363],[-178.25,68.541],[-178.693,68.546],[-178.874,68.754],[-179.279,68.825],[-179.471,68.912],[-179.799,68.94]]],[[[38.214,47.091],[38.485,47.176],[38.577,47.239],[38.668,47.144],[38.928,47.176],[39.024,47.272],[39.196,47.269],[39.293,47.106],[39.127,47.023],[38.801,46.906],[38.439,46.813],[38.501,46.664],[38.23,46.701],[37.968,46.618],[37.767,46.636],[37.914,46.406],[38.078,46.394],[38.315,46.242],[38.492,46.091],[38.184,46.095],[38.133,46.003],[37.933,46.002],[37.841,45.8],[37.669,45.654],[37.612,45.565],[37.672,45.488],[37.647,45.377],[37.264,45.311],[37.104,45.303],[36.866,45.427],[36.72,45.372],[36.941,45.29],[36.619,45.185],[36.651,45.126],[36.944,45.07],[37.205,44.972],[37.411,44.735],[37.572,44.671],[37.851,44.699],[38.181,44.42],[38.312,44.374],[38.717,44.288],[39.329,43.897],[39.517,43.728],[39.874,43.473],[39.978,43.42],[40.15,43.57],[40.519,43.512],[40.648,43.534],[41.083,43.374],[41.358,43.333],[41.581,43.219],[42.05,43.19],[42.419,43.224],[42.566,43.155],[42.761,43.17],[42.992,43.092],[43.089,42.989],[43.558,42.844],[43.783,42.747],[43.738,42.617],[43.957,42.567],[44.329,42.704],[44.506,42.749],[44.644,42.735],[44.771,42.617],[44.871,42.756],[45.208,42.648],[45.344,42.53],[45.563,42.536],[45.728,42.475],[45.639,42.205],[45.954,42.035],[46.213,41.99],[46.43,41.891],[46.552,41.812],[46.749,41.813],[47.01,41.588],[47.205,41.456],[47.261,41.315],[47.521,41.229],[47.861,41.213],[48.056,41.459],[48.391,41.602],[48.573,41.844],[48.384,41.953],[48.229,42.181],[47.822,42.613],[47.728,42.681],[47.709,42.811],[47.463,43.035],[47.513,43.219],[47.509,43.51],[47.628,43.806],[47.429,43.78],[47.362,43.993],[47.23,44.192],[47.024,44.343],[46.753,44.421],[46.707,44.503],[46.755,44.657],[46.957,44.783],[47.003,44.876],[47.115,44.906],[47.221,45.024],[47.391,45.295],[47.413,45.421],[47.489,45.455],[47.524,45.602],[47.701,45.686],[47.83,45.663],[48.159,45.737],[48.487,45.935],[48.69,45.889],[48.684,46.086],[48.81,46.1],[49.08,46.189],[49.232,46.337],[48.61,46.566],[48.509,46.65],[48.605,46.766],[48.776,46.71],[48.959,46.775],[48.553,47.321],[48.11,47.745],[47.482,47.804],[47.292,47.741],[47.202,47.792],[47.093,47.948],[47.119,48.127],[47.004,48.284],[46.661,48.412],[46.609,48.574],[46.703,48.806],[47.014,49.098],[47.018,49.2],[46.802,49.367],[46.89,49.697],[46.992,49.853],[47.248,50.001],[47.295,50.058],[47.326,50.274],[47.504,50.403],[47.706,50.378],[47.85,50.282],[48.225,49.932],[48.434,49.829],[48.759,49.928],[48.843,50.013],[48.7,50.354],[48.655,50.62],[48.808,50.601],[49.323,50.852],[49.498,51.084],[49.822,51.132],[49.932,51.197],[50.247,51.29],[50.756,51.675],[50.794,51.729],[51.163,51.647],[51.27,51.594],[51.345,51.475],[51.609,51.484],[52.007,51.673],[52.219,51.709],[52.331,51.681],[52.571,51.482],[52.821,51.495],[53.038,51.464],[53.338,51.482],[53.535,51.4],[53.688,51.252],[54.042,51.115],[54.298,50.914],[54.421,50.78],[54.471,50.584],[54.596,50.551],[54.65,50.66],[54.606,50.88],[54.546,50.946],[54.727,50.998],[55.015,50.87],[55.195,50.745],[55.542,50.602],[55.798,50.602],[56.05,50.714],[56.144,50.845],[56.491,51.02],[56.62,50.981],[57.012,51.065],[57.179,51.036],[57.442,50.889],[57.654,50.925],[57.839,51.092],[58.359,51.064],[58.547,50.971],[58.884,50.694],[59.452,50.62],[59.523,50.493],[59.812,50.582],[59.955,50.799],[60.112,50.834],[60.288,50.704],[60.638,50.664],[60.942,50.696],[61.227,50.775],[61.389,50.861],[61.512,51.137],[61.585,51.23],[61.555,51.325],[61.363,51.442],[61.015,51.492],[60.974,51.537],[60.465,51.651],[60.388,51.773],[60.067,51.891],[60.066,51.976],[60.234,52.025],[60.425,52.126],[60.67,52.151],[60.938,52.281],[60.979,52.395],[60.821,52.57],[60.802,52.745],[61.047,52.972],[61.401,52.996],[61.974,52.944],[62.083,53.005],[62.015,53.108],[61.66,53.228],[61.437,53.239],[61.199,53.287],[61.229,53.446],[61.401,53.456],[61.535,53.523],[61.41,53.587],[61.248,53.551],[60.979,53.622],[61.113,53.753],[61.144,53.964],[61.334,54.049],[61.929,53.946],[62.04,54.003],[62.499,54.013],[62.633,54.069],[63.074,54.105],[63.191,54.171],[63.414,54.183],[63.721,54.245],[64.004,54.267],[64.199,54.347],[64.461,54.384],[64.65,54.352],[64.927,54.397],[65.158,54.364],[65.237,54.516],[65.477,54.623],[65.708,54.619],[65.955,54.66],[66.223,54.667],[67.098,54.788],[67.257,54.829],[67.693,54.872],[67.83,54.944],[68.074,54.96],[68.244,55.052],[68.206,55.161],[68.525,55.205],[68.713,55.308],[68.977,55.39],[69.493,55.357],[69.74,55.307],[69.982,55.199],[70.182,55.162],[70.486,55.282],[70.738,55.305],[70.91,55.128],[71.186,54.599],[71.152,54.364],[71.093,54.212],[71.336,54.158],[72.004,54.206],[72.105,54.308],[72.269,54.272],[72.387,54.123],[72.404,53.964],[72.586,53.996],[72.622,54.134],[72.914,54.107],[73.119,53.981],[73.381,53.963],[73.618,54.067],[73.679,53.929],[73.399,53.811],[73.286,53.598],[73.47,53.469],[73.643,53.576],[73.859,53.62],[74.069,53.611],[74.403,53.504],[74.452,53.647],[74.834,53.826],[75.052,53.827],[75.377,53.97],[75.437,54.09],[75.657,54.106],[75.881,54.168],[76.267,54.312],[76.496,54.336],[76.759,54.437],[76.789,54.322],[76.655,54.145],[76.422,54.114],[76.576,53.943],[77.704,53.379],[77.86,53.269],[78.475,52.638],[79.469,51.493],[79.986,50.775],[80.22,50.912],[80.424,50.946],[80.448,51.183],[80.65,51.277],[80.877,51.281],[80.966,51.19],[81.127,51.191],[81.078,51.015],[81.125,50.946],[81.388,50.956],[81.466,50.74],[81.934,50.766],[82.098,50.711],[82.326,50.742],[82.494,50.728],[82.612,50.771],[82.761,50.893],[83.019,50.897],[83.16,50.989],[83.357,50.995],[83.718,50.887],[83.945,50.775],[84.002,50.677],[84.176,50.521],[84.258,50.288],[84.323,50.239],[84.607,50.202],[84.839,50.091],[84.989,50.061],[85.001,49.894],[85.21,49.665],[85.372,49.624],[85.934,49.55],[85.974,49.499],[86.181,49.499],[86.61,49.769],[86.731,49.696],[86.614,49.61],[86.812,49.488],[86.953,49.322],[87.234,49.216],[87.323,49.086],[87.814,49.162],[87.935,49.165],[88.116,49.256],[88.193,49.452],[88.633,49.486],[88.832,49.448],[89.18,49.532],[89.244,49.627],[89.396,49.612],[89.654,49.717],[89.644,49.903],[89.977,49.984],[90.005,50.069],[90.225,50.117],[90.517,50.213],[90.655,50.222],[90.761,50.306],[91.022,50.415],[91.341,50.47],[91.597,50.576],[91.804,50.694],[92.192,50.701],[92.355,50.864],[92.627,50.688],[92.779,50.779],[92.941,50.778],[93.01,50.655],[93.103,50.604],[93.271,50.616],[93.626,50.586],[94.251,50.556],[94.355,50.222],[94.615,50.024],[94.93,50.044],[95.044,49.962],[95.523,49.911],[95.852,50.013],[95.936,49.96],[96.066,49.999],[96.315,49.901],[96.506,49.919],[96.986,49.883],[97.209,49.731],[97.36,49.741],[97.589,49.911],[97.854,49.947],[98.103,50.078],[98.25,50.302],[98.279,50.533],[98.03,50.645],[97.953,50.855],[97.825,50.985],[97.911,51.165],[97.947,51.348],[98.038,51.45],[98.22,51.506],[98.353,51.718],[98.641,51.801],[98.803,51.957],[98.849,52.07],[99.407,51.924],[99.719,51.872],[99.922,51.756],[100.536,51.713],[101.223,51.513],[101.381,51.453],[101.571,51.467],[102.112,51.353],[102.156,51.314],[102.152,51.108],[102.195,51.051],[102.215,50.829],[102.317,50.718],[102.288,50.585],[102.469,50.526],[102.683,50.387],[102.86,50.333],[103.162,50.291],[103.304,50.2],[103.633,50.139],[103.803,50.176],[104.18,50.169],[104.466,50.306],[105.095,50.39],[105.384,50.474],[105.693,50.414],[105.875,50.405],[106.218,50.305],[106.574,50.329],[106.711,50.313],[106.941,50.197],[107.04,50.086],[107.233,49.989],[107.631,49.983],[107.948,49.925],[107.937,49.691],[108.034,49.594],[108.213,49.525],[108.407,49.396],[108.614,49.323],[109.237,49.335],[109.529,49.27],[110.2,49.17],[110.428,49.22],[110.631,49.138],[110.828,49.166],[111.337,49.356],[111.429,49.343],[111.736,49.398],[112.08,49.424],[112.495,49.532],[112.806,49.524],[113.056,49.616],[113.164,49.797],[113.574,50.007],[113.881,50.101],[114.071,50.205],[114.297,50.274],[114.743,50.234],[115.003,50.139],[115.275,49.949],[115.429,49.896],[115.718,49.881],[116.135,50.011],[116.551,49.92],[116.683,49.824],[116.889,49.738],[117.246,49.625],[117.477,49.609],[117.698,49.536],[117.873,49.513],[118.452,49.844],[118.756,49.963],[118.979,49.979],[119.26,50.066],[119.346,50.279],[119.192,50.38],[119.281,50.561],[119.446,50.703],[119.573,50.947],[119.746,51.108],[119.813,51.267],[119.967,51.422],[120.067,51.601],[120.237,51.723],[120.511,51.849],[120.681,51.973],[120.75,52.097],[120.745,52.205],[120.665,52.3],[120.699,52.494],[120.656,52.567],[120.36,52.627],[120.068,52.633],[120.095,52.787],[120.421,52.968],[120.704,53.172],[120.985,53.285],[121.405,53.317],[122.089,53.451],[122.338,53.485],[122.516,53.457],[122.745,53.469],[123.154,53.545],[123.608,53.547],[123.995,53.406],[124.291,53.341],[124.466,53.23],[124.64,53.211],[124.812,53.134],[124.971,53.197],[125.226,53.166],[125.422,53.084],[125.649,53.042],[125.728,52.891],[125.872,52.872],[126.048,52.739],[126.016,52.61],[126.157,52.547],[126.313,52.4],[126.456,52.126],[126.511,51.926],[126.701,51.703],[126.709,51.566],[126.805,51.506],[126.834,51.315],[126.925,51.1],[127.307,50.708],[127.347,50.55],[127.306,50.454],[127.395,50.299],[127.59,50.209],[127.512,50.072],[127.502,49.873],[127.711,49.672],[128,49.569],[128.237,49.559],[128.704,49.6],[128.819,49.464],[129.12,49.362],[129.498,49.389],[129.534,49.323],[129.793,49.199],[130.037,48.972],[130.196,48.892],[130.553,48.861],[130.617,48.773],[130.552,48.602],[130.804,48.342],[130.712,48.128],[130.733,48.019],[130.849,47.929],[131.003,47.691],[131.319,47.728],[131.557,47.682],[131.785,47.681],[132.38,47.729],[132.562,47.769],[132.707,47.947],[132.877,47.979],[133.144,48.106],[133.468,48.097],[133.842,48.274],[134.293,48.373],[134.564,48.322],[134.665,48.254],[134.669,48.153],[134.566,48.023],[134.752,47.715],[134.596,47.524],[134.483,47.447],[134.291,47.414],[134.168,47.302],[134.202,47.128],[134.137,47.069],[134.039,46.858],[134.023,46.713],[133.867,46.499],[133.903,46.367],[133.861,46.248],[133.701,46.14],[133.686,46.009],[133.513,45.879],[133.436,45.605],[133.186,45.495],[133.113,45.321],[133.113,45.131],[132.936,45.03],[131.978,45.244],[131.852,45.327],[131.654,45.205],[131.579,45.084],[131.447,44.984],[131.228,44.92],[131.082,44.91],[130.968,44.8],[131.061,44.66],[131.255,44.072],[131.213,44.003],[131.174,43.705],[131.182,43.506],[131.262,43.433],[131.176,43.142],[131.086,43.038],[131.069,42.902],[130.577,42.812],[130.425,42.727],[130.577,42.623],[130.527,42.535],[130.687,42.303],[130.834,42.523],[130.756,42.673],[130.946,42.634],[131.158,42.626],[131.292,42.772],[131.393,42.822],[131.516,42.996],[131.722,43.203],[131.939,43.302],[131.898,43.171],[132.029,43.119],[132.233,43.245],[132.334,43.239],[132.304,42.883],[132.481,42.91],[132.709,42.876],[132.864,42.794],[132.997,42.808],[133.16,42.697],[133.587,42.828],[133.709,42.83],[134.01,42.947],[134.156,43.042],[134.692,43.291],[134.917,43.427],[135.131,43.526],[135.26,43.685],[135.483,43.835],[135.533,43.971],[135.875,44.374],[136.142,44.489],[136.251,44.667],[136.46,44.822],[136.804,45.171],[137.147,45.394],[137.425,45.64],[137.685,45.818],[137.769,45.929],[138.106,46.251],[138.21,46.463],[138.337,46.543],[138.392,46.745],[138.587,47.057],[139.001,47.383],[139.167,47.635],[139.373,47.887],[139.676,48.09],[139.761,48.181],[139.998,48.324],[140.171,48.524],[140.224,48.773],[140.378,48.964],[140.309,49.054],[140.431,49.331],[140.517,49.596],[140.463,49.911],[140.625,50.082],[140.535,50.131],[140.476,50.546],[140.521,50.8],[140.671,51.051],[140.688,51.232],[140.839,51.414],[140.933,51.62],[141.129,51.728],[141.367,51.921],[141.386,52.057],[141.485,52.179],[141.17,52.368],[141.132,52.436],[141.245,52.55],[141.256,52.84],[141.087,52.898],[140.875,53.04],[141.181,53.015],[141.402,53.184],[141.374,53.293],[141.218,53.334],[141.006,53.495],[140.688,53.596],[140.347,53.813],[140.179,54.052],[139.707,54.277],[139.32,54.193],[139.105,54.218],[138.696,54.32],[138.722,54.044],[138.661,53.745],[138.451,53.537],[138.292,53.592],[138.569,53.819],[138.568,53.947],[138.379,53.909],[138.253,53.726],[137.95,53.604],[137.738,53.56],[137.328,53.539],[137.221,53.579],[137.517,53.707],[137.645,53.866],[137.623,53.97],[137.339,54.101],[137.513,54.156],[137.666,54.283],[137.378,54.282],[137.096,54.129],[137.258,54.025],[137.155,53.822],[136.886,53.839],[136.719,53.804],[136.683,53.931],[136.729,54.061],[136.77,54.353],[136.82,54.452],[136.797,54.621],[136.238,54.614],[135.852,54.584],[135.258,54.731],[135.212,54.841],[135.263,54.943],[135.541,55.114],[135.751,55.161],[136.175,55.352],[136.46,55.577],[136.794,55.694],[137.384,55.975],[137.573,56.112],[137.692,56.139],[138.074,56.433],[138.218,56.629],[138.662,56.966],[138.966,57.088],[139.182,57.262],[139.444,57.33],[139.619,57.456],[139.862,57.549],[140.002,57.688],[140.447,57.814],[140.685,58.212],[140.988,58.417],[141.347,58.528],[141.755,58.745],[142.025,59],[142.33,59.153],[142.58,59.24],[143.192,59.37],[143.524,59.344],[143.869,59.411],[144.483,59.376],[145.555,59.414],[145.756,59.374],[145.932,59.198],[146.05,59.171],[146.273,59.221],[146.444,59.43],[146.537,59.457],[146.804,59.373],[147.04,59.366],[147.514,59.269],[147.688,59.291],[147.875,59.388],[148.257,59.414],[148.491,59.262],[148.914,59.283],[148.965,59.369],[148.744,59.374],[148.709,59.449],[149.205,59.488],[149.065,59.631],[149.29,59.728],[149.643,59.77],[150.457,59.591],[150.729,59.469],[150.863,59.475],[150.983,59.571],[151.17,59.583],[151.486,59.524],[151.798,59.323],[152.104,59.291],[152.261,59.224],[151.99,59.16],[151.505,59.164],[151.121,59.083],[151.327,58.875],[151.705,58.867],[152.088,58.91],[152.165,58.997],[152.401,59.026],[152.576,58.954],[152.882,58.939],[153.078,59.082],[153.273,59.091],[153.361,59.215],[153.695,59.225],[154.011,59.076],[154.247,59.109],[154.458,59.217],[154.704,59.141],[154.824,59.188],[155.16,59.19],[155.167,59.36],[154.971,59.45],[154.583,59.54],[154.358,59.481],[154.15,59.529],[154.269,59.658],[154.293,59.833],[154.441,59.884],[154.578,60.095],[154.971,60.377],[155.428,60.55],[155.853,60.777],[156.056,60.996],[156.344,61.155],[156.63,61.272],[156.68,61.481],[157.084,61.676],[157.469,61.799],[157.799,61.795],[158.07,61.754],[158.334,61.826],[158.547,61.811],[158.824,61.85],[159.077,61.922],[159.295,61.914],[159.552,61.719],[160.183,61.903],[160.317,61.793],[160.163,61.538],[159.883,61.292],[159.949,61.129],[159.79,60.957],[160.184,61.048],[160.379,61.025],[160.226,60.832],[160.174,60.638],[160.482,60.74],[160.767,60.753],[161.037,60.963],[162.188,61.541],[162.393,61.662],[162.699,61.653],[163.085,61.571],[163.258,61.699],[163.009,61.792],[163.131,62.05],[163.163,62.26],[163.302,62.373],[163.244,62.455],[163.332,62.551],[164.256,62.697],[164.567,62.675],[164.792,62.571],[165.044,62.517],[165.124,62.412],[164.598,62.471],[164.207,62.292],[164.074,62.045],[164.02,61.711],[163.883,61.64],[163.804,61.461],[164.005,61.344],[163.893,61.24],[163.62,61.111],[163.554,61.026],[163.71,60.917],[163.352,60.8],[162.973,60.783],[162.713,60.659],[162.266,60.537],[162.004,60.42],[161.754,60.152],[161.449,60.027],[161.219,59.846],[160.855,59.627],[160.547,59.547],[160.35,59.394],[159.847,59.127],[159.592,58.804],[159.037,58.424],[158.687,58.281],[158.21,58.025],[157.975,57.986],[157.666,58.02],[157.45,57.799],[157.217,57.777],[156.986,57.83],[156.792,57.748],[156.948,57.616],[156.977,57.466],[156.728,57.152],[156.529,57.021],[156.067,56.782],[155.983,56.695],[155.717,56.072],[155.555,55.348],[155.62,54.865],[155.706,54.521],[155.905,53.928],[156.099,53.006],[156.11,52.866],[156.229,52.626],[156.365,52.509],[156.377,52.367],[156.49,51.913],[156.5,51.475],[156.543,51.312],[156.671,51.227],[156.748,50.969],[157.202,51.213],[157.49,51.409],[157.531,51.48],[157.823,51.605],[158.104,51.81],[158.332,52.091],[158.463,52.305],[158.5,52.46],[158.481,52.627],[158.609,52.874],[158.432,52.957],[158.472,53.032],[158.64,53.015],[158.745,52.909],[158.952,53.048],[159.136,53.117],[159.586,53.238],[159.772,53.23],[159.947,53.125],[160.002,53.275],[159.898,53.381],[159.956,53.552],[159.844,53.784],[159.922,54.008],[160.074,54.189],[160.289,54.288],[160.517,54.431],[160.773,54.541],[161.13,54.598],[161.294,54.521],[161.726,54.533],[162.106,54.752],[162.08,54.886],[161.824,55.139],[161.729,55.358],[161.776,55.655],[162.085,56.09],[162.528,56.261],[162.489,56.399],[162.671,56.49],[162.975,56.449],[162.713,56.331],[162.628,56.232],[162.84,56.066],[163.047,56.045],[163.336,56.233],[163.243,56.565],[163.257,56.688],[163.046,56.741],[162.922,56.723],[162.803,56.811],[162.815,57.023],[162.762,57.244],[162.779,57.358],[163.109,57.565],[163.214,57.687],[163.145,57.837],[162.718,57.946],[162.522,57.904],[162.467,57.766],[162.197,57.829],[162.04,57.918],[161.96,58.077],[162.142,58.447],[162.453,58.709],[162.643,58.8],[163.004,59.02],[163.273,59.303],[163.269,59.52],[163.321,59.705],[163.41,59.835],[163.78,60.041],[164.135,59.984],[164.377,60.058],[164.67,59.997],[164.854,59.841],[165.019,59.861],[165.085,60.099],[165.285,60.135],[165.942,60.357],[166.18,60.48],[166.352,60.485],[166.136,59.979],[166.187,59.849],[166.332,59.872],[166.964,60.307],[167.227,60.406],[167.626,60.469],[168.138,60.574],[168.463,60.592],[168.67,60.563],[169.227,60.596],[169.618,60.438],[169.887,60.218],[169.983,60.067],[170.154,59.986],[170.351,59.966],[170.423,60.048],[170.608,60.435],[170.949,60.523],[171.49,60.726],[171.729,60.843],[172.067,60.916],[172.393,61.062],[172.396,61.167],[172.585,61.19],[172.731,61.314],[172.908,61.312],[172.857,61.469],[173.132,61.407],[173.623,61.716],[173.822,61.679],[174.139,61.795],[174.514,61.824],[174.798,61.939],[175.192,62.034],[175.268,62.102],[176.328,62.346],[176.703,62.506],[177.159,62.561],[176.963,62.693],[177.024,62.777],[177.36,62.737],[177.351,62.587],[178.019,62.547],[179.121,62.32],[179.177,62.469],[179.571,62.688],[179.511,62.863],[179.381,62.884],[179.26,63.008],[179.405,63.078],[179.332,63.19],[179.028,63.282],[178.919,63.4],[178.706,63.522],[178.44,63.606],[178.731,63.667],[178.65,63.965],[178.451,64.011],[178.477,64.128],[178.381,64.261],[177.953,64.222],[177.688,64.305],[177.433,64.444],[177.467,64.737],[177.388,64.774],[177.05,64.719],[176.731,64.625],[176.351,64.705],[176.247,64.843],[176.831,64.849],[177.069,64.787],[177.223,64.862],[177.179,65.014],[177.582,64.778],[177.749,64.717],[178.285,64.672],[178.52,64.603],[178.698,64.631],[179.15,64.782],[179.448,64.822],[179.827,65.034],[180,65.067],[180,68.983],[179.868,69.013],[179.273,69.26],[178.951,69.296],[178.848,69.387],[178.443,69.453],[177.934,69.496],[177.395,69.612],[176.924,69.646],[176.108,69.86],[175.751,69.904],[175.296,69.86],[174.786,69.856],[173.948,69.874],[173.439,69.947],[173.277,69.824],[172.56,69.968],[171.971,70],[171.247,70.076],[170.487,70.108],[170.503,69.857],[170.161,69.627],[170.582,69.583],[170.714,69.388],[170.997,69.135],[170.995,69.045],[170.538,68.825],[169.61,68.786],[169.415,68.92],[169.311,69.08],[168.303,69.271],[168.15,69.577],[167.95,69.699],[167.628,69.74],[167.073,69.554],[166.82,69.5],[165.98,69.546],[165.761,69.584],[164.513,69.609],[164.16,69.719],[163.946,69.735],[163.498,69.693],[163.201,69.715],[162.376,69.649],[161.945,69.545],[161.537,69.38],[161.48,69.202],[161.566,69.064],[161.566,68.905],[161.365,68.823],[161.23,68.654],[161.129,68.654],[161.341,68.905],[161.31,68.982],[161.036,69.098],[160.911,69.606],[160.739,69.655],[159.833,69.785],[159.729,69.87],[160.006,70.31],[159.912,70.506],[159.728,70.65],[159.351,70.791],[158.702,70.935],[158.037,71.039],[157.447,71.075],[155.895,71.096],[155.596,71.039],[155.029,71.034],[154.414,70.974],[153.794,70.88],[152.509,70.834],[151.762,70.982],[152.093,71.023],[151.582,71.287],[150.968,71.38],[150.243,71.267],[150.668,71.455],[150.6,71.52],[150.061,71.511],[149.857,71.601],[149.498,71.664],[148.923,71.715],[149.049,71.796],[149.881,71.843],[149.963,71.992],[149.502,72.164],[148.965,72.252],[148.402,72.312],[147.434,72.341],[147.127,72.292],[146.368,71.922],[145.805,71.746],[145.189,71.696],[144.99,71.753],[145.126,71.927],[145.407,71.89],[145.757,71.941],[145.664,72.067],[145.71,72.206],[146.23,72.138],[146.402,72.035],[146.807,72.237],[146.594,72.302],[145.039,72.26],[144.471,72.175],[144.361,72.265],[144.776,72.382],[146.235,72.35],[146.253,72.442],[145.486,72.542],[143.516,72.698],[142.061,72.721],[141.518,72.789],[141.31,72.858],[140.808,72.891],[140.652,72.843],[140.973,72.717],[141.079,72.587],[140.451,72.493],[139.601,72.496],[139.141,72.33],[139.176,72.163],[139.617,72.226],[139.847,72.149],[139.64,71.998],[139.723,71.885],[139.695,71.7],[139.984,71.492],[139.209,71.445],[139.005,71.556],[138.67,71.635],[138.525,71.563],[138.118,71.566],[137.918,71.384],[138.091,71.307],[137.651,71.208],[137.315,71.359],[136.406,71.571],[135.885,71.631],[135.559,71.61],[135.359,71.544],[135.022,71.515],[134.703,71.387],[134.103,71.379],[133.426,71.491],[133.131,71.607],[132.562,71.895],[132.228,71.643],[131.906,71.203],[131.562,70.901],[131.157,70.742],[130.668,70.888],[130.281,70.947],[130.026,71.065],[129.762,71.12],[128.949,71.708],[129.461,71.739],[129.21,71.917],[128.911,71.755],[128.359,72.088],[127.841,72.308],[127.803,72.434],[128.475,72.246],[128.935,72.079],[129.283,72.092],[129.411,72.166],[129.412,72.315],[129.117,72.486],[128.633,72.55],[129.25,72.705],[129.017,72.872],[128.599,72.895],[129.054,73.045],[128.889,73.19],[128.281,73.331],[127.74,73.482],[127.031,73.547],[126.553,73.335],[126.257,73.42],[126.254,73.548],[125.599,73.447],[125.617,73.521],[124.796,73.712],[124.388,73.755],[124.019,73.712],[123.797,73.627],[123.491,73.666],[123.305,73.533],[123.384,73.347],[123.622,73.193],[123.16,72.955],[122.615,73.028],[122.692,72.891],[122.03,72.897],[121.886,72.961],[121.354,72.971],[120.997,72.937],[120.598,72.981],[119.75,72.979],[119.425,73.064],[118.96,73.117],[118.43,73.247],[118.457,73.464],[118.871,73.538],[118.45,73.59],[117.309,73.599],[116.496,73.676],[115.338,73.703],[114.816,73.607],[114.061,73.585],[113.157,73.46],[113.416,73.648],[113.033,73.914],[112.795,73.746],[112.147,73.709],[111.4,73.828],[111.056,73.939],[110.261,74.017],[109.869,73.931],[109.666,73.8],[109.753,73.723],[110.388,73.726],[110.429,73.629],[109.855,73.472],[109.331,73.487],[109.09,73.378],[108.001,73.236],[107.75,73.173],[107.109,73.177],[106.478,73.139],[106.209,73.061],[106.067,72.95],[105.677,72.959],[106.189,73.308],[106.679,73.331],[107.271,73.621],[107.765,73.625],[108.2,73.694],[109.075,74.032],[109.511,74.089],[109.81,74.169],[109.84,74.322],[110.226,74.379],[110.374,74.466],[110.893,74.548],[111.299,74.658],[111.868,74.74],[112.192,74.853],[112.925,75.015],[113.614,75.293],[113.726,75.451],[112.956,75.572],[112.629,75.835],[113.62,75.593],[113.871,75.856],[113.564,75.892],[113.428,76.112],[112.798,76.13],[112.62,76.384],[112.094,76.48],[111.786,76.604],[111.115,76.723],[110.471,76.758],[109.981,76.712],[109.369,76.749],[108.028,76.718],[107.902,76.57],[107.624,76.51],[107.158,76.524],[106.825,76.48],[106.639,76.573],[107.43,76.927],[106.942,77.034],[106.339,77.048],[105.712,77.001],[104.912,77.175],[105.385,77.238],[105.734,77.352],[106.06,77.391],[105.895,77.489],[104.965,77.595],[104.814,77.652],[104.015,77.73],[103.561,77.632],[103.131,77.626],[102.61,77.509],[101.518,77.198],[100.99,76.99],[100.92,76.823],[101.099,76.704],[100.844,76.525],[100.322,76.479],[98.806,76.481],[99.617,76.24],[99.563,76.109],[98.662,76.243],[97.67,76.078],[97.205,76.019],[96.879,75.931],[96.509,76.006],[95.986,76.01],[95.92,76.113],[95.359,76.14],[95.038,76.114],[94.576,76.152],[93.648,76.054],[93.259,76.099],[93.178,75.959],[93.55,75.854],[91.845,75.724],[91.479,75.65],[91.005,75.65],[90.185,75.591],[89.595,75.458],[89.31,75.47],[88.733,75.369],[88.504,75.29],[87.671,75.13],[87.171,75.192],[87.141,75.072],[87.468,75.013],[87.419,74.941],[86.863,74.718],[86.651,74.682],[86.201,74.816],[85.791,74.645],[86.116,74.629],[86.7,74.522],[87.23,74.364],[86.898,74.325],[86.665,74.414],[86.183,74.423],[86.001,74.316],[86.571,74.244],[87.21,73.879],[87.571,73.811],[87.12,73.615],[86.376,73.569],[86.366,73.62],[87.029,73.824],[86.591,73.894],[85.611,73.822],[85.448,73.735],[85.077,73.72],[84.738,73.763],[84.417,73.722],[83.545,73.667],[81.817,73.659],[80.583,73.568],[80.596,73.474],[80.398,73.357],[80.51,73.086],[80.842,72.949],[80.656,72.712],[80.827,72.488],[81.283,72.359],[81.793,72.327],[82.184,72.238],[82.319,72.072],[82.645,71.925],[83.2,71.875],[83.534,71.684],[83.571,71.594],[83.266,71.276],[83.151,71.104],[83.579,70.766],[83.736,70.546],[83.66,70.418],[83.497,70.345],[83.074,70.277],[83.081,70.093],[82.857,70.105],[82.682,70.218],[82.92,70.407],[83.03,70.581],[83.051,70.815],[82.869,70.955],[82.336,70.807],[82.239,70.998],[82.323,71.26],[82.918,71.42],[83.234,71.668],[82.986,71.749],[82.547,71.759],[82.08,71.707],[81.511,71.746],[80.856,71.97],[80.763,72.089],[79.954,72.223],[79.422,72.381],[78.483,72.395],[77.968,72.329],[77.733,72.229],[77.472,72.192],[77.493,72.072],[78.016,72.092],[78.232,71.952],[77.778,71.836],[77.551,71.842],[77.061,72.004],[76.871,72.033],[76.422,72.006],[76.032,71.91],[76.312,71.595],[76.871,71.447],[77.481,71.312],[77.908,71.324],[78.213,71.266],[78.387,71.087],[78.588,70.994],[78.526,70.912],[78.068,70.986],[77.59,71.168],[76.11,71.219],[75.332,71.342],[75.28,71.43],[75.469,71.534],[75.503,71.655],[75.247,71.813],[75.55,72.171],[75.741,72.296],[75.591,72.457],[75.604,72.581],[75.369,72.797],[75.152,72.853],[74.787,72.812],[75.008,72.619],[75.097,72.421],[74.992,72.145],[74.311,71.958],[73.672,71.845],[73.086,71.445],[73.507,71.264],[73.732,71.069],[74.311,70.654],[74.207,70.445],[73.83,70.176],[73.578,69.803],[73.56,69.707],[73.891,69.418],[73.776,69.198],[73.977,69.115],[74.363,69.145],[74.815,69.091],[75.054,69.116],[75.42,69.239],[76.001,69.235],[76.645,69.117],[77.328,68.959],[77.651,68.903],[77.785,68.63],[77.907,68.482],[77.995,68.259],[77.665,68.19],[77.536,68.008],[77.588,67.752],[78.922,67.589],[77.986,67.559],[77.675,67.59],[77.174,67.779],[77.248,67.941],[77.238,68.47],[77.112,68.596],[76.735,68.777],[76.459,68.978],[76.108,68.976],[75.59,68.901],[75.125,68.862],[74.58,68.751],[74.481,68.659],[74.391,68.421],[74.743,68.074],[74.77,67.766],[74.676,67.695],[74.075,67.414],[73.883,67.085],[73.792,66.995],[73.342,66.807],[72.417,66.561],[72.322,66.332],[71.917,66.247],[71.566,66.334],[71.146,66.367],[70.339,66.342],[69.982,66.401],[69.701,66.485],[69.412,66.511],[69.194,66.579],[69.013,66.788],[69.218,66.829],[69.74,66.815],[69.877,66.845],[70.283,66.686],[70.383,66.602],[70.725,66.519],[70.939,66.548],[71.551,66.76],[71.365,66.962],[71.668,66.94],[71.847,67.008],[72.594,67.587],[72.949,67.696],[73.152,67.865],[73.139,68.181],[73.465,68.431],[73.548,68.575],[72.812,68.815],[72.577,68.969],[72.527,69.081],[72.557,69.378],[72.616,69.484],[72.599,69.793],[72.53,70.173],[72.469,70.275],[72.7,70.457],[72.732,70.823],[72.581,71.151],[72.079,71.307],[71.867,71.457],[71.912,71.548],[72.279,71.696],[72.624,72.079],[72.753,72.343],[72.812,72.691],[72.446,72.79],[71.93,72.82],[71.5,72.914],[70.655,72.89],[69.645,72.898],[69.391,72.956],[69.039,72.67],[68.607,72.013],[68.269,71.683],[67.542,71.412],[66.918,71.282],[66.768,71.14],[66.847,71.064],[66.666,70.901],[66.822,70.797],[67.143,70.838],[67.285,70.739],[67.146,70.22],[67.239,70.108],[66.926,70.014],[66.804,69.659],[67.064,69.694],[67.624,69.584],[68.006,69.48],[68.117,69.236],[68.543,68.967],[68.763,68.917],[69.141,68.951],[68.829,68.567],[68.504,68.348],[68.157,68.404],[67.731,68.514],[67.64,68.579],[67.149,68.754],[67.002,68.874],[66.416,68.948],[65.813,69.077],[65.736,69.132],[65.032,69.27],[64.592,69.436],[64.19,69.535],[63.361,69.675],[62.631,69.743],[61.771,69.763],[61.016,69.851],[60.813,69.821],[60.559,69.692],[60.171,69.591],[60.665,69.11],[60.859,69.146],[60.934,68.987],[60.489,68.729],[59.896,68.706],[59.897,68.422],[59.604,68.351],[59.099,68.444],[59.112,68.616],[59.371,68.738],[58.919,69.004],[58.173,68.89],[57.444,68.642],[57.127,68.554],[56.62,68.619],[56.044,68.649],[55.675,68.576],[55.418,68.568],[54.923,68.374],[54.861,68.202],[54.561,68.273],[53.968,68.227],[53.261,68.267],[53.343,68.343],[53.931,68.436],[53.918,68.537],[53.759,68.634],[53.971,68.844],[53.802,68.996],[52.684,68.731],[52.55,68.592],[52.67,68.427],[52.322,68.34],[52.285,68.459],[51.995,68.539],[51.336,68.402],[50.839,68.35],[49.931,68.065],[49.155,67.87],[48.696,67.874],[48.878,67.731],[47.875,67.584],[47.908,67.455],[47.768,67.276],[47.709,67.045],[47.496,66.93],[46.691,66.826],[45.986,66.853],[45.753,66.989],[45.562,67.186],[44.939,67.351],[44.939,67.477],[45.529,67.758],[46.69,67.849],[46.684,67.97],[46.158,68.291],[45.892,68.48],[45.519,68.547],[45.078,68.578],[44.048,68.549],[43.472,68.68],[43.404,68.609],[44.169,68.327],[44.225,67.996],[44.036,67.671],[43.856,67.439],[43.782,67.254],[43.855,67.189],[44.292,67.1],[44.404,67.004],[44.489,66.672],[44.221,66.407],[44.097,66.235],[44.104,66.009],[43.844,66.142],[43.55,66.173],[43.653,66.251],[43.551,66.321],[43.233,66.416],[42.602,66.423],[42.211,66.52],[41.781,66.259],[41.476,66.123],[41.076,66.021],[40.692,65.963],[40.328,65.752],[39.817,65.598],[39.749,65.448],[39.798,65.35],[40.143,65.063],[40.281,64.998],[40.445,64.779],[40.058,64.771],[39.849,64.691],[39.758,64.577],[39.567,64.571],[39.054,64.714],[38.541,64.791],[38.412,64.857],[38.009,64.879],[37.528,65.108],[37.141,65.194],[36.883,65.172],[36.786,64.987],[36.535,64.939],[36.528,64.847],[37.184,64.408],[37.43,64.374],[37.741,64.397],[37.954,64.32],[38.071,64.026],[37.968,63.949],[37.635,63.893],[37.442,63.813],[36.975,63.91],[36.365,64.003],[36.146,64.189],[35.647,64.378],[35.432,64.347],[35.035,64.44],[34.87,64.56],[34.804,64.986],[34.671,65.168],[34.406,65.396],[34.616,65.51],[34.777,65.768],[34.786,65.865],[34.4,66.128],[34.113,66.225],[33.567,66.321],[33.656,66.443],[33.217,66.532],[33.181,66.68],[32.929,66.704],[32.464,66.916],[32.501,67.004],[32.202,67.113],[32.4,67.153],[32.93,67.087],[32.848,67.022],[33.15,66.844],[33.482,66.765],[34.452,66.651],[34.483,66.55],[34.825,66.611],[35.513,66.396],[36.373,66.302],[36.77,66.294],[37.295,66.225],[37.628,66.13],[38.398,66.064],[38.654,66.069],[39.289,66.132],[40.103,66.3],[40.522,66.447],[41.189,66.826],[41.276,66.914],[41.359,67.21],[41.134,67.267],[40.966,67.713],[40.381,67.832],[40.036,68.015],[39.569,68.072],[38.832,68.325],[38.43,68.356],[38.358,68.415],[37.731,68.692],[36.618,69.003],[35.858,69.192],[35.29,69.275],[34.864,69.228],[34.229,69.313],[33.684,69.31],[33.436,69.13],[33.328,69.152],[33.454,69.428],[32.637,69.489],[32.378,69.479],[32.177,69.674],[32.754,69.606],[32.995,69.626],[32.942,69.752],[32.565,69.806],[31.985,69.954],[32.031,69.835],[31.789,69.816],[31.666,69.721],[31.453,69.69],[30.87,69.783],[30.924,69.652],[30.861,69.538],[30.615,69.533],[30.228,69.634],[30.132,69.464],[29.994,69.392],[29.388,69.298],[29.21,69.097],[28.966,69.022],[28.566,68.928],[28.752,68.771],[28.471,68.488],[28.685,68.19],[29.344,68.062],[29.822,67.754],[29.979,67.689],[29.941,67.547],[29.572,67.324],[29.087,66.971],[29.093,66.849],[29.464,66.532],[29.671,66.276],[29.903,66.091],[30.088,65.787],[30.095,65.682],[29.716,65.625],[29.819,65.569],[29.728,65.473],[29.63,65.224],[29.811,65.205],[29.811,65.108],[29.604,64.968],[29.783,64.804],[30.073,64.765],[30.12,64.645],[29.986,64.558],[30.108,64.366],[30.488,64.237],[30.504,64.021],[30.055,63.689],[30.419,63.504],[31.181,63.208],[31.509,62.955],[31.534,62.885],[31.286,62.568],[30.936,62.324],[30.566,62.128],[29.69,61.546],[29.252,61.288],[28.407,60.897],[27.798,60.536],[28.179,60.571],[28.513,60.677],[28.651,60.611],[28.643,60.375],[28.813,60.332],[29.069,60.191],[29.37,60.176],[29.721,60.195],[29.977,60.026],[30.173,59.957],[30.123,59.874],[29.67,59.956],[29.147,60],[28.947,59.829],[28.454,59.814],[28.335,59.693],[28.131,59.787],[28.014,59.725],[28.064,59.554],[28.013,59.484],[28.151,59.374],[27.898,59.278],[27.758,59.052],[27.464,58.841],[27.427,58.733],[27.531,58.435],[27.488,58.27],[27.753,57.841],[27.542,57.799],[27.4,57.667],[27.352,57.528],[27.511,57.508],[27.539,57.43],[27.797,57.317],[27.815,57.167],[27.717,57.055],[27.639,56.846],[27.806,56.867],[28.008,56.6],[28.103,56.546],[28.202,56.26],[28.148,56.143],[28.284,56.056],[28.564,56.092],[28.795,55.943],[29.087,56.021],[29.375,55.939],[29.353,55.784],[29.482,55.685],[29.937,55.845],[30.234,55.845],[30.456,55.787],[30.626,55.666],[30.907,55.57],[30.901,55.397],[30.814,55.279],[30.959,55.138],[30.978,55.05],[30.83,54.915],[30.799,54.783],[31.121,54.648],[31.075,54.492],[31.185,54.453],[31.404,54.196],[31.792,54.056],[31.838,54.001],[31.754,53.81],[32.2,53.781],[32.45,53.693],[32.47,53.547],[32.686,53.448],[32.704,53.336],[32.469,53.27],[32.426,53.211],[32.142,53.091],[31.85,53.106],[31.668,53.201],[31.418,53.196],[31.259,53.017],[31.535,52.798],[31.526,52.633],[31.586,52.532],[31.577,52.312],[31.763,52.101],[31.974,52.047],[32.122,52.051],[32.283,52.114],[32.363,52.272],[32.508,52.309],[32.9,52.256],[33.148,52.34],[33.735,52.345],[33.922,52.251],[34.113,51.98],[34.398,51.78],[34.379,51.717],[34.121,51.679],[34.201,51.554],[34.207,51.42],[34.281,51.312],[34.234,51.244],[34.491,51.237],[34.712,51.172],[35.064,51.203],[35.158,51.061],[35.312,51.044],[35.383,50.799],[35.44,50.728],[35.412,50.54],[35.674,50.346],[35.89,50.437],[36.116,50.409],[36.306,50.28],[36.5,50.28],[36.619,50.209],[36.759,50.292],[37.423,50.411],[37.582,50.292],[37.704,50.109],[38.047,49.92],[38.163,49.955],[38.259,50.052],[38.451,49.964],[38.648,49.953],[38.918,49.825],[39.175,49.856],[39.303,49.742],[39.463,49.728],[39.781,49.572],[40.031,49.597],[40.095,49.543],[40.058,49.432],[40.126,49.369],[40.07,49.2],[39.89,49.064],[39.687,49.008],[39.793,48.808],[39.705,48.739],[39.645,48.591],[39.836,48.543],[39.961,48.238],[39.885,48.168],[39.736,47.845],[39.391,47.834],[38.9,47.855],[38.719,47.714],[38.511,47.622],[38.287,47.559],[38.201,47.321],[38.281,47.277],[38.201,47.175],[38.214,47.091]]],[[[47.442,80.854],[46.799,80.755],[45.125,80.652],[45.149,80.599],[46.141,80.447],[46.678,80.561],[47.304,80.606],[47.6,80.742],[48.625,80.629],[48.446,80.806],[47.442,80.854]]],[[[50.278,80.927],[49.244,80.821],[49.185,80.559],[48.403,80.569],[47.656,80.501],[46.644,80.3],[46.991,80.183],[47.444,80.23],[47.632,80.112],[48.467,80.11],[49.011,80.207],[48.677,80.3],[48.896,80.369],[49.586,80.377],[49.846,80.498],[50.961,80.54],[51.704,80.688],[50.801,80.914],[50.278,80.927]]],[[[67.765,76.238],[68.165,76.285],[68.9,76.573],[68.873,76.79],[68.486,76.934],[67.535,77.008],[66.829,76.924],[66.063,76.746],[65.863,76.613],[64.463,76.378],[63.526,76.31],[62.971,76.237],[62.471,76.23],[61.787,76.291],[61.202,76.282],[61.054,76.12],[60.279,76.096],[60.036,75.984],[58.881,75.855],[58.418,75.72],[58.058,75.663],[58.094,75.593],[57.783,75.507],[57.607,75.341],[57.088,75.384],[56.809,75.328],[56.876,75.244],[56.57,75.098],[56.036,75.194],[55.81,75.125],[55.998,75.003],[56.499,74.957],[55.914,74.796],[55.582,74.628],[55.662,74.556],[56.078,74.481],[55.341,74.42],[55.023,74.187],[54.643,73.96],[54.386,73.936],[53.763,73.766],[54.205,73.542],[54.132,73.481],[54.3,73.351],[54.769,73.449],[55.007,73.454],[55.549,73.357],[56.035,73.346],[56.43,73.297],[56.964,73.367],[57.134,73.504],[57.543,73.658],[57.872,73.85],[57.767,74.014],[58.441,74.129],[58.665,74.289],[58.535,74.499],[58.928,74.463],[59.101,74.508],[59.24,74.693],[59.596,74.614],[59.747,74.746],[60.222,74.797],[60.501,74.905],[60.241,74.971],[60.655,75.055],[61.356,75.315],[61.616,75.32],[62.066,75.428],[63.659,75.669],[64.263,75.72],[66.282,75.984],[67.127,76.108],[67.765,76.238]]],[[[55.32,73.308],[54.804,73.388],[54.091,73.276],[53.753,73.293],[53.358,73.225],[53.198,73.148],[53.247,72.973],[52.812,72.875],[52.529,72.737],[52.917,72.669],[52.622,72.301],[52.252,72.13],[51.885,72.153],[51.583,72.071],[51.444,71.934],[51.439,71.777],[51.59,71.571],[51.813,71.491],[52.18,71.49],[52.419,71.537],[52.909,71.495],[53.364,71.542],[53.41,71.34],[53.886,71.196],[53.857,71.07],[53.588,71.052],[53.722,70.814],[54.333,70.745],[54.601,70.68],[55.237,70.666],[55.687,70.692],[55.797,70.616],[56.142,70.658],[56.435,70.563],[56.649,70.647],[57.146,70.589],[57.625,70.729],[57.484,70.792],[56.895,70.927],[56.454,71.107],[56.043,71.346],[55.614,71.69],[55.471,71.869],[55.298,71.935],[55.518,72.221],[55.356,72.465],[55.616,72.599],[55.723,72.766],[56.084,72.789],[56.189,73.033],[56.43,73.201],[56.138,73.256],[55.32,73.308]]],[[[96.527,81.076],[95.801,81.28],[95.16,81.271],[94.612,81.115],[93.065,80.988],[92.593,80.781],[93.263,80.791],[92.578,80.533],[91.897,80.478],[91.524,80.359],[91.637,80.27],[92.202,80.179],[93.872,80.01],[94.565,80.126],[97.175,80.241],[97.25,80.363],[97.025,80.536],[97.221,80.652],[97.856,80.698],[97.832,80.798],[96.755,80.958],[96.527,81.076]]],[[[97.675,80.158],[96.417,80.104],[94.987,80.097],[94.347,79.942],[94.257,79.83],[93.847,79.702],[93.405,79.632],[93.071,79.495],[94.219,79.402],[94.652,79.127],[95.133,79.05],[95.531,79.098],[95.796,79.001],[96.347,79.016],[97.555,78.827],[98.411,78.788],[99.44,78.834],[99.929,78.961],[99.815,79.096],[99.517,79.13],[99.167,79.306],[99.681,79.323],[99.782,79.628],[100.061,79.777],[99.727,79.92],[99.295,80.016],[98.596,80.052],[98.353,79.884],[97.76,79.896],[98.018,80.023],[97.675,80.158]]],[[[102.885,79.254],[102.79,79.392],[101.591,79.35],[101.543,79.254],[101.196,79.204],[100.901,78.98],[100.876,78.784],[100.284,78.679],[100.019,78.339],[99.546,78.179],[99.287,78.038],[99.5,77.976],[100.082,77.975],[101.204,78.192],[102.18,78.205],[103.003,78.256],[103.719,78.258],[104.297,78.335],[104.833,78.353],[105.313,78.5],[105.343,78.594],[105.146,78.819],[104.452,78.88],[103.673,79.15],[102.95,79.056],[102.885,79.254]]],[[[140.049,75.829],[139.743,75.953],[138.814,76.2],[138.208,76.115],[137.977,76.028],[137.625,75.988],[137.501,75.91],[137.707,75.76],[137.269,75.749],[137.215,75.554],[137.29,75.349],[136.982,75.365],[137.006,75.235],[137.218,75.124],[137.683,75.009],[138.092,74.797],[139.099,74.657],[139.326,74.687],[139.606,74.946],[139.758,74.964],[140.268,74.847],[141.31,74.923],[141.987,74.991],[142.287,74.85],[142.778,74.868],[143.128,74.97],[142.617,75.133],[142.151,75.458],[142.086,75.661],[142.552,75.721],[143.002,75.66],[142.734,75.545],[142.729,75.338],[143.17,75.117],[144.02,75.045],[144.408,75.102],[144.883,75.269],[144.727,75.366],[145.255,75.586],[143.686,75.864],[143.185,75.814],[142.46,75.904],[141.742,76.108],[141.485,76.137],[141.033,75.989],[140.926,75.867],[140.944,75.7],[140.496,75.69],[140.389,75.796],[140.049,75.829]]],[[[146.795,75.371],[146.751,75.51],[146.438,75.558],[146.149,75.198],[146.703,75.114],[147.144,74.998],[147.627,74.959],[148.092,74.826],[149.05,74.772],[149.597,74.773],[150.331,74.867],[150.646,74.945],[150.531,75.1],[150.104,75.219],[148.475,75.272],[148.432,75.414],[147.497,75.441],[147.06,75.364],[146.795,75.371]]],[[[178.862,70.826],[179.153,70.88],[179.648,70.899],[180,70.993],[180,71.538],[179.548,71.448],[178.891,71.231],[178.628,71.047],[178.862,70.826]]],[[[142.761,54.394],[142.552,54.279],[142.335,54.281],[142.67,53.968],[142.706,53.896],[142.643,53.737],[142.509,53.588],[142.526,53.447],[142.319,53.405],[142.142,53.496],[141.964,53.456],[141.824,53.34],[141.874,53.039],[141.856,52.794],[141.803,52.556],[141.661,52.273],[141.668,51.933],[141.808,51.789],[141.722,51.736],[142.006,51.521],[142.207,51.223],[142.208,50.998],[142.1,50.776],[142.071,50.515],[142.153,50.217],[142.142,49.569],[142.02,49.078],[141.866,48.75],[141.897,48.655],[142.135,48.29],[142.182,48.013],[141.964,47.587],[141.984,47.348],[142.039,47.14],[141.867,46.694],[141.83,46.451],[141.962,46.013],[142.077,45.917],[142.209,46.089],[142.304,46.358],[142.406,46.555],[142.578,46.701],[142.692,46.711],[142.829,46.605],[143.282,46.559],[143.352,46.476],[143.419,46.222],[143.509,46.23],[143.581,46.361],[143.54,46.575],[143.447,46.792],[143.218,46.795],[143.089,47.001],[143.006,47.223],[142.864,47.392],[142.67,47.537],[142.557,47.738],[142.574,48.072],[142.972,48.918],[143.027,49.105],[143.105,49.199],[143.382,49.291],[143.732,49.312],[143.968,49.276],[144.125,49.209],[144.284,49.07],[144.536,48.894],[144.272,49.311],[144.2,49.55],[144.048,49.896],[143.816,50.283],[143.736,50.507],[143.534,51.246],[143.473,51.299],[143.455,51.471],[143.321,51.583],[143.295,51.744],[143.156,52.084],[143.172,52.349],[143.324,52.614],[143.325,52.963],[143.224,53.296],[142.918,53.794],[142.976,54.141],[142.761,54.394]]],[[[-178.876,71.577],[-179.691,71.578],[-180,71.538],[-180,70.993],[-179.507,70.923],[-179.157,70.94],[-178.528,71.015],[-177.822,71.068],[-177.524,71.167],[-177.532,71.263],[-178.354,71.529],[-178.876,71.577]]],[[[35.816,65.182],[35.559,65.094],[35.842,65.001],[35.816,65.182]]],[[[52.903,71.365],[52.777,71.4],[52.297,71.357],[52.25,71.285],[52.547,71.25],[52.835,71.086],[53.048,71.031],[53.205,71.16],[52.903,71.365]]],[[[161.467,68.901],[161.517,68.97],[161.394,69.106],[161.351,69.369],[161.54,69.437],[161.618,69.592],[161.505,69.639],[161.111,69.47],[161.165,69.334],[161.137,69.11],[161.461,68.996],[161.467,68.901]]],[[[149.15,76.66],[149.268,76.747],[148.72,76.747],[148.399,76.648],[149.15,76.66]]],[[[137.96,71.508],[137.817,71.588],[137.282,71.58],[137.712,71.423],[137.96,71.508]]],[[[107.696,78.131],[107.508,78.189],[106.583,78.168],[107.002,78.096],[107.696,78.131]]],[[[112.478,76.621],[112.011,76.633],[112.532,76.45],[112.661,76.51],[112.478,76.621]]],[[[96.532,76.278],[95.786,76.294],[95.311,76.215],[96.109,76.155],[96.532,76.278]]],[[[96.285,77.027],[96.561,77.13],[96.528,77.206],[95.421,77.056],[95.855,76.975],[96.285,77.027]]],[[[74.661,72.873],[74.725,73.108],[74.199,73.109],[74.1,73.022],[74.661,72.873]]],[[[70.021,66.502],[70.077,66.696],[69.8,66.736],[69.469,66.716],[69.651,66.565],[69.845,66.49],[70.021,66.502]]],[[[50.052,80.074],[50.319,80.172],[49.884,80.23],[49.556,80.159],[50.052,80.074]]],[[[51.409,79.944],[50.936,80.094],[50.091,79.981],[50.454,79.924],[51.409,79.944]]],[[[59.689,79.956],[59.911,79.994],[59.545,80.119],[58.946,80.042],[59.331,79.923],[59.689,79.956]]],[[[58.622,81.042],[58.05,81.118],[57.405,80.915],[57.938,80.793],[58.86,80.779],[58.903,80.898],[58.622,81.042]]],[[[50.265,69.186],[50.167,69.257],[49.225,69.511],[48.953,69.509],[48.631,69.436],[48.32,69.269],[48.279,69.04],[48.439,68.805],[48.667,68.733],[49.18,68.778],[49.626,68.86],[49.921,69.053],[50.265,69.186]]],[[[63.374,80.7],[64.548,80.755],[65.437,80.931],[65.382,81.057],[64.802,81.197],[64.31,81.175],[64.096,80.998],[63.116,80.967],[62.52,80.822],[63.002,80.713],[63.374,80.7]]],[[[57.956,80.123],[58.398,80.319],[59.255,80.343],[58.48,80.465],[57.075,80.494],[57.392,80.139],[57.956,80.123]]],[[[62.168,80.835],[61.597,80.893],[60.482,80.804],[59.592,80.817],[59.387,80.713],[59.304,80.522],[59.65,80.431],[60.278,80.494],[61.051,80.419],[61.681,80.586],[62.076,80.617],[62.168,80.835]]],[[[61.141,80.95],[61.457,81.104],[60.587,81.088],[60.058,80.985],[61.141,80.95]]],[[[53.521,80.185],[53.852,80.268],[53.186,80.413],[52.213,80.264],[52.856,80.173],[53.521,80.185]]],[[[57.079,80.351],[56.024,80.341],[56.012,80.204],[55.724,80.105],[56.201,80.076],[57.08,80.095],[57.079,80.351]]],[[[57.81,81.546],[57.092,81.541],[56.157,81.303],[55.466,81.311],[55.717,81.188],[56.822,81.238],[57.451,81.136],[58.015,81.255],[57.859,81.368],[58.436,81.464],[57.81,81.546]]],[[[54.719,81.116],[54.367,80.904],[54.067,80.814],[54.668,80.739],[55.117,80.752],[55.713,80.637],[56.815,80.664],[57.694,80.792],[56.17,81.029],[55.471,81.02],[54.719,81.116]]],[[[63.651,81.609],[63.71,81.687],[62.795,81.719],[62.885,81.609],[63.651,81.609]]],[[[58.295,81.715],[59.356,81.759],[59.262,81.854],[58.135,81.828],[58.295,81.715]]],[[[92.683,79.685],[93.604,79.817],[93.803,79.905],[92.173,80.045],[91.426,80.049],[91.126,79.905],[92.154,79.685],[92.683,79.685]]],[[[91.567,81.141],[91.478,81.184],[90.07,81.214],[89.976,81.113],[91.223,81.064],[91.567,81.141]]],[[[141.01,73.999],[141.097,74.168],[140.849,74.274],[140.407,74.266],[140.102,74.184],[140.183,74.005],[140.507,73.919],[141.01,73.999]]],[[[142.185,73.896],[141.932,73.915],[141.085,73.866],[140.594,73.565],[140.381,73.483],[139.686,73.426],[140.027,73.361],[140.663,73.452],[141.597,73.311],[142.342,73.253],[143.193,73.221],[143.491,73.246],[143.464,73.459],[143.344,73.569],[142.639,73.803],[142.185,73.896]]],[[[135.949,75.41],[136.169,75.606],[135.614,75.766],[135.593,75.576],[135.452,75.39],[135.949,75.41]]],[[[136.197,73.914],[136.259,73.985],[135.628,74.22],[135.402,74.202],[136.051,73.929],[136.197,73.914]]],[[[137.941,55.093],[137.577,55.197],[137.436,55.016],[137.275,54.891],[137.463,54.873],[137.661,54.653],[137.991,54.821],[138.172,55.06],[137.941,55.093]]],[[[169.201,69.58],[169.375,69.883],[168.358,70.016],[168.196,70.008],[167.789,69.837],[168.348,69.664],[168.916,69.571],[169.201,69.58]]],[[[163.635,58.603],[163.96,58.744],[164.279,58.838],[164.616,58.886],[164.629,59.112],[164.517,59.227],[164.202,59.096],[163.761,59.015],[163.727,58.799],[163.577,58.641],[163.635,58.603]]],[[[166.65,54.839],[166.404,55.006],[166.248,55.165],[166.276,55.312],[165.931,55.351],[165.751,55.295],[165.992,55.19],[166.12,55.03],[166.325,54.865],[166.65,54.839]]],[[[154.81,49.312],[154.802,49.468],[154.883,49.566],[154.825,49.647],[154.613,49.381],[154.611,49.294],[154.81,49.312]]],[[[156.405,50.658],[156.488,50.843],[156.376,50.862],[156.168,50.732],[156.326,50.639],[156.405,50.658]]],[[[155.921,50.302],[156.044,50.452],[156.123,50.671],[156.097,50.772],[155.885,50.684],[155.773,50.482],[155.68,50.401],[155.434,50.369],[155.218,50.298],[155.243,50.095],[155.397,50.041],[155.516,50.146],[155.792,50.202],[155.921,50.302]]],[[[149.688,45.642],[149.883,45.783],[150.195,45.933],[150.235,46.012],[150.553,46.209],[150.349,46.213],[149.962,46.022],[149.796,45.876],[149.666,45.84],[149.447,45.593],[149.688,45.642]]],[[[148.6,45.318],[148.791,45.324],[148.812,45.51],[148.612,45.485],[148.324,45.282],[148.056,45.262],[147.965,45.378],[147.769,45.191],[147.558,45.062],[147.43,44.945],[147.247,44.856],[147.155,44.766],[147.141,44.663],[146.974,44.566],[147.207,44.554],[147.31,44.678],[147.563,44.836],[147.658,44.977],[147.914,44.99],[148.005,45.07],[148.262,45.217],[148.6,45.318]]],[[[146.714,43.744],[146.899,43.804],[146.825,43.86],[146.622,43.813],[146.714,43.744]]],[[[146.208,44.498],[146.112,44.5],[145.94,44.273],[145.666,43.999],[145.462,43.871],[145.439,43.737],[145.556,43.665],[145.587,43.845],[145.767,43.941],[145.914,44.104],[146.112,44.246],[146.296,44.281],[146.437,44.376],[146.208,44.498]]],[[[113.387,74.4],[112.952,74.48],[112.084,74.549],[111.949,74.389],[111.503,74.353],[111.643,74.273],[112.196,74.146],[112.782,74.095],[113.259,74.273],[113.387,74.4]]],[[[76.249,79.651],[76.154,79.579],[76.65,79.493],[77.36,79.557],[76.249,79.651]]],[[[80.027,80.848],[80.428,80.928],[79.807,80.975],[79.217,80.96],[79.099,80.812],[80.027,80.848]]],[[[70.674,73.095],[71.626,73.174],[71.59,73.283],[71.232,73.448],[70.94,73.514],[70.35,73.478],[69.996,73.359],[69.92,73.085],[70.38,73.048],[70.674,73.095]]],[[[77.633,72.291],[78.365,72.482],[78.279,72.553],[77.749,72.631],[77.378,72.565],[76.903,72.366],[76.906,72.298],[77.633,72.291]]],[[[79.501,72.722],[79.541,72.919],[79.164,73.094],[78.657,72.892],[78.881,72.752],[79.501,72.722]]],[[[82.172,75.419],[81.913,75.498],[81.501,75.368],[81.655,75.289],[82.222,75.351],[82.172,75.419]]],[[[60.45,69.935],[59.636,70.197],[59.31,70.362],[59.005,70.465],[58.794,70.433],[58.473,70.267],[58.68,70.051],[58.953,69.893],[59.144,69.922],[59.503,69.866],[59.578,69.739],[59.813,69.696],[60.216,69.688],[60.44,69.726],[60.45,69.935]]],[[[20.958,55.279],[20.9,55.287],[20.52,54.995],[20.397,54.951],[20.108,54.956],[19.975,54.921],[19.944,54.75],[19.758,54.545],[19.604,54.459],[20.208,54.421],[21.141,54.392],[22.168,54.36],[22.766,54.357],[22.68,54.493],[22.71,54.633],[22.831,54.838],[22.627,54.971],[22.567,55.059],[22.072,55.064],[21.555,55.195],[21.389,55.276],[21.236,55.264],[21.189,54.935],[20.888,54.909],[20.595,54.982],[20.958,55.279]]],[[[33.594,46.096],[33.665,45.947],[33.28,45.765],[33.142,45.749],[32.828,45.593],[32.508,45.404],[32.611,45.328],[32.919,45.348],[33.187,45.195],[33.392,45.188],[33.555,45.098],[33.612,44.908],[33.53,44.681],[33.451,44.554],[33.656,44.433],[33.91,44.388],[34.074,44.424],[34.282,44.538],[34.47,44.722],[34.717,44.807],[34.888,44.824],[35.088,44.803],[35.155,44.896],[35.358,44.978],[35.473,45.098],[35.678,45.102],[35.87,45.005],[36.23,45.026],[36.393,45.065],[36.451,45.232],[36.575,45.394],[36.29,45.457],[36.171,45.453],[36.013,45.372],[35.833,45.402],[35.558,45.311],[35.374,45.354],[35.26,45.447],[35.002,45.733],[34.8,45.791],[34.794,45.892],[34.687,45.977],[34.45,45.966],[34.354,46.062],[34.027,46.107],[33.807,46.208],[33.66,46.22],[33.594,46.096]]]]},"properties":{"id":"RUS"}},
{"type":"Feature","geometry":{"type":"Polygon","coordinates":[[[28.213,45.45],[28.075,45.599],[28.16,45.647],[28.1,45.973],[28.119,46.139],[28.244,46.451],[28.239,46.641],[28.072,46.978],[27.854,47.115],[27.768,47.228],[27.614,47.341],[27.449,47.553],[27.337,47.64],[27.152,47.959],[26.981,48.155],[26.787,48.256],[26.619,48.26],[26.306,48.204],[26.163,47.993],[25.464,47.911],[25.17,47.823],[25.074,47.746],[24.893,47.718],[24.579,47.931],[24.484,47.947],[24.178,47.906],[23.629,47.996],[23.408,47.99],[23.203,48.085],[22.877,47.947],[22.677,47.799],[22.291,47.728],[22,47.505],[21.995,47.396],[21.869,47.305],[21.785,47.138],[21.661,47.044],[21.653,46.964],[21.494,46.79],[21.497,46.704],[21.32,46.608],[21.152,46.304],[21.04,46.242],[20.837,46.26],[20.614,46.133],[20.508,46.167],[20.242,46.109],[20.359,45.975],[20.581,45.869],[20.709,45.735],[20.775,45.75],[20.774,45.484],[20.942,45.365],[21.226,45.241],[21.431,45.193],[21.492,45.122],[21.357,44.991],[21.533,44.919],[21.384,44.87],[21.636,44.71],[21.909,44.666],[22.093,44.542],[22.201,44.561],[22.351,44.676],[22.498,44.706],[22.721,44.606],[22.554,44.54],[22.495,44.435],[22.705,44.238],[23.029,44.078],[22.868,43.948],[22.919,43.834],[23.225,43.874],[23.535,43.854],[23.951,43.787],[24.227,43.763],[24.431,43.794],[25.16,43.686],[25.497,43.671],[25.819,43.767],[25.933,43.871],[26.216,44.007],[26.489,44.084],[26.848,44.146],[27.087,44.167],[27.425,44.021],[27.671,43.998],[27.739,43.956],[27.884,43.987],[28.05,43.822],[28.423,43.74],[28.585,43.742],[28.659,43.984],[28.645,44.296],[28.852,44.506],[28.807,44.565],[28.849,44.716],[28.926,44.81],[28.892,44.919],[29.048,44.926],[29.048,44.758],[29.558,44.843],[29.635,44.98],[29.706,45.26],[29.568,45.371],[29.404,45.42],[29.224,45.403],[28.761,45.234],[28.451,45.292],[28.318,45.347],[28.213,45.45]]]},"properties":{"id":"ROU"}},
{"type":"Feature","geometry":{"type":"Polygon","coordinates":[[[51.268,24.607],[51.428,24.668],[51.587,24.965],[51.602,25.148],[51.485,25.525],[51.572,25.781],[51.543,25.902],[51.389,26.011],[51.262,26.153],[51.108,26.081],[51.003,25.981],[50.869,25.613],[50.763,25.445],[50.777,25.177],[50.847,24.889],[50.804,24.789],[50.856,24.68],[50.966,24.574],[51.093,24.565],[51.268,24.607]]]},"properties":{"id":"QAT"}},
{"type":"Feature","geometry":{"type":"MultiPolygon","coordinates":[[[[-17.191,32.869],[-17.241,32.807],[-17.171,32.722],[-17.018,32.663],[-16.837,32.648],[-16.693,32.758],[-16.929,32.841],[-17.054,32.816],[-17.191,32.869]]],[[[-8.777,41.941],[-8.888,41.765],[-8.811,41.652],[-8.738,41.285],[-8.656,41.029],[-8.685,40.753],[-8.772,40.606],[-8.887,40.179],[-8.838,40.116],[-9.148,39.543],[-9.375,39.338],[-9.353,39.248],[-9.414,39.112],[-9.475,38.853],[-9.474,38.731],[-9.357,38.698],[-9.136,38.743],[-9.091,38.835],[-8.977,38.803],[-9.093,38.697],[-9.25,38.657],[-9.213,38.448],[-8.915,38.512],[-8.811,38.3],[-8.802,38.184],[-8.879,37.959],[-8.792,37.733],[-8.814,37.431],[-8.998,37.032],[-8.739,37.075],[-8.598,37.121],[-8.137,37.077],[-7.94,37.005],[-7.834,37.006],[-7.494,37.168],[-7.406,37.179],[-7.504,37.585],[-7.444,37.728],[-7.185,38.006],[-7.023,38.045],[-6.975,38.194],[-7.106,38.181],[-7.343,38.457],[-7.282,38.715],[-7.046,38.907],[-6.998,39.056],[-7.172,39.135],[-7.306,39.338],[-7.335,39.465],[-7.445,39.536],[-7.454,39.681],[-7.118,39.682],[-7.037,39.714],[-6.911,39.937],[-6.896,40.022],[-7.028,40.143],[-7.015,40.208],[-6.81,40.343],[-6.848,40.411],[-6.818,40.654],[-6.858,40.878],[-6.928,41.009],[-6.776,41.108],[-6.69,41.215],[-6.403,41.375],[-6.212,41.532],[-6.243,41.602],[-6.392,41.665],[-6.542,41.673],[-6.558,41.874],[-6.618,41.942],[-7.03,41.951],[-7.147,41.981],[-7.21,41.895],[-7.404,41.834],[-7.693,41.888],[-7.921,41.884],[-8.152,41.812],[-8.225,41.896],[-8.13,42.018],[-8.213,42.134],[-8.538,42.069],[-8.777,41.941]]],[[[-27.075,38.643],[-27.042,38.741],[-27.26,38.803],[-27.386,38.766],[-27.303,38.661],[-27.075,38.643]]],[[[-28.641,38.525],[-28.698,38.638],[-28.842,38.598],[-28.744,38.522],[-28.641,38.525]]],[[[-28.147,38.453],[-28.402,38.553],[-28.51,38.553],[-28.531,38.463],[-28.454,38.409],[-28.231,38.385],[-28.147,38.453]]],[[[-25.649,37.841],[-25.784,37.911],[-25.834,37.826],[-25.734,37.763],[-25.439,37.715],[-25.251,37.735],[-25.267,37.849],[-25.649,37.841]]]]},"properties":{"id":"PRT"}},
{"type":"Feature","geometry":{"type":"Polygon","coordinates":[[[23.605,51.518],[23.545,51.71],[23.626,51.809],[23.652,52.04],[23.458,52.17],[23.197,52.257],[23.204,52.338],[23.48,52.552],[23.845,52.664],[23.915,52.77],[23.887,53.028],[23.789,53.271],[23.599,53.599],[23.485,53.94],[23.454,54.143],[23.016,54.348],[22.766,54.357],[22.168,54.36],[21.141,54.392],[20.208,54.421],[19.604,54.459],[19.407,54.386],[18.976,54.349],[18.67,54.431],[18.436,54.745],[18.323,54.838],[17.843,54.817],[17.262,54.73],[16.885,54.596],[16.56,54.554],[16.186,54.29],[15.9,54.254],[14.716,54.018],[14.384,53.925],[14.211,53.95],[14.214,53.871],[14.558,53.823],[14.488,53.672],[14.259,53.73],[14.299,53.556],[14.415,53.283],[14.369,53.106],[14.194,52.982],[14.129,52.878],[14.254,52.783],[14.514,52.646],[14.619,52.529],[14.555,52.36],[14.705,52.207],[14.753,52.082],[14.602,51.832],[14.739,51.627],[14.725,51.524],[14.906,51.463],[15.017,51.253],[14.964,51.095],[14.809,50.859],[14.983,50.887],[14.994,51.014],[15.259,50.959],[15.354,50.812],[15.731,50.74],[15.949,50.67],[16.007,50.612],[16.282,50.656],[16.42,50.574],[16.21,50.424],[16.488,50.248],[16.679,50.097],[16.993,50.26],[16.869,50.415],[17.152,50.378],[17.415,50.255],[17.72,50.299],[17.709,50.194],[17.589,50.157],[17.875,49.972],[18.028,50.035],[18.305,49.914],[18.562,49.879],[18.595,49.758],[18.807,49.614],[18.832,49.511],[18.938,49.498],[18.968,49.396],[19.149,49.4],[19.25,49.511],[19.442,49.598],[19.664,49.396],[19.774,49.372],[19.802,49.192],[19.916,49.221],[20.058,49.181],[20.164,49.316],[20.363,49.385],[20.616,49.392],[20.947,49.317],[21.079,49.418],[21.35,49.429],[21.64,49.412],[21.89,49.343],[22.02,49.21],[22.539,49.073],[22.81,49.021],[22.847,49.081],[22.706,49.171],[22.732,49.295],[22.649,49.539],[23.036,49.899],[23.712,50.377],[23.973,50.41],[24.09,50.53],[24.095,50.617],[23.978,50.786],[24.106,50.845],[23.938,50.993],[23.863,51.126],[23.664,51.31],[23.68,51.395],[23.605,51.518]]]},"properties":{"id":"POL"}},
{"type":"Feature","geometry":{"type":"MultiPolygon","coordinates":[[[[121.102,18.615],[120.925,18.585],[120.814,18.603],[120.6,18.508],[120.584,18.369],[120.505,18.163],[120.358,17.638],[120.425,17.438],[120.409,16.956],[120.321,16.762],[120.305,16.529],[120.389,16.222],[120.337,16.066],[120.16,16.048],[120.033,16.185],[119.831,16.327],[119.773,16.255],[119.769,16.008],[119.892,15.838],[119.933,15.431],[120.037,15.115],[120.082,14.851],[120.251,14.793],[120.284,14.684],[120.365,14.608],[120.439,14.453],[120.589,14.483],[120.547,14.766],[120.584,14.881],[120.708,14.777],[120.888,14.716],[120.941,14.645],[120.922,14.493],[120.688,14.291],[120.617,14.188],[120.637,13.804],[120.729,13.901],[120.841,13.885],[120.932,13.762],[121.006,13.758],[121.204,13.64],[121.344,13.649],[121.446,13.712],[121.501,13.842],[121.643,13.916],[121.778,13.938],[122.073,13.788],[122.205,13.648],[122.407,13.493],[122.498,13.364],[122.515,13.26],[122.6,13.194],[122.675,13.253],[122.668,13.395],[122.596,13.562],[122.508,13.657],[122.468,13.887],[122.595,13.908],[122.781,13.737],[122.896,13.592],[123.163,13.442],[123.296,13.216],[123.311,13.044],[123.402,13.033],[123.627,12.912],[123.736,12.897],[123.918,12.94],[123.878,12.69],[123.962,12.595],[124.06,12.567],[124.137,12.791],[124.143,13.036],[124.069,13.032],[123.955,13.1],[123.785,13.111],[123.819,13.269],[123.608,13.528],[123.55,13.646],[123.607,13.704],[123.806,13.722],[123.858,13.8],[123.726,13.884],[123.432,13.966],[123.32,14.062],[123.297,13.836],[123.231,13.747],[123.06,13.789],[123.071,13.96],[123.015,14.08],[122.856,14.251],[122.627,14.318],[122.491,14.322],[122.2,14.148],[122.274,14.045],[122.212,13.93],[122.08,13.947],[121.912,14.02],[121.8,14.114],[121.649,14.481],[121.627,14.682],[121.695,14.737],[121.544,14.999],[121.392,15.324],[121.49,15.51],[121.607,15.67],[121.561,15.827],[121.595,15.933],[121.789,16.077],[121.975,16.158],[122.135,16.185],[122.226,16.435],[122.426,16.823],[122.519,17.125],[122.408,17.178],[122.362,17.345],[122.237,17.435],[122.175,17.576],[122.151,17.756],[122.179,18.064],[122.294,18.234],[122.3,18.403],[122.221,18.501],[122.147,18.487],[122.038,18.328],[121.846,18.295],[121.593,18.376],[121.254,18.563],[121.102,18.615]]],[[[117.311,8.44],[117.517,8.538],[117.572,8.642],[117.68,8.678],[117.99,8.877],[118.134,9.101],[118.229,9.168],[118.435,9.256],[118.57,9.423],[118.774,9.767],[118.782,9.916],[118.949,9.993],[119.192,10.061],[119.285,10.252],[119.422,10.354],[119.595,10.407],[119.684,10.552],[119.527,10.953],[119.56,11.267],[119.465,11.294],[119.306,10.974],[119.261,10.845],[119.313,10.687],[119.287,10.574],[119.143,10.409],[119.024,10.354],[118.845,10.131],[118.728,10.035],[118.533,9.794],[118.115,9.347],[118.024,9.27],[117.885,9.241],[117.593,8.968],[117.35,8.714],[117.256,8.541],[117.311,8.44]]],[[[122.496,11.615],[122.291,11.772],[121.964,11.897],[121.891,11.791],[122.067,11.724],[122.104,11.643],[122.06,11.326],[122.051,11.097],[121.964,10.872],[121.95,10.757],[121.98,10.639],[121.934,10.494],[121.988,10.458],[122.198,10.623],[122.522,10.692],[122.673,10.801],[122.77,10.824],[122.803,10.99],[123.017,11.117],[123.144,11.364],[123.158,11.536],[122.931,11.529],[122.838,11.596],[122.726,11.608],[122.613,11.564],[122.496,11.615]]],[[[123.131,9.064],[123.229,9.121],[123.321,9.273],[123.308,9.357],[123.15,9.606],[123.162,9.864],[123.296,10.125],[123.344,10.325],[123.493,10.582],[123.568,10.781],[123.511,10.923],[123.257,10.994],[122.983,10.887],[122.958,10.698],[122.817,10.504],[122.867,10.284],[122.856,10.087],[122.713,9.99],[122.471,9.962],[122.4,9.823],[122.411,9.694],[122.563,9.483],[122.665,9.41],[122.867,9.32],[122.948,9.108],[122.995,9.059],[123.131,9.064]]],[[[124.575,11.343],[124.548,11.395],[124.331,11.535],[124.446,10.924],[124.503,10.904],[124.663,10.962],[124.787,10.781],[124.799,10.682],[124.738,10.44],[124.79,10.328],[124.781,10.168],[125.027,10.033],[124.988,10.368],[125.105,10.218],[125.148,10.272],[125.253,10.264],[125.26,10.35],[125.197,10.457],[125.188,10.585],[125.128,10.685],[125.013,10.786],[125.04,10.952],[125.027,11.212],[124.93,11.373],[124.821,11.401],[124.724,11.322],[124.575,11.343]]],[[[125.24,12.528],[125.15,12.573],[124.84,12.535],[124.566,12.526],[124.295,12.569],[124.385,12.244],[124.529,12.079],[124.677,12.021],[124.884,11.775],[124.995,11.765],[124.979,11.638],[124.917,11.558],[125.034,11.341],[125.156,11.267],[125.233,11.145],[125.432,11.113],[125.628,11.132],[125.609,11.323],[125.506,11.544],[125.464,11.772],[125.457,11.953],[125.513,12.055],[125.536,12.191],[125.481,12.252],[125.32,12.322],[125.31,12.446],[125.24,12.528]]],[[[120.704,13.479],[120.401,13.517],[120.338,13.412],[120.455,13.394],[120.508,13.26],[120.651,13.169],[120.764,12.97],[120.796,12.748],[120.899,12.646],[120.922,12.512],[121.108,12.304],[121.237,12.219],[121.322,12.304],[121.394,12.301],[121.412,12.423],[121.541,12.638],[121.48,12.837],[121.523,13.131],[121.357,13.265],[121.203,13.432],[121.122,13.381],[120.915,13.501],[120.704,13.479]]],[[[126.006,9.321],[125.877,9.513],[125.642,9.654],[125.521,9.759],[125.414,9.669],[125.533,9.141],[125.499,9.015],[125.376,8.992],[125.21,9.027],[125.141,8.869],[124.869,8.972],[124.787,8.874],[124.731,8.563],[124.622,8.523],[124.451,8.606],[124.325,8.508],[124.226,8.271],[124.159,8.201],[123.997,8.159],[123.877,8.189],[123.849,8.433],[123.783,8.548],[123.68,8.621],[123.435,8.703],[123.341,8.57],[123.147,8.516],[123.018,8.398],[122.996,8.221],[122.911,8.156],[122.673,8.133],[122.337,8.028],[122.132,7.81],[122.115,7.66],[122.047,7.364],[121.925,7.2],[121.904,7.075],[121.964,6.968],[122.098,6.914],[122.176,7.004],[122.32,7.34],[122.498,7.673],[122.616,7.763],[122.714,7.774],[122.792,7.722],[122.843,7.529],[122.99,7.546],[123.097,7.7],[123.178,7.529],[123.391,7.408],[123.476,7.665],[123.493,7.808],[123.666,7.818],[123.765,7.743],[123.968,7.665],[124.068,7.578],[124.207,7.396],[124.191,7.267],[124.045,7.114],[123.985,6.994],[123.988,6.863],[124.048,6.667],[124.078,6.404],[124.213,6.233],[124.636,5.998],[124.927,5.875],[125.035,5.871],[125.174,6.047],[125.268,6.033],[125.233,5.808],[125.288,5.632],[125.346,5.599],[125.456,5.664],[125.668,5.979],[125.671,6.225],[125.588,6.466],[125.433,6.607],[125.381,6.69],[125.401,6.796],[125.542,7.017],[125.641,7.105],[125.689,7.263],[125.824,7.333],[125.901,7.117],[126.08,6.733],[126.11,6.49],[126.189,6.31],[126.24,6.734],[126.192,6.853],[126.294,6.882],[126.439,7.012],[126.582,7.248],[126.593,7.547],[126.57,7.677],[126.435,7.833],[126.425,7.927],[126.459,8.203],[126.38,8.327],[126.365,8.484],[126.173,8.56],[126.142,8.627],[126.263,8.744],[126.32,8.845],[126.305,8.952],[126.192,9.125],[126.193,9.277],[126.088,9.261],[126.006,9.321]]],[[[123.37,9.45],[123.494,9.589],[123.634,9.922],[123.643,10.02],[123.789,10.221],[123.952,10.317],[124.005,10.4],[124.051,10.586],[124.028,10.768],[124.053,10.926],[124.037,11.107],[123.967,11.187],[123.93,10.964],[123.832,10.731],[123.726,10.562],[123.711,10.474],[123.593,10.303],[123.514,10.14],[123.386,9.967],[123.404,9.889],[123.316,9.489],[123.37,9.45]]],[[[121.159,6.076],[121.038,6.096],[120.898,6.007],[120.931,5.896],[121.083,5.893],[121.218,5.943],[121.294,5.87],[121.411,5.94],[121.392,6.002],[121.214,6.004],[121.159,6.076]]],[[[117.08,7.883],[117.077,8.069],[116.994,8.051],[116.97,7.895],[117.08,7.883]]],[[[119.916,10.486],[120.008,10.57],[119.852,10.64],[119.764,10.552],[119.793,10.455],[119.916,10.486]]],[[[120.1,12.168],[119.897,12.313],[119.866,12.199],[120.011,12.008],[120.315,12.012],[120.341,12.077],[120.194,12.167],[120.1,12.168]]],[[[120.039,11.703],[120.073,11.783],[120.036,11.917],[119.916,11.981],[119.861,11.954],[119.964,11.669],[120.039,11.703]]],[[[122.65,10.473],[122.737,10.655],[122.673,10.739],[122.538,10.608],[122.538,10.425],[122.65,10.473]]],[[[124.594,9.787],[124.555,9.879],[124.577,10.027],[124.336,10.16],[124.173,10.135],[124.06,10],[123.909,9.92],[123.817,9.817],[123.872,9.676],[123.936,9.624],[124.122,9.599],[124.36,9.63],[124.478,9.748],[124.594,9.787]]],[[[120.25,5.257],[120.208,5.34],[119.827,5.133],[119.958,5.08],[120.013,5.151],[120.192,5.168],[120.25,5.257]]],[[[122.093,6.428],[122.201,6.483],[122.288,6.639],[122.058,6.741],[121.809,6.614],[121.959,6.416],[122.093,6.428]]],[[[126.059,9.766],[126.129,9.944],[126.074,10.059],[125.999,9.927],[125.991,9.839],[126.059,9.766]]],[[[125.69,9.914],[125.703,10.072],[125.647,10.245],[125.685,10.392],[125.648,10.437],[125.525,10.31],[125.495,10.119],[125.69,9.914]]],[[[121.915,13.54],[121.815,13.424],[121.829,13.329],[122.005,13.205],[122.122,13.365],[122.115,13.463],[121.996,13.547],[121.915,13.54]]],[[[122.094,12.355],[122.132,12.538],[122.104,12.651],[122.002,12.599],[121.989,12.435],[121.923,12.331],[121.982,12.245],[122.094,12.355]]],[[[122.654,12.309],[122.674,12.424],[122.604,12.492],[122.423,12.455],[122.603,12.286],[122.654,12.309]]],[[[123.775,12.454],[123.709,12.611],[123.587,12.633],[123.742,12.399],[123.775,12.454]]],[[[123.717,12.287],[123.463,12.501],[123.236,12.583],[123.267,12.395],[123.211,12.107],[123.293,12.036],[123.419,12.194],[123.531,12.197],[123.612,12.09],[123.983,11.819],[124.056,11.812],[124.04,11.967],[123.908,12.169],[123.717,12.287]]],[[[124.354,13.632],[124.404,13.679],[124.417,13.871],[124.308,13.947],[124.225,14.078],[124.123,13.98],[124.124,13.79],[124.039,13.663],[124.057,13.606],[124.175,13.532],[124.354,13.632]]],[[[122.175,14.049],[121.959,14.229],[121.956,14.156],[122.175,14.049]]],[[[122.033,15.005],[121.972,15.046],[121.84,15.038],[121.82,14.964],[121.923,14.8],[121.911,14.667],[121.99,14.662],[122.022,14.759],[121.97,14.893],[122.033,15.005]]],[[[125.281,9.982],[125.231,10.116],[125.159,10.063],[125.281,9.982]]],[[[125.785,6.963],[125.783,7.131],[125.683,7.073],[125.785,6.963]]],[[[124.608,11.492],[124.622,11.55],[124.511,11.687],[124.36,11.666],[124.483,11.486],[124.608,11.492]]],[[[124.807,9.143],[124.737,9.243],[124.653,9.226],[124.666,9.132],[124.778,9.083],[124.807,9.143]]],[[[119.861,11.525],[119.73,11.432],[119.855,11.393],[119.861,11.525]]],[[[123.698,9.237],[123.655,9.279],[123.493,9.192],[123.614,9.103],[123.706,9.134],[123.698,9.237]]]]},"properties":{"id":"PHL"}},
{"type":"Feature","geometry":{"type":"Polygon","coordinates":[[[-69.966,-4.236],[-70.017,-4.162],[-70.168,-4.05],[-70.24,-3.883],[-70.34,-3.814],[-70.53,-3.866],[-70.735,-3.782],[-70.074,-2.75],[-70.096,-2.658],[-70.244,-2.607],[-70.295,-2.553],[-70.576,-2.418],[-70.915,-2.219],[-71.113,-2.245],[-71.196,-2.313],[-71.397,-2.334],[-71.559,-2.224],[-71.753,-2.153],[-71.803,-2.166],[-71.984,-2.327],[-72.137,-2.381],[-72.396,-2.429],[-72.625,-2.352],[-72.714,-2.392],[-72.887,-2.408],[-72.99,-2.34],[-73.154,-2.278],[-73.173,-2.208],[-73.127,-2.081],[-73.197,-1.83],[-73.266,-1.772],[-73.35,-1.784],[-73.496,-1.693],[-73.494,-1.537],[-73.664,-1.249],[-73.863,-1.197],[-74.054,-1.029],[-74.246,-0.971],[-74.334,-0.851],[-74.418,-0.581],[-74.616,-0.37],[-74.755,-0.299],[-74.802,-0.2],[-74.945,-0.188],[-75.138,-0.05],[-75.225,-0.042],[-75.284,-0.107],[-75.476,-0.157],[-75.491,-0.248],[-75.425,-0.409],[-75.263,-0.555],[-75.284,-0.707],[-75.25,-0.952],[-75.42,-0.962],[-75.571,-1.531],[-76.09,-2.133],[-76.679,-2.563],[-77.36,-2.81],[-77.861,-2.982],[-77.938,-3.047],[-78.183,-3.35],[-78.158,-3.465],[-78.226,-3.489],[-78.347,-3.431],[-78.398,-3.595],[-78.42,-3.777],[-78.55,-3.987],[-78.679,-4.326],[-78.653,-4.458],[-78.686,-4.562],[-78.862,-4.665],[-78.975,-4.873],[-79.076,-4.991],[-79.331,-4.928],[-79.502,-4.671],[-79.516,-4.539],[-79.639,-4.455],[-79.797,-4.476],[-80.14,-4.296],[-80.383,-4.464],[-80.488,-4.394],[-80.353,-4.208],[-80.454,-4.205],[-80.51,-4.07],[-80.437,-3.979],[-80.303,-4.005],[-80.179,-3.878],[-80.218,-3.788],[-80.221,-3.613],[-80.274,-3.425],[-80.325,-3.388],[-80.504,-3.496],[-80.653,-3.638],[-80.799,-3.731],[-80.892,-3.882],[-81.232,-4.234],[-81.283,-4.322],[-81.337,-4.67],[-81.108,-5.028],[-81.168,-5.167],[-80.943,-5.475],[-80.882,-5.635],[-80.883,-5.759],[-80.992,-5.861],[-81.092,-5.812],[-81.181,-5.942],[-81.142,-6.057],[-81.058,-6.129],[-80.812,-6.282],[-80.11,-6.65],[-79.995,-6.769],[-79.762,-7.067],[-79.618,-7.296],[-79.589,-7.419],[-79.377,-7.836],[-79.313,-7.923],[-79.164,-8.047],[-79.012,-8.21],[-78.925,-8.405],[-78.762,-8.617],[-78.755,-8.74],[-78.58,-9.157],[-78.446,-9.371],[-78.356,-9.652],[-78.276,-9.81],[-78.186,-10.089],[-78.095,-10.261],[-77.736,-10.837],[-77.664,-11.022],[-77.633,-11.288],[-77.31,-11.532],[-77.22,-11.663],[-77.158,-11.923],[-77.153,-12.06],[-77.063,-12.107],[-76.994,-12.219],[-76.832,-12.349],[-76.758,-12.527],[-76.555,-12.823],[-76.502,-12.984],[-76.427,-13.11],[-76.224,-13.371],[-76.184,-13.515],[-76.259,-13.803],[-76.376,-13.863],[-76.297,-13.948],[-76.289,-14.133],[-76.175,-14.227],[-76.136,-14.32],[-76.006,-14.496],[-75.934,-14.634],[-75.738,-14.785],[-75.534,-14.899],[-75.397,-15.094],[-75.275,-15.178],[-75.104,-15.412],[-74.555,-15.699],[-74.373,-15.834],[-74.147,-15.912],[-73.825,-16.153],[-73.728,-16.202],[-73.4,-16.304],[-73.264,-16.389],[-72.958,-16.521],[-72.794,-16.615],[-72.468,-16.708],[-72.362,-16.775],[-72.111,-17.003],[-71.967,-17.064],[-71.868,-17.151],[-71.532,-17.294],[-71.399,-17.422],[-71.337,-17.683],[-71.057,-17.876],[-70.942,-17.932],[-70.817,-18.053],[-70.492,-18.278],[-70.418,-18.346],[-70.184,-18.325],[-69.926,-18.206],[-69.84,-18.093],[-69.802,-17.9],[-69.852,-17.704],[-69.685,-17.65],[-69.511,-17.506],[-69.522,-17.389],[-69.626,-17.294],[-69.625,-17.2],[-69.438,-17.088],[-69.2,-16.768],[-69.021,-16.642],[-69.006,-16.434],[-68.858,-16.355],[-68.913,-16.262],[-69.134,-16.222],[-69.218,-16.149],[-69.392,-15.737],[-69.419,-15.603],[-69.302,-15.399],[-69.172,-15.237],[-69.375,-14.963],[-69.359,-14.795],[-69.276,-14.746],[-69.235,-14.597],[-69.013,-14.377],[-69.004,-14.265],[-68.88,-14.199],[-68.892,-14.094],[-68.974,-13.976],[-69.023,-13.78],[-69.074,-13.683],[-68.983,-13.496],[-68.972,-13.382],[-68.979,-12.88],[-68.868,-12.755],[-68.759,-12.687],[-68.763,-12.608],[-68.685,-12.502],[-69.046,-11.876],[-69.579,-10.952],[-69.96,-10.93],[-70.22,-11.048],[-70.392,-11.059],[-70.533,-10.947],[-70.642,-11.01],[-70.637,-9.824],[-70.567,-9.705],[-70.592,-9.543],[-70.637,-9.478],[-70.885,-9.669],[-70.971,-9.766],[-71.115,-9.852],[-71.238,-9.966],[-71.608,-10.006],[-72.182,-10.004],[-72.173,-9.844],[-72.26,-9.774],[-72.318,-9.557],[-72.379,-9.51],[-72.814,-9.41],[-73.209,-9.411],[-72.97,-9.12],[-72.974,-8.993],[-73.203,-8.719],[-73.302,-8.654],[-73.36,-8.479],[-73.549,-8.346],[-73.61,-8.145],[-73.683,-8.021],[-73.776,-7.936],[-73.72,-7.783],[-73.822,-7.739],[-74.002,-7.556],[-73.958,-7.507],[-73.964,-7.379],[-73.749,-7.335],[-73.723,-7.263],[-73.805,-7.08],[-73.758,-6.906],[-73.5,-6.679],[-73.325,-6.575],[-73.24,-6.564],[-73.137,-6.466],[-73.135,-6.344],[-73.236,-6.098],[-73.163,-5.933],[-72.98,-5.635],[-72.887,-5.123],[-72.699,-5.067],[-72.469,-4.901],[-72.353,-4.786],[-72.257,-4.749],[-71.845,-4.504],[-71.521,-4.47],[-70.974,-4.35],[-70.8,-4.173],[-70.405,-4.15],[-70.239,-4.301],[-70.129,-4.287],[-70.053,-4.333],[-69.966,-4.236]]]},"properties":{"id":"PER"}},
{"type":"Feature","geometry":{"type":"Polygon","coordinates":[[[-58.16,-20.165],[-58.14,-19.999],[-58.18,-19.818],[-59.091,-19.286],[-60.007,-19.298],[-60.889,-19.479],[-61.512,-19.606],[-61.757,-19.645],[-61.917,-20.055],[-62.276,-20.562],[-62.277,-21.066],[-62.478,-21.705],[-62.651,-22.234],[-62.626,-22.29],[-62.373,-22.439],[-62.214,-22.612],[-62.067,-22.869],[-61.928,-23.059],[-61.799,-23.182],[-61.571,-23.319],[-61.506,-23.392],[-61.208,-23.557],[-61.085,-23.656],[-61.033,-23.756],[-60.84,-23.858],[-60.505,-23.964],[-60.262,-24.014],[-60.11,-24.009],[-59.892,-24.094],[-59.609,-24.267],[-59.373,-24.454],[-59.187,-24.562],[-58.724,-24.787],[-58.52,-24.843],[-58.365,-24.959],[-58.136,-24.977],[-57.96,-25.049],[-57.822,-25.136],[-57.587,-25.405],[-57.572,-25.534],[-57.755,-25.697],[-57.865,-25.907],[-57.891,-26.007],[-58.082,-26.139],[-58.203,-26.381],[-58.191,-26.63],[-58.318,-26.796],[-58.323,-26.858],[-58.485,-26.968],[-58.642,-27.196],[-58.605,-27.314],[-58.168,-27.273],[-57.812,-27.317],[-57.391,-27.43],[-57.112,-27.47],[-56.872,-27.441],[-56.716,-27.494],[-56.603,-27.468],[-56.437,-27.554],[-56.164,-27.321],[-55.951,-27.326],[-55.79,-27.416],[-55.633,-27.357],[-55.597,-27.208],[-55.427,-27.009],[-55.136,-26.931],[-54.934,-26.703],[-54.825,-26.652],[-54.755,-26.533],[-54.678,-26.309],[-54.632,-26.006],[-54.616,-25.576],[-54.611,-25.433],[-54.473,-25.22],[-54.413,-24.867],[-54.313,-24.528],[-54.281,-24.306],[-54.318,-24.128],[-54.242,-24.047],[-54.44,-23.902],[-54.625,-23.812],[-54.983,-23.975],[-55.194,-24.017],[-55.366,-23.991],[-55.442,-23.865],[-55.459,-23.687],[-55.538,-23.581],[-55.518,-23.416],[-55.555,-23.32],[-55.561,-23.154],[-55.601,-23.095],[-55.654,-22.81],[-55.618,-22.671],[-55.747,-22.513],[-55.753,-22.41],[-55.849,-22.308],[-55.991,-22.281],[-56.19,-22.281],[-56.352,-22.179],[-56.395,-22.093],[-56.524,-22.103],[-56.633,-22.235],[-56.937,-22.271],[-57.238,-22.195],[-57.331,-22.215],[-57.569,-22.182],[-57.721,-22.099],[-57.82,-22.142],[-57.956,-22.109],[-57.986,-22.046],[-57.933,-21.911],[-57.916,-21.699],[-57.946,-21.494],[-57.873,-21.355],[-57.886,-21.266],[-57.827,-21.134],[-57.83,-20.998],[-57.908,-20.776],[-57.979,-20.657],[-58.002,-20.465],[-58.125,-20.293],[-58.16,-20.165]]]},"properties":{"id":"PRY"}},
{"type":"Feature","geometry":{"type":"MultiPolygon","coordinates":[[[[152.966,-4.756],[153.023,-4.666],[153.044,-4.476],[153.133,-4.352],[153.124,-4.252],[153.017,-4.106],[152.179,-3.41],[152.033,-3.251],[151.807,-3.173],[151.69,-3.073],[151.475,-2.942],[151.315,-2.875],[151.226,-2.87],[151.175,-2.789],[150.825,-2.573],[150.848,-2.78],[150.968,-2.78],[151.405,-3.037],[151.579,-3.154],[151.793,-3.338],[151.973,-3.453],[152.192,-3.506],[152.356,-3.668],[152.598,-3.995],[152.668,-4.132],[152.697,-4.282],[152.681,-4.498],[152.74,-4.636],[152.892,-4.832],[152.966,-4.756]]],[[[151.916,-4.297],[151.819,-4.217],[151.593,-4.201],[151.552,-4.346],[151.665,-4.637],[151.671,-4.883],[151.573,-4.937],[151.327,-4.96],[151.138,-5.113],[150.953,-5.424],[150.626,-5.521],[150.519,-5.46],[150.404,-5.473],[150.299,-5.536],[150.183,-5.524],[150.106,-5.429],[150.072,-5.31],[150.082,-5.186],[150.17,-5.071],[150.045,-5.035],[150.012,-5.14],[149.963,-5.448],[149.831,-5.524],[149.632,-5.516],[149.475,-5.573],[149.245,-5.573],[148.999,-5.485],[148.783,-5.512],[148.666,-5.487],[148.565,-5.508],[148.432,-5.472],[148.345,-5.545],[148.337,-5.669],[148.401,-5.765],[148.625,-5.831],[148.808,-5.916],[149.127,-6.128],[149.273,-6.079],[149.382,-6.078],[149.483,-6.125],[149.653,-6.29],[150.191,-6.289],[150.428,-6.276],[150.706,-6.149],[150.809,-6.071],[151.043,-6.015],[151.229,-5.92],[151.422,-5.747],[151.515,-5.552],[151.695,-5.544],[151.865,-5.565],[152.077,-5.458],[152.143,-5.357],[151.994,-5.149],[152.013,-5.004],[152.167,-4.993],[152.258,-4.955],[152.4,-4.731],[152.364,-4.491],[152.406,-4.341],[152.197,-4.285],[152.117,-4.212],[151.968,-4.317],[151.916,-4.297]]],[[[140.976,-9.119],[141.133,-9.221],[141.406,-9.151],[141.622,-9.211],[141.979,-9.198],[142.23,-9.17],[142.647,-9.328],[142.859,-9.203],[143.366,-8.961],[143.392,-8.802],[143.307,-8.661],[143.112,-8.475],[142.798,-8.345],[142.905,-8.314],[143.095,-8.311],[143.614,-8.2],[143.552,-7.985],[143.779,-8.028],[143.888,-8.018],[143.942,-7.944],[143.742,-7.55],[143.898,-7.674],[144.143,-7.757],[144.225,-7.765],[144.352,-7.667],[144.431,-7.679],[144.51,-7.567],[144.773,-7.642],[144.864,-7.632],[144.885,-7.734],[144.974,-7.802],[145.288,-7.862],[145.468,-7.93],[145.729,-7.952],[146.033,-8.076],[146.184,-8.246],[146.296,-8.456],[146.456,-8.644],[146.631,-8.951],[146.697,-9.025],[146.913,-9.092],[146.925,-9.247],[147.017,-9.388],[147.299,-9.58],[147.408,-9.675],[147.553,-9.912],[147.769,-10.07],[148.051,-10.128],[148.15,-10.107],[148.383,-10.185],[148.713,-10.167],[148.937,-10.255],[149.353,-10.29],[149.544,-10.338],[149.754,-10.353],[149.948,-10.483],[150.017,-10.577],[150.32,-10.655],[150.482,-10.637],[150.647,-10.518],[150.489,-10.426],[150.446,-10.307],[150.637,-10.338],[150.667,-10.257],[150.539,-10.207],[150.364,-10.19],[150.206,-10.126],[149.968,-10.061],[149.874,-10.013],[149.763,-9.869],[149.761,-9.806],[149.985,-9.737],[149.974,-9.661],[149.756,-9.611],[149.476,-9.588],[149.263,-9.498],[149.203,-9.407],[149.264,-9.181],[149.248,-9.071],[149.097,-9.017],[148.792,-9.089],[148.583,-9.052],[148.526,-8.939],[148.451,-8.695],[148.247,-8.554],[148.206,-8.339],[148.127,-8.104],[147.936,-7.975],[147.724,-7.876],[147.19,-7.378],[147.105,-7.167],[146.961,-6.929],[146.954,-6.834],[147.119,-6.722],[147.356,-6.742],[147.71,-6.724],[147.846,-6.662],[147.854,-6.551],[147.802,-6.315],[147.73,-6.261],[147.567,-6.057],[147.377,-5.951],[147.121,-5.945],[147.034,-5.919],[146.403,-5.617],[146.205,-5.545],[145.853,-5.471],[145.745,-5.402],[145.793,-5.178],[145.788,-4.891],[145.767,-4.823],[145.335,-4.385],[145.088,-4.349],[144.938,-4.188],[144.738,-4.029],[144.627,-3.993],[144.478,-3.825],[144.374,-3.803],[144.122,-3.815],[144.016,-3.784],[143.797,-3.617],[143.701,-3.573],[143.509,-3.431],[143.378,-3.395],[142.905,-3.321],[142.212,-3.083],[141.986,-2.964],[141.888,-2.953],[141.687,-2.845],[141.186,-2.628],[140.973,-2.61],[140.974,-3.413],[140.974,-4.226],[140.974,-4.836],[140.975,-5.65],[140.975,-6.346],[140.875,-6.612],[140.862,-6.74],[140.975,-6.905],[140.975,-7.479],[140.976,-8.496],[140.976,-9.119]]],[[[148.026,-5.826],[148.06,-5.765],[148.055,-5.612],[147.846,-5.491],[147.783,-5.522],[147.781,-5.627],[147.875,-5.749],[148.026,-5.826]]],[[[146.019,-4.726],[146.053,-4.64],[145.996,-4.539],[145.9,-4.604],[145.904,-4.733],[146.019,-4.726]]],[[[149.765,-1.553],[149.725,-1.431],[149.581,-1.353],[149.546,-1.472],[149.671,-1.576],[149.765,-1.553]]],[[[151.081,-10.02],[151.051,-9.939],[150.862,-9.802],[150.896,-9.968],[150.959,-10.093],[151.231,-10.195],[151.296,-9.957],[151.194,-9.946],[151.081,-10.02]]],[[[150.345,-9.494],[150.368,-9.396],[150.32,-9.264],[150.208,-9.206],[150.135,-9.26],[150.11,-9.362],[150.273,-9.5],[150.345,-9.494]]],[[[151.107,-8.733],[151.139,-8.568],[151.118,-8.419],[151.005,-8.524],[151.083,-8.569],[151.046,-8.728],[151.107,-8.733]]],[[[154.281,-11.361],[154.102,-11.311],[154.064,-11.419],[154.281,-11.361]]],[[[147.176,-5.432],[147.222,-5.382],[147.206,-5.252],[147.131,-5.191],[147.006,-5.307],[147.12,-5.437],[147.176,-5.432]]],[[[147.068,-1.96],[146.857,-1.949],[146.656,-1.974],[146.546,-2.209],[146.748,-2.149],[146.926,-2.189],[147.206,-2.182],[147.401,-2.025],[147.068,-1.96]]],[[[150.437,-2.662],[150.429,-2.47],[150.227,-2.384],[150.103,-2.405],[150.043,-2.512],[150.166,-2.66],[150.437,-2.662]]],[[[150.528,-9.347],[150.435,-9.435],[150.508,-9.536],[150.436,-9.625],[150.894,-9.667],[150.879,-9.513],[150.789,-9.418],[150.669,-9.429],[150.528,-9.347]]],[[[152.631,-8.959],[152.638,-9.058],[152.72,-9.167],[152.867,-9.224],[152.985,-9.151],[152.953,-9.07],[152.81,-8.967],[152.631,-8.959]]],[[[153.536,-11.476],[153.307,-11.356],[153.234,-11.42],[153.357,-11.495],[153.379,-11.56],[153.554,-11.631],[153.7,-11.613],[153.703,-11.529],[153.536,-11.476]]],[[[155.958,-6.687],[155.928,-6.565],[155.823,-6.38],[155.638,-6.221],[155.467,-6.145],[155.373,-5.974],[155.228,-5.865],[155.094,-5.62],[154.997,-5.54],[154.871,-5.521],[154.741,-5.545],[154.709,-5.747],[154.782,-5.971],[154.94,-6.106],[155.01,-6.21],[155.202,-6.308],[155.234,-6.412],[155.209,-6.527],[155.344,-6.722],[155.521,-6.83],[155.719,-6.863],[155.892,-6.762],[155.958,-6.687]]],[[[154.647,-5.433],[154.698,-5.383],[154.727,-5.218],[154.682,-5.054],[154.633,-5.014],[154.54,-5.111],[154.584,-5.314],[154.647,-5.433]]]]},"properties":{"id":"PNG"}},
{"type":"Feature","geometry":{"type":"MultiPolygon","coordinates":[[[[-77.374,8.658],[-77.697,8.889],[-77.831,9.068],[-78.083,9.236],[-78.504,9.406],[-78.697,9.435],[-78.932,9.428],[-79.017,9.51],[-79.212,9.532],[-79.577,9.598],[-79.855,9.378],[-79.978,9.344],[-80.127,9.21],[-80.547,9.082],[-80.676,9.022],[-80.839,8.887],[-81.063,8.813],[-81.355,8.781],[-81.546,8.827],[-81.712,9.019],[-81.78,8.957],[-82.078,8.935],[-82.244,9.031],[-82.235,9.142],[-82.34,9.209],[-82.371,9.429],[-82.564,9.577],[-82.644,9.506],[-82.801,9.592],[-82.94,9.449],[-82.94,9.06],[-82.881,9.056],[-82.741,8.952],[-82.74,8.899],[-82.882,8.805],[-82.917,8.74],[-82.856,8.635],[-82.862,8.454],[-82.998,8.368],[-82.879,8.071],[-82.866,8.246],[-82.68,8.322],[-82.365,8.275],[-82.235,8.311],[-82.224,8.23],[-81.973,8.215],[-81.728,8.138],[-81.676,8.016],[-81.504,7.721],[-81.268,7.625],[-81.195,7.668],[-81.158,7.854],[-81.064,7.9],[-81.035,7.711],[-80.915,7.438],[-80.901,7.277],[-80.846,7.22],[-80.667,7.226],[-80.439,7.275],[-80.287,7.426],[-80.111,7.433],[-80.011,7.5],[-80.075,7.667],[-80.261,7.852],[-80.366,7.998],[-80.458,8.077],[-80.459,8.214],[-80.369,8.289],[-80.126,8.35],[-79.75,8.596],[-79.816,8.639],[-79.687,8.851],[-79.572,8.903],[-79.442,9.006],[-79.247,9.02],[-79.086,8.997],[-78.955,8.933],[-78.848,8.842],[-78.621,8.714],[-78.514,8.628],[-78.469,8.447],[-78.35,8.46],[-78.114,8.38],[-78.281,8.248],[-78.255,8.139],[-78.315,8.067],[-78.422,8.061],[-78.378,7.9],[-78.17,7.544],[-77.901,7.229],[-77.828,7.443],[-77.744,7.537],[-77.769,7.668],[-77.732,7.711],[-77.587,7.543],[-77.351,7.706],[-77.346,7.837],[-77.216,7.933],[-77.212,8.034],[-77.346,8.27],[-77.407,8.427],[-77.479,8.498],[-77.374,8.658]]],[[[-78.898,8.274],[-78.839,8.348],[-78.856,8.448],[-78.961,8.436],[-78.965,8.326],[-78.898,8.274]]],[[[-81.603,7.333],[-81.695,7.425],[-81.671,7.523],[-81.729,7.621],[-81.812,7.592],[-81.852,7.453],[-81.77,7.37],[-81.603,7.333]]]]},"properties":{"id":"PAN"}},
{"type":"Feature","geometry":{"type":"Polygon","coordinates":[[[134.595,7.382],[134.66,7.663],[134.556,7.594],[134.506,7.437],[134.595,7.382]]]},"properties":{"id":"PLW"}},
{"type":"Feature","geometry":{"type":"Polygon","coordinates":[[[76.767,35.662],[76.563,35.773],[76.551,35.887],[76.252,35.811],[76.148,35.829],[76.071,35.983],[75.945,36.018],[75.905,36.088],[75.969,36.169],[75.974,36.382],[75.933,36.522],[75.84,36.65],[75.667,36.742],[75.424,36.738],[75.347,36.913],[75.054,36.987],[74.889,36.952],[74.692,37.036],[74.541,37.022],[74.002,36.823],[73.769,36.888],[73.117,36.869],[72.623,36.83],[72.157,36.701],[72.096,36.634],[71.822,36.486],[71.773,36.432],[71.621,36.436],[71.463,36.293],[71.233,36.122],[71.185,36.042],[71.343,35.939],[71.428,35.834],[71.601,35.408],[71.546,35.289],[71.621,35.183],[71.455,34.967],[71.294,34.868],[70.966,34.53],[71.096,34.369],[71.091,34.12],[71.052,34.05],[70.848,33.982],[70.654,33.952],[70.416,33.95],[70.254,33.976],[69.995,34.052],[69.89,34.007],[69.868,33.898],[70.057,33.72],[70.284,33.369],[70.261,33.289],[69.92,33.113],[69.704,33.095],[69.502,33.02],[69.405,32.683],[69.241,32.434],[69.279,31.937],[69.083,31.738],[68.869,31.634],[68.782,31.646],[68.598,31.803],[68.443,31.754],[68.214,31.807],[68.017,31.678],[67.74,31.548],[67.578,31.506],[67.738,31.344],[67.453,31.235],[67.287,31.218],[67.116,31.243],[66.924,31.306],[66.731,31.195],[66.567,30.997],[66.397,30.912],[66.287,30.608],[66.305,30.321],[66.247,30.044],[66.313,29.969],[66.177,29.836],[65.666,29.701],[65.096,29.559],[64.521,29.565],[64.266,29.507],[64.099,29.392],[63.971,29.43],[63.568,29.498],[62.477,29.408],[62.373,29.425],[61.224,29.749],[60.843,29.859],[61.318,29.373],[61.338,29.265],[61.509,29.006],[61.623,28.792],[61.89,28.547],[62.033,28.491],[62.353,28.415],[62.565,28.235],[62.718,28.253],[62.763,28.202],[62.74,28.002],[62.782,27.801],[62.812,27.497],[62.763,27.25],[62.915,27.218],[63.167,27.252],[63.305,27.125],[63.242,27.078],[63.25,26.879],[63.186,26.838],[63.168,26.666],[63.093,26.632],[62.787,26.644],[62.439,26.561],[62.312,26.491],[62.239,26.357],[61.87,26.242],[61.81,26.165],[61.754,25.843],[61.669,25.769],[61.615,25.286],[61.588,25.202],[61.744,25.138],[62.089,25.155],[62.199,25.225],[62.315,25.135],[62.572,25.255],[62.665,25.265],[63.015,25.225],[63.17,25.255],[63.491,25.211],[63.557,25.353],[63.721,25.386],[63.936,25.343],[64.059,25.403],[64.152,25.333],[64.544,25.237],[64.659,25.184],[64.777,25.307],[65.061,25.311],[65.406,25.374],[65.68,25.355],[66.131,25.493],[66.219,25.59],[66.429,25.575],[66.534,25.484],[66.57,25.379],[66.699,25.226],[66.682,24.929],[66.703,24.861],[67.101,24.792],[67.171,24.756],[67.289,24.368],[67.309,24.175],[67.477,24.018],[67.563,23.882],[67.668,23.811],[68.165,23.857],[68.283,23.928],[68.489,23.967],[68.724,23.965],[68.728,24.266],[68.901,24.292],[69.12,24.269],[69.559,24.273],[69.716,24.173],[70.021,24.192],[70.098,24.288],[70.289,24.356],[70.547,24.418],[70.579,24.279],[70.716,24.238],[70.886,24.344],[71.044,24.4],[70.973,24.487],[70.976,24.619],[71.048,24.688],[70.878,25.063],[70.652,25.423],[70.648,25.667],[70.325,25.686],[70.265,25.707],[70.1,25.91],[70.078,26.072],[70.133,26.215],[70.157,26.471],[70.059,26.579],[69.736,26.627],[69.507,26.743],[69.47,26.804],[69.537,27.123],[69.568,27.175],[69.896,27.474],[70.145,27.849],[70.404,28.025],[70.489,28.023],[70.629,27.937],[70.649,27.835],[70.737,27.729],[70.875,27.714],[71.185,27.832],[71.543,27.87],[71.87,27.963],[71.948,28.177],[72.179,28.422],[72.292,28.697],[72.342,28.752],[72.903,29.029],[73.128,29.364],[73.231,29.551],[73.382,29.934],[73.809,30.093],[73.933,30.222],[73.883,30.352],[73.899,30.435],[74.009,30.52],[74.216,30.769],[74.38,30.893],[74.633,31.035],[74.518,31.186],[74.594,31.465],[74.51,31.713],[74.556,31.819],[74.739,31.949],[75.071,32.089],[75.254,32.14],[75.333,32.279],[75.234,32.372],[74.987,32.462],[74.789,32.458],[74.658,32.519],[74.663,32.758],[74.355,32.769],[74.304,32.992],[74.126,33.075],[73.994,33.242],[74.118,33.384],[74.15,33.507],[74.004,33.632],[74.001,33.788],[74.216,33.887],[74.246,33.99],[73.95,34.019],[73.904,34.108],[73.979,34.191],[73.925,34.288],[73.81,34.325],[73.812,34.422],[73.961,34.653],[74.3,34.765],[74.952,34.646],[75.188,34.639],[75.453,34.537],[75.709,34.503],[75.862,34.56],[76.041,34.67],[76.172,34.668],[76.457,34.756],[76.594,34.736],[76.696,34.787],[76.783,34.9],[77.001,34.992],[77.049,35.11],[76.767,35.662]]]},"properties":{"id":"PAK"}},
{"type":"Feature","geometry":{"type":"MultiPolygon","coordinates":[[[[58.722,20.219],[58.835,20.424],[58.951,20.516],[58.884,20.681],[58.788,20.497],[58.641,20.337],[58.641,20.211],[58.722,20.219]]],[[[53.086,16.648],[53.298,16.723],[53.61,16.76],[53.775,16.856],[53.954,16.918],[54.068,17.006],[54.377,17.034],[54.567,17.031],[54.772,16.965],[55.064,17.039],[55.174,17.158],[55.296,17.382],[55.238,17.505],[55.255,17.586],[55.479,17.843],[55.614,17.886],[55.998,17.935],[56.27,17.951],[56.383,17.988],[56.551,18.166],[56.655,18.587],[56.826,18.754],[56.957,18.828],[57.177,18.903],[57.428,18.944],[57.676,18.958],[57.812,19.017],[57.764,19.253],[57.761,19.432],[57.715,19.607],[57.741,19.804],[57.802,19.955],[57.862,20.244],[58.103,20.57],[58.245,20.599],[58.209,20.424],[58.349,20.387],[58.474,20.407],[58.69,20.807],[58.896,21.113],[59.069,21.289],[59.304,21.435],[59.371,21.499],[59.518,21.782],[59.653,21.951],[59.681,22.054],[59.8,22.22],[59.838,22.421],[59.823,22.509],[59.535,22.579],[59.311,22.793],[59.195,22.972],[59.03,23.131],[58.912,23.334],[58.83,23.397],[58.773,23.517],[58.578,23.643],[58.325,23.624],[58.12,23.717],[57.611,23.804],[57.22,23.923],[56.913,24.15],[56.774,24.335],[56.641,24.47],[56.49,24.716],[56.388,24.979],[56.268,24.867],[56.064,24.739],[55.916,24.972],[55.796,24.868],[55.804,24.636],[55.768,24.491],[55.806,24.35],[55.761,24.243],[55.929,24.215],[55.985,24.063],[55.779,24.017],[55.548,23.991],[55.468,23.941],[55.532,23.819],[55.508,23.725],[55.2,23.035],[55.186,22.704],[55.641,22.002],[55.388,21.236],[55.168,20.572],[54.977,19.996],[54.183,19.731],[53.667,19.559],[52.807,19.272],[51.978,18.996],[52.465,17.897],[52.729,17.3],[52.801,17.268],[53.086,16.648]]],[[[56.298,25.651],[56.374,25.805],[56.416,26.109],[56.43,26.327],[56.306,26.235],[56.164,26.207],[56.08,26.063],[56.167,26.047],[56.145,25.691],[56.298,25.651]]]]},"properties":{"id":"OMN"}},
{"type":"Feature","geometry":{"type":"MultiPolygon","coordinates":[[[[20.622,69.037],[21.128,69.081],[21.053,69.187],[21.267,69.274],[21.622,69.271],[22.3,68.856],[22.411,68.72],[23.324,68.649],[23.707,68.714],[23.854,68.806],[24.941,68.593],[25.087,68.64],[25.173,68.765],[25.357,68.862],[25.575,68.887],[25.748,68.99],[25.749,69.231],[26.012,69.653],[26.525,69.915],[27.109,69.905],[27.592,70.042],[27.89,70.062],[28.412,69.823],[29.142,69.671],[29.333,69.473],[28.846,69.177],[28.966,69.022],[29.21,69.097],[29.388,69.298],[29.994,69.392],[30.132,69.464],[30.228,69.634],[30.615,69.533],[30.861,69.538],[30.924,69.652],[30.87,69.783],[30.484,69.795],[30.18,69.841],[30.155,69.746],[29.792,69.728],[29.636,69.78],[29.601,69.977],[28.804,70.093],[28.781,70.145],[29.926,70.096],[30.263,70.125],[30.469,70.198],[30.944,70.274],[30.926,70.401],[30.596,70.524],[30.213,70.543],[30.065,70.703],[29.796,70.643],[29.398,70.734],[29.102,70.861],[28.832,70.864],[28.609,70.76],[28.437,70.501],[28.203,70.577],[28.272,70.668],[27.951,70.718],[28.272,70.798],[28.392,70.975],[28.142,71.043],[27.597,71.091],[27.235,70.947],[27.556,70.827],[27.184,70.744],[26.989,70.511],[26.584,70.454],[26.734,70.854],[26.507,70.913],[25.471,70.341],[25.419,70.235],[25.212,70.136],[24.994,70.218],[25.146,70.324],[25.274,70.552],[25.768,70.853],[25.436,70.912],[25.265,70.844],[25.042,70.929],[24.658,71.001],[24.263,70.826],[24.42,70.702],[24.038,70.485],[23.661,70.4],[23.379,70.247],[23.258,69.993],[23.046,70.102],[22.941,70.305],[22.685,70.375],[21.996,70.293],[21.78,70.23],[21.539,70.258],[21.4,70.174],[21.803,70.066],[21.975,69.835],[21.254,70.003],[21.163,69.89],[20.622,69.914],[20.546,69.851],[20.563,69.633],[20.743,69.535],[20.277,69.536],[20.387,69.868],[20.069,69.883],[19.696,69.613],[19.687,69.805],[19.197,69.748],[18.991,69.561],[18.674,69.52],[18.483,69.365],[18.293,69.475],[18.079,69.325],[18.101,69.156],[17.705,69.1],[17.546,69.001],[17.391,68.799],[17.131,68.693],[16.652,68.626],[16.514,68.533],[16.585,68.466],[17.571,68.447],[16.865,68.355],[16.619,68.406],[16.388,68.39],[16.175,68.281],[16.372,68.062],[16.121,68.027],[16.065,68.2],[15.657,68.164],[15.316,68.069],[15.274,67.961],[15.048,67.956],[14.799,67.809],[14.781,67.675],[15.219,67.655],[15.354,67.544],[14.962,67.574],[14.755,67.499],[14.448,67.298],[15.435,67.247],[15.416,67.202],[14.776,67.194],[14.109,67.119],[13.88,66.965],[13.652,66.907],[13.621,66.795],[13.312,66.702],[13.105,66.539],[13.068,66.431],[13.119,66.231],[13.352,66.237],[13.973,66.32],[13.916,66.247],[13.674,66.18],[13.387,66.183],[12.784,66.1],[12.976,66.019],[12.689,65.902],[12.628,65.806],[12.273,65.568],[12.122,65.362],[12.16,65.179],[11.489,64.976],[11.35,64.906],[11.225,64.679],[10.932,64.578],[10.834,64.494],[10.566,64.418],[10.236,64.18],[10.01,64.083],[9.864,63.918],[9.708,63.865],[9.567,63.706],[9.767,63.7],[9.924,63.522],[10.339,63.571],[10.935,63.77],[11.047,63.845],[10.914,63.921],[11.307,64.049],[11.458,64.003],[11.176,63.899],[11.371,63.805],[10.725,63.625],[10.76,63.461],[10.34,63.469],[10.081,63.433],[9.832,63.524],[9.697,63.625],[9.324,63.57],[8.842,63.646],[8.398,63.535],[8.387,63.445],[8.594,63.426],[8.58,63.313],[8.271,63.287],[8.158,63.162],[8.609,62.881],[8.211,62.996],[8.101,63.091],[7.572,63.1],[7.389,63.023],[7.008,62.958],[6.782,62.79],[6.78,62.701],[7.242,62.752],[7.538,62.672],[7.492,62.543],[7.284,62.602],[6.745,62.638],[6.353,62.611],[6.118,62.447],[5.533,62.311],[5.358,62.152],[5.143,62.16],[5.096,62.027],[5.16,61.957],[5.473,61.946],[6.131,61.852],[6.016,61.788],[5.465,61.897],[4.985,61.9],[4.928,61.711],[5.099,61.62],[5.258,61.455],[5.003,61.434],[5.022,61.251],[5.325,61.108],[5.647,61.148],[6.083,61.167],[6.383,61.134],[6.657,61.207],[6.943,61.161],[6.418,61.084],[5.984,61.117],[5.505,61.056],[5.095,61.071],[5.009,61.038],[5.049,60.708],[5.244,60.57],[5.137,60.446],[5.184,60.308],[5.495,60.07],[5.206,60.088],[5.22,59.979],[5.119,59.834],[5.234,59.692],[5.495,59.826],[5.699,60.01],[5.877,60.07],[5.904,60.151],[6.153,60.346],[6.347,60.419],[6.806,60.501],[6.661,60.367],[6.518,60.408],[6.141,60.233],[6.112,60.132],[5.73,59.863],[5.867,59.734],[5.772,59.661],[5.472,59.713],[5.305,59.643],[5.185,59.454],[5.132,59.226],[5.362,59.166],[5.564,59.291],[5.845,59.353],[5.952,59.299],[5.969,59.186],[5.854,58.959],[5.556,58.975],[5.517,58.727],[5.707,58.524],[6.055,58.375],[6.389,58.268],[6.66,58.263],[6.555,58.123],[6.731,58.068],[6.803,58.155],[7.005,58.024],[7.194,58.048],[7.466,58.021],[7.876,58.08],[8.166,58.145],[8.521,58.301],[8.928,58.57],[9.178,58.675],[9.396,58.806],[9.31,58.857],[9.618,58.946],[9.843,58.958],[10.083,59.029],[10.179,59.009],[10.431,59.28],[10.398,59.519],[10.634,59.602],[10.645,59.389],[10.834,59.184],[11.366,59.105],[11.388,59.037],[11.471,58.91],[11.643,58.926],[11.712,59.019],[11.798,59.29],[11.681,59.592],[11.834,59.697],[11.932,59.864],[12.169,59.913],[12.486,60.107],[12.516,60.305],[12.589,60.451],[12.554,60.546],[12.315,60.892],[12.294,61.003],[12.683,61.047],[12.881,61.352],[12.596,61.541],[12.155,61.721],[12.292,62.167],[12.304,62.286],[12.115,62.592],[12.109,62.919],[12.218,63.001],[12,63.292],[12.212,63.492],[12.175,63.596],[12.663,63.94],[12.988,64.05],[13.3,64.075],[13.961,64.014],[14.141,64.174],[14.078,64.464],[13.65,64.582],[14.115,64.946],[14.48,65.301],[14.55,65.646],[14.635,65.845],[14.543,66.129],[15.153,66.191],[15.484,66.306],[15.423,66.49],[16.404,67.055],[16.434,67.155],[16.127,67.426],[16.194,67.505],[16.457,67.552],[16.586,67.628],[16.784,67.895],[17.325,68.104],[17.917,67.965],[18.177,68.201],[18.163,68.528],[18.379,68.562],[18.77,68.5],[19.053,68.493],[19.97,68.356],[20.24,68.478],[19.969,68.542],[20.147,68.607],[20.319,68.754],[20.337,68.9],[20.117,69.021],[20.622,69.037]]],[[[8.471,63.667],[8.787,63.703],[8.709,63.774],[8.451,63.732],[8.471,63.667]]],[[[8.103,63.338],[8.074,63.471],[7.804,63.414],[8.103,63.338]]],[[[23.441,70.816],[23.205,70.815],[22.858,70.728],[22.35,70.658],[21.995,70.657],[22.359,70.515],[22.829,70.542],[23.068,70.594],[23.441,70.816]]],[[[25.586,71.142],[25.315,71.034],[25.582,70.961],[26.134,70.996],[25.945,71.105],[25.586,71.142]]],[[[23.615,70.549],[22.941,70.445],[23.159,70.283],[23.548,70.408],[23.615,70.549]]],[[[24.018,70.567],[24.078,70.651],[23.778,70.747],[23.67,70.597],[24.018,70.567]]],[[[13.873,68.265],[13.538,68.249],[13.2,68.087],[13.229,67.995],[14.029,68.188],[13.873,68.265]]],[[[15.207,68.943],[14.872,68.914],[14.802,68.791],[14.554,68.819],[14.373,68.711],[14.521,68.633],[14.743,68.677],[14.89,68.611],[15.222,68.616],[15.397,68.784],[15.207,68.943]]],[[[19.767,70.217],[19.781,70.077],[20.088,70.102],[19.767,70.217]]],[[[20.779,70.09],[20.819,70.205],[20.412,70.155],[20.464,70.077],[20.779,70.09]]],[[[19.255,70.066],[19.249,70.179],[18.687,69.891],[18.698,69.825],[18.349,69.768],[18.083,69.626],[18.274,69.535],[18.785,69.579],[18.807,69.64],[19.131,69.81],[19.335,69.82],[19.592,69.97],[19.5,70.048],[19.255,70.066]]],[[[11.231,64.866],[11.133,64.976],[10.813,64.923],[10.833,64.843],[11.231,64.866]]],[[[17.503,69.596],[17.252,69.504],[17.361,69.381],[17.002,69.362],[16.972,69.138],[17.161,69.026],[17.324,69.13],[17.951,69.198],[17.942,69.329],[18.077,69.396],[18.004,69.505],[17.503,69.596]]],[[[15.76,68.561],[15.928,68.733],[15.906,68.908],[15.812,69.024],[16.115,69.216],[15.893,69.278],[15.483,69.043],[15.444,68.919],[15.564,68.874],[15.413,68.616],[15.095,68.441],[14.586,68.4],[14.257,68.257],[14.35,68.178],[14.629,68.198],[14.927,68.307],[15.438,68.313],[15.913,68.389],[16.194,68.538],[16.519,68.633],[16.547,68.717],[16.329,68.876],[16.151,68.842],[16.06,68.681],[15.76,68.561]]],[[[-8.954,70.839],[-8.635,70.94],[-8.002,71.041],[-8.001,71.178],[-8.344,71.14],[-8.521,71.031],[-8.965,70.916],[-8.954,70.839]]],[[[19.219,74.391],[19.183,74.518],[18.797,74.486],[19.219,74.391]]],[[[32.526,80.119],[33.557,80.198],[33.384,80.242],[32.526,80.119]]],[[[21.608,78.596],[20.363,78.515],[20.228,78.478],[20.786,78.252],[21.035,78.059],[21.608,77.916],[21.201,77.619],[20.873,77.565],[21.05,77.441],[22.057,77.501],[22.448,77.571],[22.733,77.539],[22.442,77.429],[22.427,77.316],[22.802,77.276],[23.101,77.385],[23.381,77.38],[23.841,77.498],[24.13,77.658],[24.902,77.757],[24.238,77.899],[23.684,77.875],[23.117,77.992],[23.152,78.088],[23.452,78.149],[22.989,78.252],[22.3,78.228],[22.043,78.577],[21.608,78.596]]],[[[20.898,80.25],[20.359,80.401],[19.614,80.463],[19.81,80.327],[19.355,80.185],[18.779,80.194],[17.917,80.143],[18.344,80.06],[18.255,79.929],[18.725,79.761],[19.4,79.727],[20.123,79.779],[20.784,79.749],[20.493,79.633],[19.675,79.591],[20.128,79.49],[20.861,79.398],[21.911,79.381],[22.866,79.412],[22.696,79.329],[22.904,79.231],[23.948,79.194],[24.751,79.365],[25.145,79.339],[25.641,79.403],[26.006,79.617],[27.199,79.907],[27.148,80.059],[26.861,80.16],[25.836,80.175],[25.471,80.233],[23.953,80.305],[23.688,80.207],[23.115,80.187],[23.315,80.425],[23.008,80.474],[22.451,80.402],[22.376,80.09],[21.697,80.159],[21.549,80.243],[20.898,80.25]]],[[[16.787,79.907],[16.524,80.021],[16.094,80.007],[16.1,79.884],[15.816,79.682],[15.875,79.519],[16.254,79.112],[15.66,79.235],[15.052,79.675],[14.594,79.799],[14.04,79.586],[14.056,79.383],[13.384,79.481],[13.039,79.685],[13.778,79.715],[13.693,79.861],[12.754,79.776],[12.28,79.816],[10.866,79.797],[10.686,79.734],[10.738,79.52],[11.208,79.13],[11.521,79.151],[11.58,79.283],[12.084,79.268],[11.893,79.152],[12.046,78.983],[11.365,78.95],[11.861,78.832],[11.774,78.716],[12.258,78.595],[12.665,78.385],[13.15,78.238],[14.11,78.271],[14.638,78.415],[14.432,78.492],[14.467,78.675],[15.137,78.664],[15.417,78.473],[16.449,78.504],[16.777,78.35],[16.15,78.353],[15.657,78.299],[14.995,78.151],[13.681,78.028],[13.791,77.854],[14.09,77.771],[14.604,77.766],[15.585,77.869],[16.06,77.847],[16.853,77.912],[17.033,77.798],[16.206,77.782],[14.921,77.689],[14.695,77.525],[14.071,77.564],[14.004,77.445],[14.366,77.234],[15.124,77.085],[15.547,76.886],[16.7,76.579],[17.063,76.659],[16.977,76.812],[17.249,76.969],[17.153,77.049],[17.623,77.399],[17.847,77.497],[18.228,77.523],[18.362,77.682],[18.439,78.025],[18.995,78.081],[19.056,78.319],[19.769,78.623],[21.096,78.676],[21.389,78.74],[21.09,78.853],[20.501,78.981],[20.767,79.059],[20.458,79.129],[19.894,79.056],[19.751,79.147],[19.089,79.157],[18.772,79.26],[18.832,79.385],[18.581,79.572],[18.272,79.601],[17.578,79.885],[16.787,79.907]]],[[[11.25,78.611],[10.961,78.846],[10.628,78.754],[11.121,78.463],[11.616,78.475],[11.25,78.611]]]]},"properties":{"id":"NOR"}},
{"type":"Feature","geometry":{"type":"Polygon","coordinates":[[[128.375,38.623],[128.249,38.745],[127.972,38.898],[127.786,39.084],[127.395,39.208],[127.383,39.296],[127.549,39.461],[127.527,39.696],[127.568,39.782],[127.867,39.896],[127.967,39.996],[128.106,40.033],[128.304,40.036],[128.611,40.198],[128.701,40.318],[128.843,40.358],[129.11,40.491],[129.245,40.661],[129.341,40.726],[129.709,40.857],[129.742,40.932],[129.712,41.124],[129.766,41.304],[129.682,41.494],[129.686,41.595],[129.756,41.712],[129.876,41.806],[130.068,42.046],[130.236,42.183],[130.458,42.302],[130.687,42.303],[130.527,42.535],[130.361,42.631],[130.247,42.745],[130.24,42.892],[130.083,42.974],[129.898,42.998],[129.779,42.777],[129.72,42.475],[129.524,42.385],[129.424,42.436],[129.314,42.414],[129.218,42.313],[129.196,42.218],[128.923,42.038],[128.427,42.011],[128.308,42.026],[128.045,41.988],[128.033,41.898],[128.291,41.563],[128.2,41.433],[128.111,41.389],[127.919,41.461],[127.688,41.44],[127.18,41.531],[127.007,41.742],[126.904,41.781],[126.601,41.641],[126.49,41.358],[126.412,41.321],[126.254,41.138],[126.145,41.078],[125.989,40.905],[125.728,40.867],[125.417,40.66],[125.314,40.645],[124.889,40.46],[124.712,40.319],[124.387,40.104],[124.362,40.004],[124.349,39.907],[124.557,39.791],[124.638,39.615],[124.732,39.652],[124.775,39.758],[125.1,39.59],[125.361,39.527],[125.41,39.288],[125.157,38.872],[125.169,38.806],[125.299,38.743],[125.31,38.665],[125.067,38.557],[124.881,38.342],[124.875,38.233],[124.691,38.129],[124.995,38.078],[125.163,38.094],[125.193,38.038],[124.989,37.931],[125.311,37.844],[125.365,37.748],[125.449,37.73],[125.582,37.815],[125.695,37.963],[125.769,37.985],[125.942,37.874],[126.05,37.87],[126.117,37.743],[126.203,37.829],[126.37,37.878],[126.634,37.782],[126.667,37.917],[126.754,37.979],[127.01,38.241],[127.17,38.305],[127.746,38.319],[128.039,38.309],[128.169,38.359],[128.375,38.623]]]},"properties":{"id":"PRK"}},
{"type":"Feature","geometry":{"type":"MultiPolygon","coordinates":[[[[7.301,4.418],[7.227,4.527],[7.14,4.395],[7.301,4.418]]],[[[13.606,13.705],[13.427,13.702],[13.324,13.671],[13.194,13.573],[13.048,13.535],[12.655,13.327],[12.51,13.194],[12.463,13.094],[12.319,13.074],[12.118,13.09],[11.99,13.192],[11.693,13.298],[11.412,13.354],[10.959,13.372],[10.476,13.33],[10.185,13.27],[9.929,13.135],[9.616,12.811],[9.202,12.821],[8.958,12.857],[8.751,12.908],[8.456,13.06],[8.095,13.291],[7.789,13.338],[7.358,13.107],[7.173,13.086],[7.057,13],[6.937,13.008],[6.804,13.108],[6.627,13.364],[6.386,13.604],[6.3,13.659],[6.184,13.664],[5.492,13.873],[5.362,13.837],[5.242,13.757],[5.101,13.743],[4.823,13.76],[4.665,13.733],[4.421,13.648],[4.242,13.501],[4.148,13.458],[4.087,13.055],[3.948,12.775],[3.647,12.53],[3.618,11.828],[3.665,11.762],[3.595,11.696],[3.491,11.499],[3.488,11.395],[3.716,11.08],[3.757,10.769],[3.834,10.607],[3.784,10.436],[3.68,10.428],[3.577,10.268],[3.646,10.16],[3.557,9.907],[3.325,9.778],[3.329,9.667],[3.136,9.452],[3.148,9.321],[3.045,9.084],[2.775,9.049],[2.733,8.783],[2.724,8.442],[2.686,7.874],[2.719,7.616],[2.785,7.477],[2.75,7.395],[2.757,7.068],[2.721,6.98],[2.775,6.712],[2.736,6.596],[2.706,6.369],[3.336,6.397],[3.43,6.525],[3.487,6.409],[4.126,6.411],[4.431,6.349],[4.634,6.217],[4.861,6.026],[5.042,5.798],[5.093,5.767],[5.112,5.642],[5.216,5.572],[5.232,5.484],[5.386,5.402],[5.383,5.129],[5.493,4.839],[5.588,4.647],[5.799,4.456],[6.077,4.291],[6.206,4.292],[6.555,4.341],[6.757,4.344],[7.013,4.397],[7.155,4.514],[7.164,4.616],[7.284,4.548],[7.46,4.555],[7.509,4.595],[7.644,4.525],[7.801,4.522],[8.029,4.555],[8.293,4.558],[8.328,4.656],[8.234,4.907],[8.431,4.746],[8.556,4.755],[8.585,4.833],[8.801,5.197],[8.935,5.781],[9.06,6.009],[9.373,6.32],[9.66,6.532],[9.78,6.76],[9.874,6.803],[10.144,6.996],[10.205,6.892],[10.482,6.891],[10.556,7.037],[10.606,7.063],[10.738,6.988],[11.033,6.698],[11.08,6.506],[11.153,6.438],[11.325,6.485],[11.478,6.597],[11.552,6.697],[11.58,6.889],[11.861,7.116],[11.767,7.272],[11.852,7.401],[12.016,7.59],[12.025,7.728],[12.156,7.942],[12.233,8.282],[12.404,8.596],[12.583,8.624],[12.731,8.746],[12.807,8.887],[12.876,9.304],[12.929,9.426],[13.019,9.488],[13.175,9.54],[13.221,9.645],[13.27,10.036],[13.415,10.171],[13.535,10.605],[13.7,10.873],[13.892,11.14],[14.057,11.245],[14.202,11.268],[14.56,11.492],[14.562,11.729],[14.597,11.83],[14.627,12.109],[14.519,12.298],[14.415,12.344],[14.197,12.384],[14.064,13.079],[13.606,13.705]]]]},"properties":{"id":"NGA"}},
{"type":"Feature","geometry":{"type":"Polygon","coordinates":[[[13.606,13.705],[13.448,14.381],[13.642,14.631],[13.807,14.966],[14.368,15.75],[14.747,16.147],[15.474,16.908],[15.562,17.937],[15.638,18.811],[15.735,19.904],[15.949,20.303],[15.929,20.4],[15.668,20.672],[15.587,20.733],[15.54,20.875],[15.607,20.954],[15.294,21.412],[15.182,21.523],[15.172,21.922],[15.089,22.418],[14.979,22.996],[14.231,22.618],[14.201,22.624],[13.599,23.12],[13.481,23.18],[12.489,23.402],[11.968,23.518],[10.932,22.907],[10.414,22.602],[9.379,21.991],[8.343,21.381],[7.482,20.873],[6.989,20.471],[6.527,20.073],[5.837,19.479],[5.748,19.434],[4.671,19.228],[4.228,19.143],[4.232,17.831],[4.235,16.996],[4.203,16.963],[4.182,16.582],[4.121,16.358],[4.015,16.193],[3.877,15.755],[3.817,15.674],[3.71,15.642],[3.521,15.483],[3.504,15.356],[3.06,15.427],[3.001,15.341],[1.859,15.302],[1.3,15.272],[0.96,14.987],[0.719,14.955],[0.286,14.98],[0.217,14.911],[0.164,14.497],[0.383,14.246],[0.355,14.139],[0.429,13.972],[0.618,13.703],[0.748,13.675],[0.978,13.552],[1.018,13.468],[0.973,13.17],[0.987,13.042],[1.097,13.001],[1.565,12.635],[1.79,12.613],[1.956,12.707],[2.074,12.714],[2.212,12.538],[2.204,12.413],[2.069,12.379],[2.091,12.278],[2.389,11.897],[2.413,11.999],[2.366,12.222],[2.648,12.297],[2.805,12.384],[2.878,12.368],[3.15,12.118],[3.36,11.88],[3.45,11.852],[3.595,11.696],[3.665,11.762],[3.618,11.828],[3.647,12.53],[3.948,12.775],[4.087,13.055],[4.148,13.458],[4.242,13.501],[4.421,13.648],[4.665,13.733],[4.823,13.76],[5.101,13.743],[5.242,13.757],[5.362,13.837],[5.492,13.873],[6.184,13.664],[6.3,13.659],[6.386,13.604],[6.627,13.364],[6.804,13.108],[6.937,13.008],[7.057,13],[7.173,13.086],[7.358,13.107],[7.789,13.338],[8.095,13.291],[8.456,13.06],[8.751,12.908],[8.958,12.857],[9.202,12.821],[9.616,12.811],[9.929,13.135],[10.185,13.27],[10.476,13.33],[10.959,13.372],[11.412,13.354],[11.693,13.298],[11.99,13.192],[12.118,13.09],[12.319,13.074],[12.463,13.094],[12.51,13.194],[12.655,13.327],[13.048,13.535],[13.194,13.573],[13.324,13.671],[13.427,13.702],[13.606,13.705]]]},"properties":{"id":"NER"}},
{"type":"Feature","geometry":{"type":"Polygon","coordinates":[[[-83.158,14.993],[-83.415,15.008],[-83.537,14.977],[-83.59,14.908],[-83.867,14.794],[-84.066,14.786],[-84.114,14.731],[-84.394,14.692],[-84.538,14.633],[-84.646,14.661],[-84.789,14.79],[-84.86,14.81],[-84.985,14.752],[-85.037,14.608],[-85.161,14.525],[-85.179,14.343],[-85.374,14.224],[-85.477,14.109],[-85.682,13.983],[-85.787,13.844],[-85.984,13.966],[-86.04,14.05],[-86.151,13.995],[-86.332,13.77],[-86.734,13.763],[-86.771,13.699],[-86.711,13.313],[-86.918,13.224],[-86.959,13.054],[-87.059,12.991],[-87.337,12.979],[-87.424,12.921],[-87.543,13.04],[-87.67,12.966],[-87.668,12.904],[-87.46,12.758],[-87.125,12.434],[-86.851,12.248],[-86.756,12.157],[-86.656,11.982],[-86.469,11.738],[-85.961,11.331],[-85.829,11.199],[-85.744,11.062],[-85.621,11.184],[-85.539,11.166],[-84.909,10.945],[-84.701,11.052],[-84.489,10.992],[-84.348,10.98],[-84.168,10.78],[-83.919,10.735],[-83.811,10.743],[-83.659,10.837],[-83.642,10.917],[-83.714,10.934],[-83.832,11.131],[-83.868,11.3],[-83.829,11.428],[-83.745,11.567],[-83.652,11.642],[-83.705,11.825],[-83.769,11.932],[-83.767,12.059],[-83.68,12.024],[-83.651,12.287],[-83.754,12.502],[-83.625,12.613],[-83.627,12.459],[-83.511,12.412],[-83.541,12.596],[-83.514,12.944],[-83.567,13.32],[-83.494,13.739],[-83.412,13.996],[-83.347,14.057],[-83.188,14.34],[-83.299,14.749],[-83.414,14.825],[-83.344,14.902],[-83.28,14.813],[-83.158,14.993]]]},"properties":{"id":"NIC"}},
{"type":"Feature","geometry":{"type":"MultiPolygon","coordinates":[[[[173.115,-41.279],[173.069,-41.186],[173.042,-40.954],[172.989,-40.848],[172.767,-40.773],[172.704,-40.668],[172.733,-40.544],[172.641,-40.518],[172.273,-40.759],[172.139,-40.947],[172.093,-41.202],[172.011,-41.445],[171.831,-41.655],[171.672,-41.745],[171.486,-41.795],[171.36,-42.08],[171.257,-42.465],[171.19,-42.5],[171.028,-42.696],[170.97,-42.718],[170.742,-42.927],[170.303,-43.108],[170.018,-43.349],[169.859,-43.426],[169.824,-43.497],[169.662,-43.591],[169.515,-43.624],[169.17,-43.777],[169.067,-43.863],[168.806,-43.992],[168.651,-43.972],[168.367,-44.082],[167.857,-44.501],[167.787,-44.595],[167.578,-44.741],[167.485,-44.771],[167.195,-44.963],[167.026,-45.124],[167.033,-45.222],[167.127,-45.266],[167.052,-45.383],[166.909,-45.307],[166.778,-45.41],[166.734,-45.544],[166.836,-45.775],[166.513,-45.812],[166.493,-45.964],[166.727,-45.963],[166.732,-46.198],[167.1,-46.249],[167.369,-46.242],[167.491,-46.155],[167.682,-46.193],[167.842,-46.366],[168.189,-46.362],[168.32,-46.447],[168.382,-46.605],[168.572,-46.611],[168.767,-46.566],[169.099,-46.631],[169.342,-46.621],[169.687,-46.552],[169.918,-46.334],[170.186,-46.161],[170.419,-45.941],[170.776,-45.871],[170.788,-45.792],[170.701,-45.684],[170.89,-45.374],[170.94,-45.216],[171.113,-45.039],[171.198,-44.768],[171.231,-44.521],[171.313,-44.302],[171.443,-44.136],[171.659,-44.117],[171.891,-44.007],[172.385,-43.83],[172.48,-43.727],[172.921,-43.891],[173.066,-43.875],[173.117,-43.798],[173.073,-43.676],[172.807,-43.621],[172.74,-43.468],[172.719,-43.259],[172.889,-43.124],[173.221,-42.977],[173.348,-42.841],[173.545,-42.518],[173.84,-42.271],[173.888,-42.13],[173.974,-42.081],[174.215,-41.85],[174.283,-41.741],[174.17,-41.657],[174.092,-41.505],[174.102,-41.366],[174.237,-41.312],[174.303,-41.02],[174.081,-41.006],[173.958,-41.1],[173.89,-41.007],[173.738,-40.989],[173.231,-41.284],[173.115,-41.279]]],[[[166.746,-45.656],[166.686,-45.615],[166.532,-45.7],[166.729,-45.73],[166.746,-45.656]]],[[[168.145,-46.862],[167.956,-46.694],[167.784,-46.7],[167.801,-46.907],[167.629,-47.142],[167.906,-47.18],[168.015,-47.117],[168.241,-47.07],[168.043,-46.933],[168.145,-46.862]]],[[[175.543,-36.279],[175.513,-36.177],[175.409,-36.071],[175.346,-36.218],[175.543,-36.279]]],[[[173.269,-34.935],[172.964,-34.535],[173.044,-34.429],[172.706,-34.455],[173.03,-34.8],[173.191,-35.016],[173.189,-35.124],[173.117,-35.205],[173.376,-35.5],[173.542,-35.33],[173.586,-35.389],[173.412,-35.543],[173.945,-36.176],[174.055,-36.36],[174.254,-36.249],[174.393,-36.24],[174.354,-36.376],[174.447,-36.451],[174.402,-36.602],[174.246,-36.485],[174.189,-36.492],[174.382,-36.726],[174.476,-36.942],[174.601,-36.986],[174.782,-36.944],[174.929,-37.085],[174.746,-37.15],[174.586,-37.098],[174.707,-37.325],[174.729,-37.449],[174.928,-37.804],[174.802,-37.896],[174.84,-38.023],[174.715,-38.226],[174.653,-38.428],[174.597,-38.785],[174.398,-38.963],[174.071,-39.031],[173.844,-39.139],[173.764,-39.319],[173.812,-39.426],[173.934,-39.509],[174.352,-39.643],[174.567,-39.813],[174.814,-39.86],[175.009,-39.952],[175.156,-40.115],[175.254,-40.289],[175.163,-40.622],[175.017,-40.848],[174.635,-41.289],[174.757,-41.325],[174.875,-41.278],[174.906,-41.433],[175.054,-41.391],[175.166,-41.417],[175.222,-41.574],[175.31,-41.611],[175.687,-41.412],[175.983,-41.213],[176.252,-40.877],[176.385,-40.668],[176.612,-40.442],[176.689,-40.293],[176.842,-40.158],[177.11,-39.673],[176.967,-39.605],[176.954,-39.368],[177.129,-39.186],[177.408,-39.081],[177.523,-39.074],[177.786,-39.111],[177.875,-39.225],[177.966,-39.142],[177.91,-39.022],[177.976,-38.722],[178.085,-38.694],[178.268,-38.551],[178.315,-38.444],[178.394,-37.96],[178.536,-37.692],[178.272,-37.567],[178.009,-37.555],[177.727,-37.706],[177.558,-37.897],[177.336,-37.991],[177.162,-37.986],[176.77,-37.89],[176.292,-37.68],[176.108,-37.645],[176.115,-37.538],[175.99,-37.437],[175.921,-37.205],[175.876,-36.958],[175.781,-36.805],[175.681,-36.747],[175.461,-36.476],[175.386,-36.556],[175.487,-36.69],[175.493,-36.866],[175.552,-37.046],[175.542,-37.201],[175.385,-37.207],[175.3,-36.993],[175.047,-36.912],[174.891,-36.909],[174.722,-36.841],[174.819,-36.612],[174.752,-36.491],[174.802,-36.309],[174.549,-36.007],[174.391,-35.774],[174.581,-35.786],[174.509,-35.667],[174.543,-35.582],[174.32,-35.247],[174.143,-35.3],[174.104,-35.143],[173.844,-35.026],[173.694,-35.006],[173.439,-34.929],[173.269,-34.935]]],[[[166.221,-50.762],[166.225,-50.531],[166.101,-50.539],[166.074,-50.679],[165.889,-50.808],[166.243,-50.846],[166.221,-50.762]]],[[[-176.178,-43.74],[-176.566,-43.718],[-176.761,-43.758],[-176.524,-43.901],[-176.632,-44.006],[-176.516,-44.117],[-176.334,-44.048],[-176.5,-43.86],[-176.375,-43.791],[-176.178,-43.74]]]]},"properties":{"id":"NZL"}},
{"type":"Feature","geometry":{"type":"Polygon","coordinates":[[[-169.803,-19.083],[-169.834,-18.966],[-169.948,-19.073],[-169.904,-19.138],[-169.803,-19.083]]]},"properties":{"id":"NIU"}},
{"type":"Feature","geometry":{"type":"Polygon","coordinates":[[[-159.741,-21.249],[-159.768,-21.188],[-159.832,-21.2],[-159.84,-21.238],[-159.741,-21.249]]]},"properties":{"id":"COK"}},
{"type":"Feature","geometry":{"type":"MultiPolygon","coordinates":[[[[5.994,50.75],[6.048,50.905],[5.895,50.984],[6.13,51.147],[6.076,51.224],[6.193,51.411],[6.193,51.489],[5.949,51.762],[6.008,51.834],[6.167,51.881],[6.356,51.825],[6.742,51.911],[6.802,51.98],[6.749,52.099],[6.977,52.206],[7.035,52.38],[6.968,52.444],[6.749,52.464],[6.692,52.53],[6.748,52.634],[7.013,52.634],[7.19,53],[7.197,53.282],[6.968,53.327],[6.816,53.441],[6.062,53.407],[5.874,53.375],[5.532,53.269],[5.358,53.096],[5.061,52.961],[4.888,52.908],[4.769,52.941],[4.678,52.81],[4.562,52.443],[4.483,52.309],[4.209,52.059],[4.085,51.994],[3.947,51.811],[4.183,51.61],[4.08,51.551],[3.744,51.596],[3.549,51.589],[3.449,51.541],[3.587,51.454],[3.822,51.409],[4.007,51.443],[4.226,51.386],[4.503,51.475],[4.634,51.422],[4.756,51.491],[4.848,51.403],[5.059,51.453],[5.1,51.346],[5.311,51.26],[5.509,51.275],[5.609,51.198],[5.827,51.126],[5.737,50.932],[5.639,50.844],[5.694,50.775],[5.994,50.75]]],[[[4.226,51.386],[4.011,51.396],[3.883,51.354],[3.589,51.399],[3.35,51.378],[3.472,51.242],[3.58,51.286],[3.902,51.208],[4.173,51.307],[4.226,51.386]]]]},"properties":{"id":"NLD"}},
{"type":"Feature","geometry":{"type":"Polygon","coordinates":[[[-69.899,12.452],[-69.973,12.568],[-70.066,12.547],[-69.942,12.439],[-69.899,12.452]]]},"properties":{"id":"ABW"}},
{"type":"Feature","geometry":{"type":"Polygon","coordinates":[[[-68.751,12.06],[-68.827,12.159],[-69.013,12.231],[-69.077,12.342],[-69.154,12.298],[-68.995,12.142],[-68.803,12.045],[-68.751,12.06]]]},"properties":{"id":"CUW"}},
{"type":"Feature","geometry":{"type":"Polygon","coordinates":[[[88.11,27.871],[87.861,27.886],[87.683,27.821],[87.291,27.822],[87.141,27.838],[87.02,27.929],[86.75,28.022],[86.691,28.095],[86.554,28.085],[86.517,27.964],[86.409,27.929],[86.079,28.084],[86.064,27.935],[85.954,27.928],[85.84,28.135],[85.678,28.277],[85.411,28.276],[85.122,28.316],[85.089,28.372],[85.159,28.592],[85.069,28.61],[84.855,28.554],[84.714,28.596],[84.651,28.66],[84.465,28.753],[84.229,28.912],[84.101,29.22],[83.936,29.279],[83.671,29.188],[83.583,29.184],[83.355,29.439],[83.155,29.613],[83.014,29.618],[82.854,29.683],[82.487,29.942],[82.221,30.064],[82.159,30.115],[82.043,30.327],[81.642,30.388],[81.417,30.338],[81.255,30.093],[81.11,30.037],[81.01,30.165],[80.908,30.172],[80.549,29.9],[80.402,29.73],[80.255,29.423],[80.233,29.195],[80.13,29.1],[80.052,28.87],[80.071,28.83],[80.419,28.612],[80.587,28.65],[80.751,28.54],[81.169,28.335],[81.311,28.176],[81.486,28.062],[81.853,27.867],[81.988,27.914],[82.112,27.865],[82.451,27.672],[82.677,27.673],[82.733,27.519],[83.064,27.445],[83.29,27.371],[83.447,27.465],[83.552,27.456],[83.829,27.378],[83.897,27.435],[84.091,27.491],[84.23,27.428],[84.61,27.299],[84.685,27.041],[85.02,26.879],[85.152,26.847],[85.192,26.767],[85.293,26.741],[85.568,26.84],[85.7,26.782],[85.737,26.64],[85.856,26.6],[86.007,26.649],[86.366,26.574],[86.701,26.435],[87.016,26.555],[87.09,26.433],[87.287,26.36],[87.414,26.423],[87.633,26.399],[87.849,26.437],[87.995,26.382],[88.055,26.43],[88.162,26.725],[88.111,26.928],[87.984,27.134],[88.024,27.409],[88.147,27.749],[88.11,27.871]]]},"properties":{"id":"NPL"}},
{"type":"Feature","geometry":{"type":"Polygon","coordinates":[[[166.958,-0.517],[166.914,-0.499],[166.916,-0.546],[166.958,-0.517]]]},"properties":{"id":"NRU"}},
{"type":"Feature","geometry":{"type":"Polygon","coordinates":[[[23.381,-17.641],[22.624,-17.782],[21.417,-18.001],[21.288,-17.963],[21.113,-17.956],[20.908,-18.006],[20.746,-18.02],[20.625,-17.997],[20.393,-17.887],[20.194,-17.864],[19.912,-17.881],[19.639,-17.869],[19.377,-17.825],[19.076,-17.818],[18.826,-17.766],[18.718,-17.703],[18.487,-17.443],[18.396,-17.399],[17.835,-17.393],[16.531,-17.391],[15.766,-17.39],[15.001,-17.389],[14.415,-17.388],[14.017,-17.409],[13.938,-17.389],[13.562,-17.141],[13.404,-17.008],[13.101,-16.968],[12.963,-17.015],[12.548,-17.213],[12.213,-17.21],[12.014,-17.169],[11.903,-17.227],[11.743,-17.249],[11.722,-17.467],[11.733,-17.751],[11.776,-18.002],[11.951,-18.271],[12.096,-18.541],[12.329,-18.751],[12.458,-18.927],[13.042,-20.028],[13.168,-20.185],[13.284,-20.524],[13.451,-20.917],[13.839,-21.473],[13.973,-21.768],[14.322,-22.19],[14.463,-22.449],[14.526,-22.703],[14.496,-22.921],[14.403,-22.968],[14.474,-23.281],[14.497,-23.643],[14.483,-24.05],[14.502,-24.202],[14.628,-24.548],[14.768,-24.788],[14.837,-25.033],[14.823,-25.359],[14.864,-25.534],[14.845,-25.726],[14.931,-25.958],[14.968,-26.318],[15.097,-26.426],[15.163,-26.6],[15.133,-26.788],[15.216,-26.995],[15.288,-27.275],[15.342,-27.387],[15.719,-27.966],[15.891,-28.153],[16.007,-28.232],[16.335,-28.537],[16.448,-28.618],[16.626,-28.488],[16.756,-28.452],[16.81,-28.265],[16.933,-28.07],[17.056,-28.031],[17.149,-28.082],[17.205,-28.199],[17.312,-28.229],[17.386,-28.353],[17.348,-28.501],[17.448,-28.698],[17.699,-28.768],[17.976,-28.811],[18.103,-28.872],[18.311,-28.886],[18.6,-28.855],[18.839,-28.869],[19.026,-28.928],[19.162,-28.939],[19.246,-28.902],[19.271,-28.778],[19.483,-28.662],[19.54,-28.575],[19.671,-28.504],[19.878,-28.449],[19.98,-28.451],[19.98,-27.866],[19.98,-26.531],[19.98,-25.642],[19.98,-24.777],[19.979,-23.676],[19.979,-23.103],[19.977,-22],[20.971,-22],[20.979,-21.962],[20.978,-20.968],[20.976,-19.744],[20.975,-18.929],[20.974,-18.319],[21.233,-18.307],[22.011,-18.199],[22.46,-18.116],[23.1,-18.01],[23.299,-18.027],[23.46,-18.231],[23.581,-18.453],[23.7,-18.424],[23.898,-18.229],[24.129,-18.078],[24.359,-17.978],[24.531,-18.053],[24.792,-17.865],[24.909,-17.821],[25.259,-17.794],[25.092,-17.634],[24.932,-17.543],[24.275,-17.481],[23.799,-17.56],[23.381,-17.641]]]},"properties":{"id":"NAM"}},
{"type":"Feature","geometry":{"type":"Polygon","coordinates":[[[31.288,-22.402],[31.419,-22.825],[31.532,-23.279],[31.546,-23.482],[31.8,-23.892],[31.858,-24.04],[31.986,-24.461],[31.985,-25.632],[31.92,-25.774],[31.948,-25.958],[32.061,-26.018],[32.041,-26.281],[32.106,-26.52],[32.113,-26.839],[32.354,-26.862],[32.886,-26.849],[32.934,-26.252],[32.849,-26.268],[32.704,-26.158],[32.59,-26.004],[32.723,-25.821],[32.792,-25.644],[32.961,-25.49],[33.347,-25.261],[33.836,-25.068],[34.607,-24.821],[34.992,-24.651],[35.156,-24.541],[35.438,-24.171],[35.49,-24.066],[35.542,-23.824],[35.462,-23.851],[35.37,-23.798],[35.377,-23.708],[35.494,-23.185],[35.575,-22.963],[35.49,-22.658],[35.542,-22.377],[35.494,-22.125],[35.419,-22.178],[35.408,-22.403],[35.316,-22.397],[35.329,-22.037],[35.268,-21.651],[35.128,-21.395],[35.118,-21.195],[34.982,-20.806],[34.765,-20.562],[34.698,-20.404],[34.75,-20.091],[34.756,-19.822],[34.948,-19.813],[35.365,-19.494],[35.651,-19.164],[35.854,-18.993],[36.125,-18.842],[36.236,-18.861],[36.404,-18.77],[36.412,-18.693],[36.54,-18.518],[36.756,-18.307],[36.9,-18.129],[36.939,-17.993],[37.245,-17.74],[37.512,-17.571],[37.839,-17.393],[38.048,-17.321],[38.145,-17.243],[38.633,-17.078],[38.67,-17.05],[38.885,-17.042],[39.084,-16.973],[39.242,-16.793],[39.625,-16.579],[39.845,-16.436],[39.791,-16.295],[39.984,-16.225],[40.099,-16.065],[40.109,-15.979],[40.314,-15.764],[40.559,-15.473],[40.651,-15.261],[40.618,-15.116],[40.694,-15.065],[40.701,-14.93],[40.835,-14.792],[40.818,-14.468],[40.64,-14.39],[40.713,-14.291],[40.716,-14.214],[40.603,-14.167],[40.591,-13.845],[40.545,-13.463],[40.583,-13.374],[40.569,-12.985],[40.437,-12.983],[40.448,-12.905],[40.553,-12.825],[40.581,-12.636],[40.523,-12.393],[40.501,-12.119],[40.532,-12.005],[40.433,-11.657],[40.465,-11.449],[40.403,-11.332],[40.545,-11.066],[40.516,-10.93],[40.597,-10.831],[40.487,-10.765],[40.612,-10.662],[40.464,-10.464],[39.989,-10.821],[39.817,-10.912],[39.563,-10.979],[39.322,-11.123],[39.171,-11.167],[38.988,-11.167],[38.795,-11.229],[38.492,-11.413],[38.315,-11.311],[38.177,-11.279],[37.92,-11.295],[37.829,-11.482],[37.725,-11.581],[37.542,-11.675],[37.373,-11.71],[37.218,-11.687],[36.979,-11.567],[36.771,-11.61],[36.674,-11.684],[36.519,-11.716],[36.306,-11.706],[36.191,-11.671],[36.082,-11.537],[35.911,-11.455],[35.785,-11.453],[35.631,-11.582],[34.959,-11.578],[34.66,-11.589],[34.619,-11.62],[34.554,-11.834],[34.376,-12.12],[34.361,-12.211],[34.483,-12.667],[34.521,-12.926],[34.564,-13.36],[34.662,-13.487],[34.85,-13.516],[35.014,-13.643],[35.247,-13.897],[35.488,-14.201],[35.847,-14.671],[35.867,-14.864],[35.805,-15.266],[35.83,-15.419],[35.791,-15.959],[35.755,-16.058],[35.599,-16.126],[35.358,-16.161],[35.292,-16.247],[35.167,-16.56],[35.23,-16.639],[35.281,-16.808],[35.29,-17.097],[35.125,-17.127],[35.044,-17.017],[35.112,-16.899],[35.08,-16.834],[34.933,-16.76],[34.396,-16.199],[34.376,-16.024],[34.248,-15.887],[34.246,-15.829],[34.358,-15.705],[34.435,-15.477],[34.541,-15.297],[34.551,-14.922],[34.505,-14.598],[34.375,-14.425],[34.333,-14.409],[33.97,-14.487],[33.696,-14.53],[33.636,-14.568],[33.39,-14.289],[33.244,-14.043],[33.202,-14.013],[32.273,-14.323],[31.729,-14.496],[31.538,-14.577],[30.673,-14.819],[30.232,-14.99],[30.252,-15.183],[30.351,-15.35],[30.396,-15.643],[30.409,-15.978],[30.438,-15.995],[31.236,-16.024],[31.49,-16.18],[31.688,-16.214],[31.94,-16.429],[32.243,-16.449],[32.636,-16.589],[32.742,-16.678],[32.948,-16.712],[32.876,-16.884],[32.884,-17.038],[32.969,-17.252],[32.981,-17.437],[32.955,-17.765],[32.956,-18.083],[32.993,-18.36],[32.854,-18.764],[32.722,-18.828],[32.717,-19.002],[32.85,-19.104],[32.778,-19.389],[32.831,-19.558],[33.007,-19.874],[32.993,-19.985],[32.87,-20.217],[32.673,-20.516],[32.529,-20.613],[32.478,-20.713],[32.476,-20.95],[32.354,-21.137],[32.43,-21.297],[32.371,-21.335],[32.016,-21.698],[31.429,-22.299],[31.288,-22.402]]]},"properties":{"id":"MOZ"}},
{"type":"Feature","geometry":{"type":"Polygon","coordinates":[[[-2.22,35.104],[-2.424,35.123],[-2.84,35.128],[-2.972,35.407],[-3.206,35.239],[-3.395,35.212],[-3.591,35.228],[-3.693,35.28],[-3.788,35.245],[-3.982,35.243],[-4.33,35.161],[-4.628,35.206],[-4.837,35.281],[-5.105,35.468],[-5.253,35.615],[-5.338,35.745],[-5.338,35.857],[-5.397,35.93],[-5.623,35.829],[-5.925,35.786],[-5.958,35.681],[-6.353,34.776],[-6.756,34.133],[-6.901,33.969],[-7.145,33.83],[-7.562,33.64],[-8.301,33.374],[-8.596,33.187],[-8.836,32.92],[-9.246,32.572],[-9.287,32.241],[-9.347,32.086],[-9.675,31.711],[-9.809,31.425],[-9.833,31.07],[-9.832,30.847],[-9.875,30.718],[-9.653,30.448],[-9.624,30.353],[-9.667,30.109],[-9.853,29.809],[-10.01,29.641],[-10.201,29.38],[-10.486,29.065],[-10.674,28.939],[-11.081,28.714],[-11.299,28.526],[-11.43,28.382],[-11.553,28.31],[-11.986,28.129],[-12.469,28.009],[-12.794,27.978],[-12.949,27.914],[-13.041,27.77],[-13.176,27.656],[-13.256,27.435],[-13.41,27.147],[-13.496,26.873],[-13.576,26.735],[-13.952,26.489],[-14.168,26.415],[-14.312,26.297],[-14.414,26.254],[-14.471,26.163],[-14.523,25.925],[-14.602,25.809],[-14.707,25.548],[-14.795,25.404],[-14.843,25.22],[-14.856,24.872],[-14.904,24.72],[-15.039,24.549],[-15.189,24.479],[-15.586,24.073],[-15.778,23.953],[-15.899,23.844],[-15.806,23.75],[-15.943,23.553],[-15.997,23.425],[-16.21,23.098],[-16.202,22.945],[-16.304,22.835],[-16.359,22.595],[-16.514,22.333],[-16.684,22.274],[-16.793,22.16],[-16.931,21.9],[-17.003,21.421],[-16.731,21.47],[-16.191,21.481],[-16.041,21.501],[-15.751,21.491],[-15.461,21.451],[-15.151,21.441],[-14.841,21.451],[-14.671,21.6],[-14.611,21.751],[-14.631,21.861],[-14.441,22.081],[-14.311,22.191],[-14.221,22.31],[-14.191,22.451],[-14.171,22.76],[-14.101,23.1],[-14.021,23.411],[-13.891,23.691],[-13.771,23.791],[-13.311,23.981],[-13.231,24.09],[-13.061,24.401],[-12.991,24.47],[-12.711,24.63],[-12.431,24.831],[-12.311,25.111],[-12.171,25.64],[-12.031,26.031],[-11.718,26.104],[-11.637,26.296],[-11.471,26.52],[-11.338,26.633],[-11.317,26.745],[-11.393,26.883],[-10.923,27.01],[-10.758,27.02],[-10.551,26.991],[-10.251,26.861],[-10.033,26.911],[-9.9,26.85],[-9.735,26.861],[-9.413,27.088],[-9.002,27.09],[-8.795,27.121],[-8.754,27.191],[-8.803,27.361],[-8.774,27.461],[-8.818,27.656],[-8.683,27.656],[-8.683,28.621],[-8.66,28.719],[-8.558,28.768],[-8.265,28.981],[-7.999,29.132],[-7.685,29.35],[-7.486,29.392],[-7.235,29.575],[-7.095,29.625],[-6.635,29.569],[-6.521,29.66],[-6.501,29.809],[-6.215,29.811],[-5.775,29.869],[-5.449,29.957],[-5.18,30.166],[-4.968,30.465],[-4.779,30.552],[-4.323,30.699],[-3.985,30.914],[-3.702,30.944],[-3.627,31.001],[-3.673,31.111],[-3.833,31.198],[-3.789,31.362],[-3.837,31.512],[-3.827,31.662],[-3.7,31.7],[-3.44,31.705],[-3.017,31.834],[-2.931,32.043],[-2.863,32.075],[-2.448,32.13],[-1.817,32.105],[-1.275,32.089],[-1.226,32.107],[-1.262,32.271],[-1.24,32.338],[-1.066,32.468],[-1.111,32.552],[-1.352,32.703],[-1.51,32.878],[-1.551,33.074],[-1.679,33.319],[-1.631,33.567],[-1.703,33.717],[-1.693,33.99],[-1.707,34.176],[-1.792,34.368],[-1.733,34.467],[-1.85,34.607],[-1.796,34.752],[-2.132,34.971],[-2.22,35.104]]]},"properties":{"id":"MAR"}},
{"type":"Feature","geometry":{"type":"Polygon","coordinates":[[[-17.003,21.421],[-17.099,20.857],[-17.048,20.806],[-17.064,20.899],[-16.965,21.329],[-15.919,21.33],[-15.231,21.331],[-14.543,21.332],[-13.855,21.333],[-13.016,21.334],[-13.094,22.496],[-13.167,22.753],[-13.121,22.884],[-13.031,23],[-12.62,23.271],[-12.373,23.318],[-12.023,23.468],[-12.016,23.576],[-12.016,24.651],[-12.016,25.332],[-12.016,25.995],[-11.308,25.995],[-10.376,25.995],[-9.258,25.996],[-8.682,25.996],[-8.683,27.286],[-8.683,27.656],[-8.818,27.656],[-8.774,27.461],[-8.803,27.361],[-8.754,27.191],[-8.795,27.121],[-9.002,27.09],[-9.413,27.088],[-9.735,26.861],[-9.9,26.85],[-10.033,26.911],[-10.251,26.861],[-10.551,26.991],[-10.758,27.02],[-10.923,27.01],[-11.393,26.883],[-11.317,26.745],[-11.338,26.633],[-11.471,26.52],[-11.637,26.296],[-11.718,26.104],[-12.031,26.031],[-12.171,25.64],[-12.311,25.111],[-12.431,24.831],[-12.711,24.63],[-12.991,24.47],[-13.061,24.401],[-13.231,24.09],[-13.311,23.981],[-13.771,23.791],[-13.891,23.691],[-14.021,23.411],[-14.101,23.1],[-14.171,22.76],[-14.191,22.451],[-14.221,22.31],[-14.311,22.191],[-14.441,22.081],[-14.631,21.861],[-14.611,21.751],[-14.671,21.6],[-14.841,21.451],[-15.151,21.441],[-15.461,21.451],[-15.751,21.491],[-16.041,21.501],[-16.191,21.481],[-16.731,21.47],[-17.003,21.421]]]},"properties":{"id":"ESH"}},
{"type":"Feature","geometry":{"type":"Polygon","coordinates":[[[19.194,43.533],[18.94,43.497],[19.037,43.357],[18.851,43.346],[18.674,43.231],[18.624,43.028],[18.444,42.968],[18.466,42.777],[18.543,42.674],[18.436,42.56],[18.517,42.433],[18.894,42.249],[19.122,42.06],[19.186,41.949],[19.342,41.869],[19.361,42.069],[19.281,42.173],[19.4,42.342],[19.654,42.629],[19.741,42.607],[19.788,42.476],[20.064,42.547],[20.089,42.632],[20.029,42.732],[20.193,42.755],[20.344,42.828],[20.34,42.893],[19.944,43.082],[19.781,43.11],[19.552,43.212],[19.415,43.343],[19.219,43.45],[19.194,43.533]]]},"properties":{"id":"MNE"}},
{"type":"Feature","geometry":{"type":"Polygon","coordinates":[[[87.814,49.162],[87.86,48.966],[87.743,48.882],[87.832,48.792],[88.028,48.736],[87.98,48.555],[88.31,48.472],[88.517,48.384],[88.576,48.22],[89.048,48.003],[89.196,47.981],[89.33,48.025],[89.561,48.004],[89.778,47.827],[90.028,47.878],[90.103,47.745],[90.313,47.676],[90.425,47.504],[90.496,47.285],[90.716,47.004],[90.87,46.954],[90.986,46.749],[91.034,46.529],[90.912,46.271],[91.002,46.036],[90.796,45.854],[90.71,45.731],[90.662,45.525],[90.877,45.196],[91.05,45.217],[91.312,45.118],[91.441,45.125],[91.584,45.077],[92.03,45.069],[92.424,45.009],[92.788,45.036],[93.294,44.983],[93.656,44.901],[93.958,44.675],[94.199,44.645],[94.365,44.519],[94.712,44.351],[95.05,44.259],[95.35,44.278],[95.326,44.105],[95.356,44.006],[95.526,43.954],[95.842,43.384],[95.913,43.206],[96.3,42.929],[96.385,42.72],[97.206,42.79],[97.719,42.736],[98.947,42.616],[99.468,42.568],[99.984,42.677],[101.092,42.551],[101.495,42.539],[101.714,42.466],[101.973,42.216],[102.157,42.158],[103.073,42.006],[103.711,41.751],[104.498,41.877],[104.498,41.659],[104.86,41.644],[105.051,41.616],[105.197,41.738],[105.314,41.771],[105.868,41.994],[106.77,42.289],[107.091,42.322],[108.171,42.447],[108.687,42.416],[109.443,42.456],[109.698,42.554],[110.4,42.774],[110.43,42.814],[111.007,43.341],[111.547,43.496],[111.771,43.665],[111.933,43.711],[111.932,43.815],[111.837,43.935],[111.52,44.192],[111.402,44.367],[111.489,44.512],[111.621,44.827],[111.751,44.97],[111.898,45.064],[112.411,45.058],[112.597,44.918],[113.049,44.81],[113.587,44.746],[113.877,44.896],[114.03,44.943],[114.419,45.203],[114.517,45.365],[114.739,45.42],[114.919,45.378],[115.163,45.39],[115.681,45.458],[115.934,45.626],[116.11,45.687],[116.241,45.796],[116.213,45.887],[116.358,46.097],[116.517,46.209],[116.563,46.29],[116.859,46.388],[116.979,46.362],[117.333,46.362],[117.406,46.571],[117.547,46.588],[117.671,46.522],[117.813,46.538],[117.91,46.619],[118.309,46.717],[118.723,46.692],[118.844,46.76],[119.162,46.639],[119.707,46.606],[119.867,46.672],[119.898,46.858],[119.788,46.979],[119.711,47.15],[119.527,47.256],[119.123,47.558],[119.082,47.654],[118.76,47.758],[118.498,47.984],[118.147,48.029],[117.768,47.988],[117.351,47.652],[117.07,47.806],[116.761,47.87],[116.513,47.84],[116.231,47.858],[115.898,47.687],[115.712,47.799],[115.558,47.945],[115.525,48.131],[115.786,48.248],[115.821,48.577],[115.954,48.689],[116.243,49.17],[116.683,49.824],[116.551,49.92],[116.135,50.011],[115.718,49.881],[115.429,49.896],[115.275,49.949],[115.003,50.139],[114.743,50.234],[114.297,50.274],[114.071,50.205],[113.881,50.101],[113.574,50.007],[113.164,49.797],[113.056,49.616],[112.806,49.524],[112.495,49.532],[112.08,49.424],[111.736,49.398],[111.429,49.343],[111.337,49.356],[110.828,49.166],[110.631,49.138],[110.428,49.22],[110.2,49.17],[109.529,49.27],[109.237,49.335],[108.614,49.323],[108.407,49.396],[108.213,49.525],[108.034,49.594],[107.937,49.691],[107.948,49.925],[107.631,49.983],[107.233,49.989],[107.04,50.086],[106.941,50.197],[106.711,50.313],[106.574,50.329],[106.218,50.305],[105.875,50.405],[105.693,50.414],[105.384,50.474],[105.095,50.39],[104.466,50.306],[104.18,50.169],[103.803,50.176],[103.633,50.139],[103.304,50.2],[103.162,50.291],[102.86,50.333],[102.683,50.387],[102.469,50.526],[102.288,50.585],[102.317,50.718],[102.215,50.829],[102.195,51.051],[102.152,51.108],[102.156,51.314],[102.112,51.353],[101.571,51.467],[101.381,51.453],[101.223,51.513],[100.536,51.713],[99.922,51.756],[99.719,51.872],[99.407,51.924],[98.849,52.07],[98.803,51.957],[98.641,51.801],[98.353,51.718],[98.22,51.506],[98.038,51.45],[97.947,51.348],[97.911,51.165],[97.825,50.985],[97.953,50.855],[98.03,50.645],[98.279,50.533],[98.25,50.302],[98.103,50.078],[97.854,49.947],[97.589,49.911],[97.36,49.741],[97.209,49.731],[96.986,49.883],[96.506,49.919],[96.315,49.901],[96.066,49.999],[95.936,49.96],[95.852,50.013],[95.523,49.911],[95.044,49.962],[94.93,50.044],[94.615,50.024],[94.355,50.222],[94.251,50.556],[93.626,50.586],[93.271,50.616],[93.103,50.604],[93.01,50.655],[92.941,50.778],[92.779,50.779],[92.627,50.688],[92.355,50.864],[92.192,50.701],[91.804,50.694],[91.597,50.576],[91.341,50.47],[91.022,50.415],[90.761,50.306],[90.655,50.222],[90.517,50.213],[90.225,50.117],[90.005,50.069],[89.977,49.984],[89.644,49.903],[89.654,49.717],[89.396,49.612],[89.244,49.627],[89.18,49.532],[88.832,49.448],[88.633,49.486],[88.193,49.452],[88.116,49.256],[87.935,49.165],[87.814,49.162]]]},"properties":{"id":"MNG"}},
{"type":"Feature","geometry":{"type":"Polygon","coordinates":[[[26.619,48.26],[26.787,48.256],[26.981,48.155],[27.152,47.959],[27.337,47.64],[27.449,47.553],[27.614,47.341],[27.768,47.228],[27.854,47.115],[28.072,46.978],[28.239,46.641],[28.244,46.451],[28.119,46.139],[28.1,45.973],[28.16,45.647],[28.075,45.599],[28.213,45.45],[28.471,45.507],[28.492,45.666],[28.729,45.852],[28.739,45.937],[28.948,46.05],[29.006,46.176],[28.927,46.424],[29.146,46.527],[29.305,46.467],[29.615,46.399],[29.752,46.438],[29.838,46.351],[30.076,46.378],[30.131,46.423],[29.924,46.539],[29.942,46.724],[29.878,46.829],[29.572,46.964],[29.515,47.091],[29.549,47.247],[29.16,47.456],[29.123,47.53],[29.211,47.732],[29.195,47.882],[29.093,47.975],[28.973,47.933],[28.866,47.996],[28.774,48.12],[28.327,48.161],[28.291,48.239],[28.088,48.257],[28.038,48.321],[27.82,48.416],[27.549,48.478],[27.229,48.371],[26.847,48.387],[26.619,48.26]]]},"properties":{"id":"MDA"}},
{"type":"Feature","geometry":{"type":"Polygon","coordinates":[[[7.439,43.75],[7.414,43.771],[7.378,43.732],[7.439,43.75]]]},"properties":{"id":"MCO"}},
{"type":"Feature","geometry":{"type":"MultiPolygon","coordinates":[[[[-117.128,32.533],[-117.063,32.344],[-116.914,32.199],[-116.848,31.997],[-116.621,31.851],[-116.668,31.699],[-116.662,31.565],[-116.458,31.361],[-116.333,31.203],[-116.296,30.971],[-116.062,30.804],[-115.996,30.414],[-115.816,30.304],[-115.79,30.084],[-115.808,29.96],[-115.749,29.936],[-115.674,29.756],[-115.166,29.427],[-114.994,29.384],[-114.664,29.095],[-114.309,28.73],[-114.146,28.605],[-114.048,28.426],[-114.093,28.221],[-114.185,28.013],[-114.175,27.831],[-114.301,27.873],[-114.448,27.797],[-114.57,27.784],[-114.824,27.83],[-115.036,27.842],[-114.994,27.736],[-114.54,27.431],[-114.445,27.218],[-114.333,27.158],[-114.11,27.106],[-113.996,26.988],[-113.841,26.967],[-113.701,26.791],[-113.599,26.721],[-113.426,26.796],[-113.272,26.791],[-113.206,26.857],[-113.021,26.583],[-112.658,26.317],[-112.377,26.214],[-112.174,25.913],[-112.12,25.766],[-112.115,25.63],[-112.056,25.488],[-112.129,25.043],[-112.073,24.84],[-111.848,24.67],[-111.802,24.543],[-111.683,24.556],[-111.578,24.443],[-111.419,24.329],[-111.036,24.105],[-110.765,23.877],[-110.63,23.737],[-110.363,23.605],[-110.181,23.342],[-110.086,23.005],[-110.006,22.894],[-109.923,22.886],[-109.728,22.982],[-109.458,23.215],[-109.421,23.48],[-109.51,23.598],[-109.677,23.662],[-109.711,23.804],[-110.023,24.175],[-110.263,24.345],[-110.325,24.306],[-110.297,24.195],[-110.547,24.214],[-110.659,24.341],[-110.735,24.59],[-110.677,24.789],[-110.756,24.995],[-110.894,25.144],[-111.014,25.42],[-111.034,25.527],[-111.15,25.573],[-111.292,25.79],[-111.33,25.931],[-111.332,26.125],[-111.465,26.408],[-111.47,26.507],[-111.546,26.579],[-111.57,26.708],[-111.795,26.88],[-111.817,26.756],[-112.009,26.967],[-112.004,27.079],[-112.191,27.187],[-112.283,27.347],[-112.329,27.523],[-112.553,27.657],[-112.734,27.826],[-112.749,27.995],[-112.808,28.092],[-112.796,28.207],[-112.868,28.292],[-112.871,28.424],[-113.094,28.512],[-113.206,28.799],[-113.321,28.813],[-113.382,28.947],[-113.5,28.927],[-113.545,29.102],[-113.755,29.367],[-114.062,29.61],[-114.179,29.734],[-114.373,29.83],[-114.403,29.896],[-114.55,30.022],[-114.65,30.238],[-114.633,30.507],[-114.685,30.621],[-114.761,30.959],[-114.882,31.156],[-114.848,31.538],[-114.79,31.647],[-114.84,31.799],[-114.549,31.734],[-114.264,31.554],[-114.149,31.507],[-114.003,31.525],[-113.948,31.629],[-113.759,31.558],[-113.633,31.468],[-113.623,31.346],[-113.481,31.294],[-113.231,31.256],[-113.047,31.179],[-113.108,31.077],[-113.087,30.938],[-113.11,30.793],[-113.058,30.651],[-112.825,30.3],[-112.759,30.126],[-112.738,29.985],[-112.573,29.72],[-112.415,29.536],[-112.378,29.348],[-112.223,29.269],[-112.162,29.019],[-111.941,28.823],[-111.832,28.648],[-111.68,28.471],[-111.472,28.384],[-111.282,28.115],[-111.121,27.967],[-110.921,27.889],[-110.759,27.915],[-110.53,27.864],[-110.615,27.654],[-110.561,27.45],[-110.478,27.323],[-110.277,27.162],[-109.944,27.079],[-109.891,26.883],[-109.755,26.703],[-109.483,26.71],[-109.276,26.534],[-109.2,26.305],[-109.426,26.033],[-109.385,25.727],[-109.304,25.633],[-109.068,25.552],[-109.029,25.48],[-108.787,25.538],[-108.751,25.424],[-108.466,25.265],[-108.374,25.194],[-108.093,25.094],[-108.208,24.975],[-108.015,24.783],[-107.951,24.615],[-107.817,24.539],[-107.512,24.489],[-107.527,24.36],[-107.765,24.472],[-107.085,24.016],[-106.935,23.881],[-106.729,23.611],[-106.567,23.449],[-106.402,23.196],[-106.235,23.061],[-106.022,22.829],[-105.792,22.627],[-105.646,22.327],[-105.649,21.988],[-105.527,21.818],[-105.431,21.618],[-105.209,21.491],[-105.233,21.38],[-105.237,21.119],[-105.492,20.777],[-105.327,20.753],[-105.252,20.669],[-105.26,20.579],[-105.377,20.512],[-105.543,20.498],[-105.669,20.386],[-105.57,20.228],[-105.482,19.976],[-105.286,19.706],[-105.108,19.562],[-104.938,19.309],[-104.603,19.153],[-104.405,19.091],[-104.277,19.011],[-104.046,18.912],[-103.912,18.828],[-103.699,18.633],[-103.442,18.325],[-103.019,18.187],[-102.7,18.063],[-102.547,18.041],[-102.217,17.957],[-101.996,17.973],[-101.847,17.922],[-101.6,17.652],[-101.487,17.615],[-101.385,17.514],[-101.148,17.393],[-101.002,17.276],[-100.848,17.2],[-100.432,17.064],[-100.243,16.984],[-100.025,16.921],[-99.691,16.72],[-99.348,16.665],[-98.762,16.535],[-98.52,16.305],[-98.139,16.206],[-97.755,15.967],[-97.185,15.909],[-96.808,15.726],[-96.511,15.652],[-96.409,15.683],[-96.214,15.693],[-95.772,15.888],[-95.464,15.975],[-95.134,16.177],[-94.949,16.21],[-95.024,16.306],[-94.9,16.417],[-94.793,16.365],[-94.753,16.291],[-94.651,16.352],[-94.587,16.316],[-94.662,16.202],[-94.471,16.187],[-94.374,16.285],[-93.916,16.054],[-93.734,15.888],[-93.541,15.75],[-93.167,15.448],[-93.024,15.31],[-92.809,15.139],[-92.531,14.84],[-92.235,14.545],[-92.16,14.691],[-92.186,14.818],[-92.144,15.002],[-92.075,15.074],[-92.204,15.238],[-92.187,15.321],[-91.737,16.07],[-90.447,16.073],[-90.46,16.162],[-90.417,16.391],[-90.634,16.511],[-90.711,16.708],[-90.976,16.868],[-91.112,16.976],[-91.224,17.112],[-91.41,17.256],[-90.993,17.252],[-90.989,17.816],[-90.184,17.816],[-89.161,17.815],[-89.134,17.971],[-89.05,18],[-88.898,17.915],[-88.806,17.966],[-88.586,18.291],[-88.523,18.446],[-88.461,18.477],[-88.296,18.472],[-88.195,18.643],[-88.197,18.72],[-88.074,18.834],[-88.011,18.727],[-88.056,18.524],[-87.96,18.441],[-87.853,18.269],[-87.762,18.446],[-87.734,18.655],[-87.653,18.799],[-87.594,19.046],[-87.501,19.288],[-87.622,19.25],[-87.659,19.352],[-87.483,19.444],[-87.425,19.583],[-87.645,19.554],[-87.688,19.637],[-87.586,19.779],[-87.466,19.824],[-87.432,19.898],[-87.467,20.102],[-87.421,20.231],[-87.221,20.507],[-87.06,20.631],[-86.865,20.885],[-86.772,21.151],[-86.817,21.234],[-86.824,21.422],[-86.912,21.463],[-87.035,21.592],[-87.128,21.621],[-87.216,21.582],[-87.188,21.477],[-87.251,21.447],[-87.48,21.472],[-87.689,21.536],[-88.132,21.616],[-88.251,21.567],[-88.467,21.569],[-88.585,21.539],[-88.747,21.448],[-88.879,21.414],[-89.82,21.275],[-90.183,21.121],[-90.353,21.009],[-90.458,20.714],[-90.484,20.556],[-90.482,20.026],[-90.507,19.912],[-90.693,19.73],[-90.739,19.352],[-90.955,19.152],[-91.059,19.098],[-91.343,18.901],[-91.368,18.806],[-91.279,18.721],[-91.275,18.624],[-91.44,18.542],[-91.534,18.457],[-91.803,18.471],[-91.914,18.529],[-91.88,18.638],[-91.974,18.716],[-92.441,18.675],[-92.71,18.612],[-92.769,18.524],[-92.885,18.469],[-93.127,18.423],[-93.228,18.444],[-93.552,18.43],[-93.873,18.304],[-94.189,18.195],[-94.392,18.166],[-94.546,18.175],[-94.798,18.515],[-95.015,18.571],[-95.182,18.701],[-95.561,18.719],[-95.627,18.691],[-95.821,18.755],[-95.985,19.054],[-96.073,19.106],[-96.124,19.199],[-96.29,19.344],[-96.456,19.87],[-96.709,20.188],[-97.121,20.615],[-97.195,20.8],[-97.501,21.398],[-97.515,21.478],[-97.638,21.604],[-97.754,22.027],[-97.59,21.762],[-97.383,21.567],[-97.424,21.465],[-97.337,21.438],[-97.315,21.564],[-97.585,21.809],[-97.763,22.106],[-97.782,22.279],[-97.858,22.625],[-97.745,22.942],[-97.766,23.306],[-97.727,23.732],[-97.717,23.981],[-97.668,24.39],[-97.507,25.015],[-97.424,25.233],[-97.225,25.585],[-97.164,25.755],[-97.146,25.961],[-97.282,25.942],[-97.358,25.871],[-97.587,25.984],[-97.801,26.042],[-98.083,26.064],[-98.275,26.111],[-98.378,26.182],[-98.598,26.238],[-98.765,26.34],[-99.015,26.399],[-99.108,26.447],[-99.172,26.564],[-99.23,26.762],[-99.302,26.885],[-99.444,27.037],[-99.44,27.17],[-99.51,27.34],[-99.505,27.548],[-99.754,27.73],[-99.89,27.867],[-100.001,28.048],[-100.112,28.173],[-100.296,28.328],[-100.332,28.503],[-100.55,28.821],[-100.659,29.069],[-100.755,29.183],[-101.016,29.401],[-101.039,29.46],[-101.304,29.634],[-101.44,29.777],[-101.991,29.796],[-102.269,29.871],[-102.476,29.769],[-102.615,29.752],[-102.734,29.644],[-102.834,29.444],[-102.892,29.216],[-103.023,29.132],[-103.09,29.042],[-103.258,29.001],[-103.423,29.071],[-103.853,29.291],[-103.99,29.323],[-104.216,29.48],[-104.401,29.574],[-104.504,29.678],[-104.622,29.854],[-104.681,29.991],[-104.681,30.134],[-104.836,30.448],[-104.979,30.646],[-105.276,30.807],[-105.514,30.981],[-105.813,31.241],[-106.024,31.398],[-106.148,31.451],[-106.256,31.545],[-106.347,31.679],[-106.453,31.77],[-107.552,31.776],[-108.212,31.779],[-108.214,31.329],[-109.275,31.327],[-109.982,31.326],[-111.042,31.324],[-111.99,31.62],[-112.939,31.916],[-113.887,32.212],[-114.836,32.508],[-114.725,32.715],[-115.411,32.662],[-116.27,32.598],[-117.128,32.533]]],[[[-86.94,20.303],[-86.755,20.552],[-86.928,20.552],[-87.019,20.382],[-86.94,20.303]]],[[[-110.914,18.741],[-110.989,18.863],[-111.064,18.782],[-110.914,18.741]]],[[[-113.156,29.052],[-113.202,29.302],[-113.374,29.339],[-113.416,29.486],[-113.587,29.573],[-113.581,29.413],[-113.496,29.308],[-113.265,29.097],[-113.156,29.052]]],[[[-115.171,28.069],[-115.149,28.172],[-115.197,28.328],[-115.353,28.104],[-115.171,28.069]]],[[[-112.203,29.005],[-112.285,29.24],[-112.47,29.168],[-112.531,28.894],[-112.514,28.848],[-112.278,28.769],[-112.203,29.005]]],[[[-118.243,28.942],[-118.247,29.043],[-118.312,29.131],[-118.4,29.112],[-118.285,28.904],[-118.243,28.942]]],[[[-111.699,24.394],[-111.857,24.538],[-112.013,24.533],[-111.712,24.346],[-111.699,24.394]]],[[[-112.057,24.546],[-112.222,24.951],[-112.297,24.79],[-112.175,24.73],[-112.163,24.65],[-112.057,24.546]]]]},"properties":{"id":"MEX"}},
{"type":"Feature","geometry":{"type":"Polygon","coordinates":[[[57.651,-20.485],[57.781,-20.327],[57.792,-20.213],[57.657,-19.99],[57.576,-19.997],[57.486,-20.144],[57.386,-20.229],[57.365,-20.406],[57.383,-20.504],[57.525,-20.513],[57.651,-20.485]]]},"properties":{"id":"MUS"}},
{"type":"Feature","geometry":{"type":"Polygon","coordinates":[[[-12.281,14.809],[-12.105,14.745],[-11.941,14.887],[-11.873,14.995],[-11.829,15.245],[-11.76,15.426],[-11.503,15.637],[-11.455,15.625],[-11.169,15.359],[-10.896,15.15],[-10.697,15.423],[-10.412,15.438],[-10.13,15.384],[-9.941,15.374],[-9.447,15.458],[-9.448,15.575],[-9.351,15.677],[-9.335,15.526],[-9.177,15.496],[-8.171,15.496],[-7.559,15.496],[-6.336,15.496],[-5.512,15.496],[-5.36,16.283],[-5.629,16.569],[-5.742,17.556],[-5.884,18.799],[-5.998,19.794],[-6.083,20.54],[-6.197,21.534],[-6.283,22.28],[-6.368,23.026],[-6.482,24.021],[-6.594,24.995],[-5.96,24.995],[-4.823,24.996],[-5.517,25.424],[-6.239,25.848],[-7.367,26.512],[-8.119,26.954],[-8.683,27.286],[-8.682,25.996],[-9.258,25.996],[-10.376,25.995],[-11.308,25.995],[-12.016,25.995],[-12.016,25.332],[-12.016,24.651],[-12.016,23.576],[-12.023,23.468],[-12.373,23.318],[-12.62,23.271],[-13.031,23],[-13.121,22.884],[-13.167,22.753],[-13.094,22.496],[-13.016,21.334],[-13.855,21.333],[-14.543,21.332],[-15.231,21.331],[-15.919,21.33],[-16.965,21.329],[-17.064,20.899],[-17.048,20.806],[-16.998,21.04],[-16.876,21.086],[-16.623,20.634],[-16.53,20.71],[-16.43,20.652],[-16.334,20.416],[-16.21,20.228],[-16.233,20.001],[-16.283,19.787],[-16.514,19.362],[-16.476,19.285],[-16.306,19.154],[-16.213,19.003],[-16.15,18.718],[-16.085,18.521],[-16.047,18.223],[-16.03,17.888],[-16.079,17.546],[-16.207,17.193],[-16.347,16.926],[-16.464,16.602],[-16.481,16.454],[-16.536,16.287],[-16.535,15.838],[-16.441,16.205],[-16.358,16.307],[-16.302,16.451],[-16.168,16.547],[-15.959,16.492],[-15.768,16.485],[-15.621,16.507],[-15.38,16.582],[-15.211,16.583],[-15.113,16.645],[-14.534,16.656],[-14.3,16.58],[-14.086,16.419],[-13.975,16.311],[-13.868,16.148],[-13.757,16.173],[-13.685,16.127],[-13.556,16.144],[-13.41,16.059],[-13.297,15.854],[-13.258,15.7],[-13.079,15.51],[-12.994,15.505],[-12.863,15.34],[-12.858,15.243],[-12.66,15.082],[-12.544,15.039],[-12.409,14.889],[-12.281,14.809]]]},"properties":{"id":"MRT"}},
{"type":"Feature","geometry":{"type":"Polygon","coordinates":[[[14.566,35.853],[14.448,35.957],[14.352,35.872],[14.436,35.822],[14.566,35.853]]]},"properties":{"id":"MLT"}},
{"type":"Feature","geometry":{"type":"Polygon","coordinates":[[[-11.389,12.404],[-11.502,12.199],[-11.305,12.015],[-11.21,12.025],[-11.066,12.171],[-10.933,12.205],[-10.876,12.152],[-10.743,11.927],[-10.677,11.899],[-10.466,12.139],[-10.275,12.213],[-9.821,12.042],[-9.715,12.042],[-9.658,12.143],[-9.487,12.229],[-9.358,12.255],[-9.332,12.324],[-9.365,12.479],[-9.216,12.483],[-9.043,12.402],[-8.999,12.346],[-8.914,12.109],[-8.818,11.923],[-8.822,11.673],[-8.711,11.618],[-8.665,11.515],[-8.407,11.386],[-8.425,11.305],[-8.52,11.236],[-8.664,11.036],[-8.564,10.997],[-8.475,11.048],[-8.337,10.991],[-8.306,10.896],[-8.324,10.75],[-8.267,10.486],[-8.231,10.438],[-8.007,10.322],[-7.991,10.163],[-7.814,10.237],[-7.661,10.427],[-7.498,10.44],[-7.363,10.259],[-7.105,10.204],[-7.04,10.145],[-6.95,10.342],[-6.693,10.349],[-6.692,10.512],[-6.654,10.656],[-6.565,10.586],[-6.408,10.572],[-6.426,10.672],[-6.261,10.724],[-6.191,10.4],[-6.241,10.279],[-6.197,10.232],[-6.035,10.195],[-5.844,10.39],[-5.694,10.433],[-5.524,10.426],[-5.479,10.565],[-5.457,10.771],[-5.49,11.042],[-5.347,11.13],[-5.3,11.206],[-5.229,11.522],[-5.291,11.683],[-5.288,11.828],[-5.106,11.968],[-4.798,12.032],[-4.587,12.155],[-4.429,12.338],[-4.422,12.582],[-4.481,12.672],[-4.227,12.794],[-4.225,12.879],[-4.329,13.119],[-4.151,13.306],[-4.051,13.382],[-3.853,13.374],[-3.576,13.194],[-3.47,13.196],[-3.302,13.281],[-3.267,13.401],[-3.27,13.577],[-3.198,13.673],[-3.039,13.639],[-2.917,13.679],[-2.926,13.787],[-2.874,13.951],[-2.779,14.074],[-2.587,14.228],[-2.457,14.274],[-2.113,14.168],[-2.057,14.195],[-1.973,14.457],[-1.768,14.486],[-1.494,14.626],[-1.05,14.82],[-0.76,15.048],[-0.537,15.078],[-0.405,15.013],[-0.236,15.059],[0.217,14.911],[0.286,14.98],[0.719,14.955],[0.96,14.987],[1.3,15.272],[1.859,15.302],[3.001,15.341],[3.06,15.427],[3.504,15.356],[3.521,15.483],[3.71,15.642],[3.817,15.674],[3.877,15.755],[4.015,16.193],[4.121,16.358],[4.182,16.582],[4.203,16.963],[4.235,16.996],[4.232,17.831],[4.228,19.143],[3.401,18.988],[3.256,19.013],[3.106,19.15],[3.256,19.411],[3.202,19.56],[3.204,19.79],[3.13,19.85],[2.866,19.956],[2.474,20.035],[2.406,20.064],[2.219,20.248],[1.929,20.273],[1.685,20.378],[1.611,20.556],[1.29,20.714],[1.166,20.817],[1.173,20.982],[1.146,21.102],[0.344,21.626],[-0.311,22.054],[-1.293,22.697],[-2.275,23.339],[-3.258,23.981],[-3.913,24.409],[-4.823,24.996],[-5.96,24.995],[-6.594,24.995],[-6.482,24.021],[-6.368,23.026],[-6.283,22.28],[-6.197,21.534],[-6.083,20.54],[-5.998,19.794],[-5.884,18.799],[-5.742,17.556],[-5.629,16.569],[-5.36,16.283],[-5.512,15.496],[-6.336,15.496],[-7.559,15.496],[-8.171,15.496],[-9.177,15.496],[-9.335,15.526],[-9.351,15.677],[-9.448,15.575],[-9.447,15.458],[-9.941,15.374],[-10.13,15.384],[-10.412,15.438],[-10.697,15.423],[-10.896,15.15],[-11.169,15.359],[-11.455,15.625],[-11.503,15.637],[-11.76,15.426],[-11.829,15.245],[-11.873,14.995],[-11.941,14.887],[-12.105,14.745],[-12.281,14.809],[-12.187,14.648],[-12.228,14.459],[-12.019,14.206],[-12.02,13.975],[-11.961,13.875],[-12.044,13.734],[-12.054,13.633],[-11.895,13.444],[-11.832,13.316],[-11.758,13.395],[-11.635,13.37],[-11.549,13.17],[-11.39,12.942],[-11.449,12.532],[-11.389,12.404]]]},"properties":{"id":"MLI"}},
{"type":"Feature","geometry":{"type":"Polygon","coordinates":[[[73.512,4.165],[73.528,4.243],[73.504,4.235],[73.473,4.171],[73.512,4.165]]]},"properties":{"id":"MDV"}},
{"type":"Feature","geometry":{"type":"MultiPolygon","coordinates":[[[[100.119,6.442],[100.158,6.324],[100.263,6.183],[100.343,5.984],[100.374,5.778],[100.353,5.588],[100.473,5.044],[100.615,4.652],[100.615,4.373],[100.661,4.226],[100.796,4.023],[100.715,3.966],[100.851,3.777],[101.025,3.625],[101.115,3.472],[101.3,3.253],[101.354,3.011],[101.296,2.885],[101.407,2.813],[101.52,2.684],[101.781,2.574],[101.89,2.449],[102.146,2.248],[102.548,2.042],[102.727,1.856],[102.897,1.792],[103.357,1.546],[103.48,1.329],[103.55,1.333],[103.695,1.45],[103.817,1.477],[103.992,1.455],[104.076,1.53],[104.115,1.412],[104.176,1.365],[104.28,1.416],[104.288,1.481],[104.219,1.723],[103.812,2.58],[103.537,2.775],[103.439,2.933],[103.445,3.261],[103.429,3.379],[103.454,3.521],[103.373,3.671],[103.362,3.769],[103.421,3.977],[103.469,4.393],[103.454,4.669],[103.416,4.85],[103.197,5.262],[103.097,5.408],[102.982,5.525],[102.79,5.645],[102.534,5.863],[102.34,6.172],[102.101,6.242],[102.055,6.097],[101.936,5.979],[101.874,5.825],[101.791,5.779],[101.65,5.796],[101.556,5.908],[101.257,5.789],[101.191,5.669],[101.114,5.637],[100.982,5.771],[101.076,5.956],[101.054,6.243],[100.874,6.245],[100.794,6.426],[100.716,6.481],[100.629,6.448],[100.345,6.55],[100.261,6.683],[100.177,6.672],[100.119,6.442]]],[[[117.574,4.171],[117.65,4.304],[117.741,4.338],[117.896,4.263],[118.008,4.25],[118.229,4.316],[118.498,4.362],[118.586,4.41],[118.563,4.502],[118.324,4.669],[118.185,4.829],[118.261,4.989],[118.382,5.019],[118.551,4.968],[118.672,4.964],[118.913,5.023],[119.132,5.1],[119.25,5.199],[119.266,5.308],[119.223,5.413],[118.957,5.429],[118.714,5.559],[118.595,5.592],[118.563,5.685],[118.456,5.763],[118.249,5.821],[118.145,5.754],[117.974,5.706],[117.935,5.788],[118.116,5.863],[118.004,6.053],[117.818,5.94],[117.617,5.941],[117.65,6.074],[117.616,6.197],[117.696,6.272],[117.646,6.474],[117.294,6.677],[117.245,6.833],[117.252,6.919],[117.129,6.969],[116.913,6.66],[116.808,6.691],[116.85,6.827],[116.833,6.952],[116.75,6.977],[116.495,6.522],[116.138,6.13],[116.06,5.882],[115.918,5.725],[115.877,5.614],[115.797,5.536],[115.556,5.567],[115.419,5.413],[115.467,5.254],[115.582,5.194],[115.52,5.049],[115.375,4.933],[115.14,4.9],[115.267,4.634],[115.279,4.456],[115.247,4.347],[115.107,4.39],[115.027,4.691],[115.027,4.9],[114.747,4.718],[114.79,4.464],[114.84,4.393],[114.783,4.281],[114.776,4.169],[114.608,4.024],[114.512,4.114],[114.417,4.256],[114.323,4.263],[114.224,4.478],[114.064,4.593],[113.984,4.546],[113.988,4.421],[113.924,4.243],[113.712,4.001],[113.446,3.741],[113.045,3.205],[112.921,3.131],[112.737,3.07],[112.119,2.915],[111.728,2.854],[111.513,2.743],[111.443,2.634],[111.444,2.382],[111.351,2.364],[111.242,2.436],[111.196,2.297],[111.268,2.14],[111.17,1.902],[111.154,1.739],[111.047,1.634],[111.029,1.558],[110.94,1.517],[110.675,1.548],[110.349,1.72],[110.246,1.695],[109.985,1.718],[109.72,1.858],[109.629,2.028],[109.539,1.896],[109.636,1.777],[109.654,1.615],[109.818,1.439],[110.115,1.19],[110.315,0.996],[110.506,0.862],[110.615,0.878],[110.938,1.017],[111.101,1.051],[111.287,1.043],[111.483,0.996],[111.607,1.023],[111.77,0.999],[111.923,1.113],[112.079,1.143],[112.167,1.338],[112.186,1.439],[112.476,1.559],[112.943,1.567],[113.007,1.434],[113.069,1.432],[113.359,1.327],[113.513,1.308],[113.622,1.236],[113.76,1.311],[113.902,1.434],[114.126,1.452],[114.387,1.5],[114.546,1.467],[114.661,1.686],[114.704,1.851],[114.8,1.894],[114.831,1.98],[114.759,2.162],[114.786,2.25],[114.969,2.351],[115.179,2.523],[115.081,2.634],[115.086,2.841],[115.247,3.026],[115.31,2.994],[115.454,3.034],[115.493,3.128],[115.52,3.362],[115.566,3.446],[115.545,3.634],[115.568,3.939],[115.679,4.193],[115.896,4.349],[116.022,4.291],[116.134,4.355],[116.32,4.354],[116.415,4.308],[116.515,4.371],[117.101,4.337],[117.278,4.299],[117.451,4.193],[117.574,4.171]]],[[[100.289,5.295],[100.339,5.41],[100.204,5.447],[100.191,5.283],[100.289,5.295]]],[[[99.848,6.466],[99.749,6.41],[99.646,6.418],[99.744,6.263],[99.919,6.359],[99.848,6.466]]],[[[117.142,7.168],[117.239,7.185],[117.264,7.352],[117.147,7.337],[117.064,7.261],[117.142,7.168]]],[[[111.389,2.415],[111.378,2.709],[111.3,2.741],[111.312,2.438],[111.389,2.415]]],[[[117.885,4.186],[117.761,4.252],[117.662,4.25],[117.649,4.169],[117.885,4.186]]]]},"properties":{"id":"MYS"}},
{"type":"Feature","geometry":{"type":"Polygon","coordinates":[[[33.202,-14.013],[33.244,-14.043],[33.39,-14.289],[33.636,-14.568],[33.696,-14.53],[33.97,-14.487],[34.333,-14.409],[34.375,-14.425],[34.505,-14.598],[34.551,-14.922],[34.541,-15.297],[34.435,-15.477],[34.358,-15.705],[34.246,-15.829],[34.248,-15.887],[34.376,-16.024],[34.396,-16.199],[34.933,-16.76],[35.08,-16.834],[35.112,-16.899],[35.044,-17.017],[35.125,-17.127],[35.29,-17.097],[35.281,-16.808],[35.23,-16.639],[35.167,-16.56],[35.292,-16.247],[35.358,-16.161],[35.599,-16.126],[35.755,-16.058],[35.791,-15.959],[35.83,-15.419],[35.805,-15.266],[35.867,-14.864],[35.847,-14.671],[35.488,-14.201],[35.247,-13.897],[35.014,-13.643],[34.85,-13.516],[34.662,-13.487],[34.564,-13.36],[34.521,-12.926],[34.483,-12.667],[34.361,-12.211],[34.376,-12.12],[34.554,-11.834],[34.619,-11.62],[34.66,-11.589],[34.959,-11.578],[34.937,-11.463],[34.851,-11.352],[34.774,-11.342],[34.598,-11.037],[34.652,-10.873],[34.662,-10.71],[34.584,-10.525],[34.57,-10.241],[34.524,-10.03],[34.321,-9.732],[34.089,-9.538],[33.996,-9.495],[33.944,-9.672],[33.698,-9.598],[33.421,-9.608],[33.331,-9.519],[33.13,-9.496],[32.974,-9.395],[32.92,-9.407],[32.996,-9.623],[33.196,-9.626],[33.25,-9.76],[33.351,-9.862],[33.312,-10.038],[33.529,-10.235],[33.554,-10.391],[33.659,-10.591],[33.465,-10.783],[33.345,-10.813],[33.261,-10.893],[33.38,-11.158],[33.226,-11.535],[33.288,-11.611],[33.301,-11.888],[33.252,-12.113],[33.34,-12.308],[33.491,-12.331],[33.483,-12.403],[33.398,-12.49],[33.022,-12.63],[32.946,-12.804],[33,-12.9],[32.968,-13.225],[32.852,-13.457],[32.672,-13.61],[32.772,-13.657],[32.765,-13.761],[32.867,-13.817],[32.992,-14.022],[33.148,-13.941],[33.202,-14.013]]]},"properties":{"id":"MWI"}},
{"type":"Feature","geometry":{"type":"MultiPolygon","coordinates":[[[[49.538,-12.432],[49.364,-12.236],[49.312,-12.124],[49.207,-12.08],[49.036,-12.316],[48.9,-12.458],[48.786,-12.471],[48.894,-12.722],[48.91,-12.936],[48.796,-13.267],[48.621,-13.426],[48.405,-13.538],[48.255,-13.719],[48.187,-13.707],[48.04,-13.596],[47.896,-13.731],[47.901,-13.858],[47.996,-13.96],[47.955,-14.067],[47.773,-14.37],[47.812,-14.545],[47.525,-14.992],[47.429,-14.996],[47.496,-14.818],[47.465,-14.713],[47.352,-14.766],[47.28,-14.943],[47.093,-15.15],[47.133,-15.362],[47.032,-15.423],[46.993,-15.243],[46.882,-15.23],[46.475,-15.513],[46.385,-15.6],[46.331,-15.714],[46.314,-15.905],[46.191,-15.747],[45.7,-15.814],[45.598,-15.993],[45.486,-15.986],[45.342,-16.037],[45.271,-15.962],[45.167,-15.983],[45.044,-16.095],[44.909,-16.175],[44.476,-16.217],[44.427,-16.289],[44.436,-16.621],[44.421,-16.703],[43.979,-17.392],[43.944,-17.581],[43.994,-17.69],[44.04,-18.288],[44.109,-18.504],[44.233,-18.741],[44.239,-19.075],[44.449,-19.429],[44.453,-19.551],[44.405,-19.922],[44.348,-20.146],[44.24,-20.38],[43.911,-20.866],[43.856,-21.077],[43.8,-21.179],[43.704,-21.255],[43.502,-21.356],[43.438,-21.647],[43.343,-21.79],[43.267,-22.049],[43.265,-22.384],[43.33,-22.692],[43.398,-22.886],[43.57,-23.08],[43.722,-23.53],[43.646,-23.742],[43.657,-24.109],[43.688,-24.358],[43.852,-24.538],[44.035,-24.996],[44.256,-25.117],[44.346,-25.226],[44.474,-25.271],[44.813,-25.334],[45.115,-25.543],[45.206,-25.571],[45.508,-25.563],[45.605,-25.529],[45.921,-25.341],[46.159,-25.23],[46.387,-25.173],[46.729,-25.15],[47.035,-24.979],[47.177,-24.787],[47.273,-24.564],[47.373,-24.218],[47.558,-23.875],[47.604,-23.633],[47.739,-23.233],[47.858,-22.747],[47.908,-22.466],[48.176,-21.843],[48.351,-21.349],[48.469,-20.9],[48.607,-20.458],[48.797,-19.953],[48.918,-19.53],[49.06,-19.12],[49.203,-18.792],[49.363,-18.336],[49.478,-17.899],[49.494,-17.67],[49.437,-17.347],[49.449,-17.241],[49.54,-17.033],[49.637,-16.893],[49.767,-16.815],[49.734,-16.703],[49.811,-16.603],[49.839,-16.487],[49.831,-16.256],[49.713,-16.077],[49.697,-15.811],[49.65,-15.567],[49.744,-15.45],[49.893,-15.458],[50.02,-15.802],[50.094,-15.899],[50.209,-15.96],[50.292,-15.858],[50.405,-15.629],[50.483,-15.386],[50.441,-15.149],[50.313,-14.937],[50.235,-14.732],[50.205,-14.514],[50.174,-14.04],[50.073,-13.578],[49.967,-13.27],[49.938,-13.072],[49.638,-12.637],[49.538,-12.432]]],[[[48.342,-13.364],[48.309,-13.198],[48.191,-13.26],[48.212,-13.385],[48.342,-13.364]]]]},"properties":{"id":"MDG"}},
{"type":"Feature","geometry":{"type":"Polygon","coordinates":[[[21.563,42.248],[21.39,42.22],[21.256,42.1],[21.06,42.171],[20.778,42.071],[20.744,41.904],[20.566,41.874],[20.505,41.706],[20.516,41.575],[20.449,41.521],[20.489,41.273],[20.568,41.128],[20.656,41.062],[20.741,40.905],[20.87,40.918],[20.964,40.85],[21.324,40.867],[21.404,40.907],[21.576,40.869],[21.779,40.95],[21.929,41.107],[22.238,41.155],[22.494,41.119],[22.725,41.179],[22.755,41.313],[22.916,41.336],[22.951,41.606],[23.006,41.717],[22.944,41.775],[22.837,41.994],[22.583,42.105],[22.344,42.314],[22.24,42.358],[22.052,42.305],[21.904,42.322],[21.563,42.248]]]},"properties":{"id":"MKD"}},
{"type":"Feature","geometry":{"type":"Polygon","coordinates":[[[6.117,50.121],[5.976,50.167],[5.744,49.92],[5.725,49.808],[5.88,49.645],[5.79,49.538],[5.959,49.455],[6.242,49.494],[6.344,49.453],[6.487,49.798],[6.256,49.872],[6.138,49.974],[6.117,50.121]]]},"properties":{"id":"LUX"}},
{"type":"Feature","geometry":{"type":"Polygon","coordinates":[[[22.766,54.357],[23.016,54.348],[23.454,54.143],[23.485,53.94],[23.734,53.912],[24.191,53.95],[24.318,53.893],[24.621,53.98],[24.768,53.975],[24.826,54.119],[25.046,54.133],[25.179,54.214],[25.461,54.293],[25.573,54.14],[25.749,54.157],[25.703,54.293],[25.547,54.332],[25.725,54.564],[25.722,54.718],[25.859,54.919],[26.175,55.003],[26.292,55.14],[26.601,55.13],[26.776,55.273],[26.458,55.342],[26.594,55.668],[26.281,55.75],[26.086,55.897],[25.586,56.13],[25.07,56.2],[24.903,56.398],[24.7,56.381],[24.529,56.296],[24.121,56.264],[23.813,56.329],[22.968,56.38],[22.587,56.375],[22.085,56.407],[21.654,56.315],[21.046,56.07],[21.062,55.813],[21.238,55.455],[21.236,55.264],[21.389,55.276],[21.555,55.195],[22.072,55.064],[22.567,55.059],[22.627,54.971],[22.831,54.838],[22.71,54.633],[22.68,54.493],[22.766,54.357]]]},"properties":{"id":"LTU"}},
{"type":"Feature","geometry":{"type":"Polygon","coordinates":[[[9.58,47.057],[9.611,47.107],[9.528,47.271],[9.488,47.062],[9.58,47.057]]]},"properties":{"id":"LIE"}},
{"type":"Feature","geometry":{"type":"Polygon","coordinates":[[[9.519,30.229],[9.31,30.115],[9.546,29.796],[9.673,29.567],[9.821,29.115],[9.843,28.967],[9.816,28.56],[9.858,28.043],[9.916,27.786],[9.748,27.331],[9.753,27.219],[9.837,26.916],[9.894,26.848],[9.859,26.552],[9.491,26.334],[9.438,26.246],[9.448,26.067],[10.001,25.332],[10.028,25.051],[10.12,24.79],[10.256,24.591],[10.439,24.48],[10.686,24.551],[11.508,24.314],[11.537,24.291],[11.767,23.893],[11.968,23.518],[12.489,23.402],[13.481,23.18],[13.599,23.12],[14.201,22.624],[14.231,22.618],[14.979,22.996],[15.984,23.445],[16.794,23.045],[17.752,22.572],[18.231,22.336],[19.189,21.862],[19.669,21.626],[20.627,21.153],[21.585,20.679],[22.543,20.206],[23.022,19.97],[23.98,19.497],[23.98,19.996],[24.967,19.995],[24.979,20.003],[24.98,20.999],[24.98,21.996],[24.98,22.67],[24.98,23.568],[24.98,24.691],[24.98,26.038],[24.98,26.936],[24.98,27.61],[24.98,28.733],[24.98,29.182],[24.916,29.376],[24.804,29.886],[24.712,30.132],[24.726,30.251],[24.878,30.458],[24.974,30.777],[24.878,31.061],[24.853,31.335],[25.15,31.655],[25.025,31.883],[24.879,31.984],[24.684,32.016],[24.48,31.997],[24.13,32.009],[23.798,32.159],[23.286,32.214],[23.106,32.331],[23.13,32.448],[23.091,32.619],[22.754,32.741],[22.523,32.794],[22.341,32.88],[22.187,32.918],[21.839,32.909],[21.636,32.937],[21.425,32.799],[21.062,32.776],[20.621,32.58],[20.371,32.431],[20.121,32.219],[19.973,31.999],[19.926,31.818],[19.961,31.556],[20.02,31.411],[20.104,31.301],[20.151,31.079],[20.013,30.801],[19.713,30.488],[19.59,30.414],[19.292,30.288],[19.124,30.266],[18.936,30.29],[18.67,30.416],[18.19,30.777],[17.949,30.852],[17.83,30.928],[17.349,31.081],[16.782,31.215],[16.451,31.227],[16.123,31.264],[15.832,31.361],[15.706,31.426],[15.496,31.657],[15.363,31.971],[15.359,32.16],[15.267,32.312],[15.177,32.391],[14.513,32.511],[14.237,32.681],[13.835,32.792],[13.648,32.799],[13.283,32.915],[13.138,32.897],[12.754,32.801],[12.28,32.859],[11.813,33.094],[11.657,33.119],[11.505,33.182],[11.467,32.966],[11.454,32.643],[11.534,32.525],[11.505,32.414],[10.826,32.081],[10.609,31.93],[10.476,31.736],[10.306,31.705],[10.115,31.464],[10.243,31.032],[10.256,30.865],[10.216,30.783],[9.895,30.387],[9.519,30.229]]]},"properties":{"id":"LBY"}},
{"type":"Feature","geometry":{"type":"Polygon","coordinates":[[[-11.508,6.907],[-11.292,6.688],[-11.005,6.557],[-10.849,6.465],[-10.786,6.31],[-10.597,6.211],[-10.418,6.167],[-10.276,6.078],[-9.654,5.519],[-9.375,5.241],[-9.132,5.055],[-8.259,4.59],[-7.998,4.509],[-7.66,4.367],[-7.545,4.351],[-7.572,4.386],[-7.591,4.822],[-7.569,5.081],[-7.51,5.108],[-7.485,5.236],[-7.43,5.325],[-7.4,5.551],[-7.454,5.841],[-7.73,5.919],[-7.797,5.975],[-7.889,6.235],[-7.982,6.286],[-8.204,6.291],[-8.345,6.351],[-8.45,6.463],[-8.604,6.508],[-8.401,6.705],[-8.333,6.802],[-8.297,7.074],[-8.437,7.516],[-8.486,7.558],[-8.579,7.677],[-8.708,7.659],[-8.74,7.496],[-8.828,7.392],[-8.89,7.263],[-8.961,7.275],[-9.118,7.216],[-9.263,7.378],[-9.46,7.443],[-9.369,7.64],[-9.436,7.867],[-9.518,8.346],[-9.768,8.535],[-10.064,8.43],[-10.147,8.52],[-10.283,8.485],[-10.315,8.311],[-10.39,8.158],[-10.517,8.125],[-10.571,8.071],[-10.647,7.759],[-10.878,7.538],[-11.085,7.399],[-11.268,7.233],[-11.508,6.907]]]},"properties":{"id":"LBR"}},
{"type":"Feature","geometry":{"type":"Polygon","coordinates":[[[28.737,-30.102],[28.901,-30.038],[29.098,-29.919],[29.142,-29.701],[29.294,-29.567],[29.391,-29.27],[29.301,-29.09],[29.178,-29.037],[28.954,-28.881],[28.856,-28.776],[28.722,-28.688],[28.626,-28.582],[28.233,-28.701],[27.96,-28.873],[27.736,-28.94],[27.527,-29.236],[27.295,-29.519],[27.095,-29.599],[27.052,-29.664],[27.13,-29.84],[27.355,-30.159],[27.388,-30.316],[27.492,-30.364],[27.753,-30.6],[28.018,-30.642],[28.129,-30.525],[28.139,-30.45],[28.392,-30.148],[28.737,-30.102]]]},"properties":{"id":"LSO"}},
{"type":"Feature","geometry":{"type":"Polygon","coordinates":[[[35.976,34.629],[35.978,34.547],[35.804,34.437],[35.648,34.248],[35.612,34.032],[35.511,33.88],[35.336,33.503],[35.251,33.393],[35.109,33.084],[35.411,33.076],[35.493,33.119],[35.533,33.25],[35.734,33.333],[35.841,33.416],[35.869,33.432],[36.022,33.563],[35.942,33.668],[36.092,33.832],[36.282,33.894],[36.355,34.011],[36.458,34.057],[36.585,34.221],[36.504,34.432],[36.326,34.513],[36.433,34.613],[36.264,34.633],[35.976,34.629]]]},"properties":{"id":"LBN"}},
{"type":"Feature","geometry":{"type":"Polygon","coordinates":[[[27.352,57.528],[26.9,57.609],[26.533,57.531],[26.298,57.601],[25.991,57.838],[25.794,57.869],[25.34,58.039],[25.111,58.063],[24.323,57.871],[24.403,57.325],[24.281,57.172],[23.931,57.008],[23.648,56.971],[23.287,57.09],[23.137,57.324],[22.649,57.595],[22.555,57.724],[21.942,57.598],[21.729,57.571],[21.459,57.322],[21.351,57.018],[21.071,56.824],[21.031,56.637],[21.015,56.259],[21.046,56.07],[21.654,56.315],[22.085,56.407],[22.587,56.375],[22.968,56.38],[23.813,56.329],[24.121,56.264],[24.529,56.296],[24.7,56.381],[24.903,56.398],[25.07,56.2],[25.586,56.13],[26.086,55.897],[26.281,55.75],[26.594,55.668],[26.822,55.709],[27.053,55.831],[27.577,55.799],[27.642,55.912],[27.896,56.076],[28.148,56.143],[28.202,56.26],[28.103,56.546],[28.008,56.6],[27.806,56.867],[27.639,56.846],[27.717,57.055],[27.815,57.167],[27.797,57.317],[27.539,57.43],[27.511,57.508],[27.352,57.528]]]},"properties":{"id":"LVA"}},
{"type":"Feature","geometry":{"type":"Polygon","coordinates":[[[102.127,22.379],[102.024,22.439],[101.842,22.388],[101.76,22.49],[101.671,22.462],[101.62,22.327],[101.525,22.254],[101.603,21.99],[101.737,21.827],[101.747,21.606],[101.723,21.315],[101.802,21.236],[101.705,21.15],[101.542,21.234],[101.281,21.184],[101.224,21.224],[101.175,21.408],[101.197,21.522],[101.139,21.567],[101.08,21.469],[100.928,21.366],[100.757,21.313],[100.614,21.059],[100.536,20.992],[100.565,20.825],[100.407,20.823],[100.249,20.73],[100.184,20.589],[100.122,20.317],[100.318,20.386],[100.432,20.241],[100.52,20.178],[100.543,20.089],[100.398,19.756],[100.42,19.644],[100.514,19.553],[100.625,19.5],[100.744,19.515],[100.967,19.611],[101.155,19.579],[101.221,19.487],[101.198,19.328],[101.28,19.089],[101.286,18.977],[101.166,18.618],[101.06,18.479],[101.051,18.407],[101.138,18.287],[101.144,18.143],[101.113,18.034],[100.908,17.584],[101.105,17.48],[101.167,17.499],[101.414,17.719],[101.688,17.889],[101.775,18.033],[101.947,18.081],[102.101,18.211],[102.232,18.149],[102.352,18.046],[102.553,17.965],[102.661,17.818],[102.718,17.892],[103.051,18.029],[103.149,18.222],[103.263,18.278],[103.252,18.373],[103.367,18.423],[103.63,18.383],[103.792,18.317],[103.95,18.319],[104.049,18.217],[104.196,17.988],[104.428,17.699],[104.656,17.547],[104.74,17.462],[104.816,17.3],[104.759,17.077],[104.744,16.884],[104.751,16.648],[104.819,16.466],[104.95,16.34],[105.047,16.16],[105.149,16.094],[105.406,15.987],[105.373,15.89],[105.462,15.78],[105.622,15.7],[105.616,15.488],[105.513,15.361],[105.49,15.128],[105.547,14.932],[105.476,14.53],[105.342,14.417],[105.183,14.346],[105.246,14.201],[105.35,14.11],[105.532,14.156],[105.74,14.085],[105.904,13.925],[106.067,13.921],[106.125,14.049],[105.979,14.343],[106.165,14.372],[106.225,14.476],[106.355,14.455],[106.501,14.578],[106.564,14.505],[106.82,14.315],[106.938,14.327],[107.03,14.426],[107.109,14.417],[107.293,14.592],[107.415,14.563],[107.519,14.705],[107.525,14.872],[107.48,14.98],[107.555,15.057],[107.653,15.255],[107.564,15.392],[107.339,15.56],[107.19,15.747],[107.189,15.839],[107.361,15.922],[107.396,16.043],[107.217,16.136],[107.07,16.28],[106.931,16.353],[106.832,16.526],[106.696,16.459],[106.546,16.651],[106.502,16.954],[106.426,17.003],[106.27,17.217],[106.006,17.415],[105.691,17.738],[105.627,17.834],[105.588,17.984],[105.458,18.154],[105.333,18.19],[105.163,18.339],[105.086,18.45],[105.145,18.617],[105.115,18.679],[104.717,18.803],[104.109,19.196],[103.918,19.269],[103.896,19.34],[104.028,19.42],[104.063,19.483],[104.032,19.675],[104.26,19.685],[104.546,19.611],[104.743,19.755],[104.815,19.904],[104.928,20.018],[104.889,20.169],[104.813,20.217],[104.699,20.205],[104.619,20.375],[104.392,20.425],[104.408,20.486],[104.533,20.555],[104.583,20.647],[104.35,20.821],[104.195,20.914],[104.052,20.941],[103.791,20.81],[103.714,20.717],[103.635,20.697],[103.464,20.78],[103.211,20.841],[103.104,20.892],[102.851,21.266],[102.888,21.44],[102.949,21.57],[102.95,21.681],[102.845,21.735],[102.695,21.662],[102.641,21.711],[102.583,21.904],[102.183,22.284],[102.127,22.379]]]},"properties":{"id":"LAO"}},
{"type":"Feature","geometry":{"type":"Polygon","coordinates":[[[70.958,40.239],[70.946,40.188],[70.644,40.083],[70.624,39.999],[70.515,39.95],[70.451,40.049],[69.967,40.202],[69.53,40.097],[69.432,39.91],[69.307,39.969],[69.229,39.761],[69.298,39.525],[69.599,39.574],[70.245,39.543],[70.392,39.582],[70.608,39.564],[70.733,39.413],[71.005,39.412],[71.065,39.493],[71.273,39.535],[71.404,39.598],[71.517,39.554],[71.546,39.453],[71.732,39.423],[71.726,39.307],[71.806,39.276],[72.043,39.352],[72.23,39.208],[72.358,39.337],[72.64,39.386],[72.872,39.36],[73.235,39.375],[73.47,39.461],[73.632,39.449],[73.823,39.489],[73.915,39.606],[73.835,39.8],[73.992,40.043],[74.412,40.137],[74.68,40.311],[74.842,40.345],[74.801,40.429],[74.866,40.494],[75.004,40.45],[75.241,40.48],[75.521,40.628],[75.583,40.605],[75.656,40.329],[75.872,40.303],[76.062,40.388],[76.258,40.431],[76.319,40.352],[76.48,40.45],[76.578,40.578],[76.64,40.742],[76.824,40.982],[76.987,41.039],[77.182,41.011],[77.582,40.993],[77.815,41.056],[78.123,41.076],[78.346,41.281],[78.362,41.372],[78.743,41.56],[79.294,41.783],[79.354,41.781],[79.766,41.899],[79.84,41.996],[80.216,42.032],[80.209,42.19],[79.921,42.413],[79.49,42.458],[79.203,42.666],[79.165,42.759],[78.792,42.791],[78.524,42.865],[78.023,42.858],[77.802,42.895],[77.236,42.913],[77.057,42.971],[76.509,42.919],[75.79,42.933],[75.636,42.815],[75.366,42.837],[75.048,42.904],[74.622,43.056],[74.209,43.24],[74.086,43.189],[73.949,43.195],[73.886,43.133],[73.612,43.048],[73.556,43.003],[73.422,42.594],[73.493,42.409],[73.283,42.504],[72.855,42.561],[72.753,42.638],[72.276,42.758],[71.817,42.822],[71.514,42.767],[71.422,42.783],[71.257,42.734],[71.023,42.535],[70.893,42.34],[70.947,42.249],[71.036,42.285],[71.229,42.163],[70.842,42.02],[70.803,41.923],[70.631,41.875],[70.455,41.725],[70.181,41.571],[70.471,41.413],[70.646,41.46],[70.734,41.401],[70.782,41.263],[71.111,41.153],[71.408,41.136],[71.421,41.342],[71.546,41.308],[71.606,41.367],[71.602,41.503],[71.792,41.413],[71.879,41.195],[72.164,41.174],[72.187,41.026],[72.364,41.043],[72.506,40.982],[72.62,40.884],[72.99,40.86],[73.113,40.786],[72.774,40.65],[72.68,40.556],[72.567,40.524],[72.402,40.578],[72.358,40.402],[72.233,40.454],[72.131,40.439],[71.956,40.259],[71.692,40.152],[71.305,40.287],[70.958,40.239]],[[71.206,39.893],[71.012,39.895],[71.08,40.08],[71.229,40.048],[71.206,39.893]]]},"properties":{"id":"KGZ"}},
{"type":"Feature","geometry":{"type":"MultiPolygon","coordinates":[[[[48.275,29.624],[48.348,29.783],[48.228,29.936],[48.159,29.96],[48.081,29.799],[48.18,29.611],[48.275,29.624]]],[[[48.442,28.543],[48.339,28.763],[48.184,28.979],[48.051,29.355],[47.845,29.366],[47.725,29.417],[47.97,29.617],[48.136,29.618],[48.006,29.836],[47.979,29.983],[47.673,30.096],[47.331,30.08],[47.114,29.961],[46.906,29.538],[46.769,29.347],[46.531,29.096],[47.433,28.99],[47.521,28.838],[47.583,28.628],[47.671,28.533],[48.442,28.543]]]]},"properties":{"id":"KWT"}},
{"type":"Feature","geometry":{"type":"Polygon","coordinates":[[[20.344,42.828],[20.193,42.755],[20.029,42.732],[20.089,42.632],[20.064,42.547],[20.241,42.339],[20.485,42.223],[20.575,42.013],[20.566,41.874],[20.744,41.904],[20.778,42.071],[21.06,42.171],[21.256,42.1],[21.39,42.22],[21.563,42.248],[21.519,42.328],[21.61,42.387],[21.753,42.67],[21.391,42.751],[21.403,42.832],[21.237,42.913],[21.057,43.092],[20.844,43.173],[20.763,43.259],[20.623,43.199],[20.624,43.034],[20.475,42.953],[20.469,42.858],[20.344,42.828]]]},"properties":{"id":"XKX"}},
{"type":"Feature","geometry":{"type":"Polygon","coordinates":[[[-157.342,1.856],[-157.42,1.788],[-157.246,1.732],[-157.342,1.856]]]},"properties":{"id":"KIR"}},
{"type":"Feature","geometry":{"type":"Polygon","coordinates":[[[33.903,-1.002],[33.979,-1.002],[34.984,-1.561],[35.837,-2.037],[36.903,-2.632],[37.644,-3.045],[37.688,-3.246],[37.609,-3.46],[37.726,-3.56],[37.797,-3.674],[38.348,-4.071],[39.19,-4.677],[39.222,-4.692],[39.288,-4.609],[39.377,-4.625],[39.491,-4.478],[39.637,-4.153],[39.732,-3.993],[39.819,-3.786],[39.861,-3.577],[39.992,-3.351],[40.115,-3.251],[40.195,-3.019],[40.18,-2.819],[40.222,-2.688],[40.404,-2.556],[40.644,-2.539],[40.813,-2.392],[40.898,-2.27],[40.996,-1.951],[41.107,-1.982],[41.267,-1.945],[41.387,-1.867],[41.533,-1.695],[41.522,-1.572],[40.979,-0.87],[40.977,-0.307],[40.973,0.535],[40.97,1.378],[40.967,2.221],[40.964,2.815],[40.979,2.842],[41.342,3.202],[41.884,3.978],[41.738,3.979],[41.221,3.944],[41.087,3.992],[40.765,4.273],[40.529,4.178],[40.014,3.948],[39.842,3.851],[39.658,3.578],[39.494,3.456],[39.225,3.479],[38.753,3.559],[38.608,3.6],[38.225,3.619],[38.086,3.649],[37.383,4.111],[36.906,4.411],[36.824,4.43],[36.082,4.45],[35.979,4.504],[35.92,4.62],[35.763,4.808],[35.756,4.95],[35.8,5.157],[35.745,5.344],[35.469,5.419],[35.325,5.365],[35.268,5.492],[34.38,4.621],[33.976,4.22],[34.165,3.813],[34.267,3.733],[34.393,3.692],[34.442,3.606],[34.399,3.413],[34.448,3.163],[34.523,3.12],[34.589,2.925],[34.742,2.818],[34.814,2.62],[34.906,2.48],[34.883,2.418],[34.964,2.062],[34.978,1.862],[34.965,1.643],[34.784,1.381],[34.788,1.231],[34.649,1.185],[34.482,1.042],[34.411,0.867],[34.273,0.686],[34.161,0.605],[34.037,0.295],[33.943,0.174],[33.921,-0.017],[33.924,-0.398],[33.9,-0.832],[33.903,-1.002]]]},"properties":{"id":"KEN"}},
{"type":"Feature","geometry":{"type":"Polygon","coordinates":[[[70.947,42.249],[70.893,42.34],[71.023,42.535],[71.257,42.734],[71.422,42.783],[71.514,42.767],[71.817,42.822],[72.276,42.758],[72.753,42.638],[72.855,42.561],[73.283,42.504],[73.493,42.409],[73.422,42.594],[73.556,43.003],[73.612,43.048],[73.886,43.133],[73.949,43.195],[74.086,43.189],[74.209,43.24],[74.622,43.056],[75.048,42.904],[75.366,42.837],[75.636,42.815],[75.79,42.933],[76.509,42.919],[77.057,42.971],[77.236,42.913],[77.802,42.895],[78.023,42.858],[78.524,42.865],[78.792,42.791],[79.165,42.759],[79.203,42.666],[79.49,42.458],[79.921,42.413],[80.209,42.19],[80.259,42.235],[80.206,42.399],[80.165,42.666],[80.25,42.797],[80.544,42.912],[80.383,42.974],[80.39,43.043],[80.617,43.128],[80.786,43.162],[80.668,43.31],[80.704,43.427],[80.496,43.892],[80.355,44.097],[80.336,44.438],[80.401,44.677],[80.455,44.746],[80.255,44.808],[79.997,44.797],[79.872,44.884],[80.059,45.006],[80.635,45.127],[80.853,45.129],[81.602,45.311],[81.692,45.349],[81.79,45.226],[81.989,45.162],[82.267,45.219],[82.479,45.124],[82.559,45.155],[82.621,45.293],[82.583,45.443],[82.327,45.52],[82.315,45.595],[82.43,45.812],[82.555,46.159],[82.692,46.387],[83.004,47.033],[83.029,47.186],[83.193,47.187],[83.634,47.043],[84.016,46.971],[84.339,46.996],[84.667,46.972],[84.786,46.831],[85.012,46.909],[85.233,47.036],[85.485,47.064],[85.657,47.255],[85.67,47.338],[85.587,47.494],[85.526,47.916],[85.626,48.204],[85.749,48.385],[86.266,48.455],[86.549,48.529],[86.718,48.697],[86.753,49.009],[86.886,49.091],[87.049,49.11],[87.323,49.086],[87.234,49.216],[86.953,49.322],[86.812,49.488],[86.614,49.61],[86.731,49.696],[86.61,49.769],[86.181,49.499],[85.974,49.499],[85.934,49.55],[85.372,49.624],[85.21,49.665],[85.001,49.894],[84.989,50.061],[84.839,50.091],[84.607,50.202],[84.323,50.239],[84.258,50.288],[84.176,50.521],[84.002,50.677],[83.945,50.775],[83.718,50.887],[83.357,50.995],[83.16,50.989],[83.019,50.897],[82.761,50.893],[82.612,50.771],[82.494,50.728],[82.326,50.742],[82.098,50.711],[81.934,50.766],[81.466,50.74],[81.388,50.956],[81.125,50.946],[81.078,51.015],[81.127,51.191],[80.966,51.19],[80.877,51.281],[80.65,51.277],[80.448,51.183],[80.424,50.946],[80.22,50.912],[79.986,50.775],[79.469,51.493],[78.475,52.638],[77.86,53.269],[77.704,53.379],[76.576,53.943],[76.422,54.114],[76.655,54.145],[76.789,54.322],[76.759,54.437],[76.496,54.336],[76.267,54.312],[75.881,54.168],[75.657,54.106],[75.437,54.09],[75.377,53.97],[75.052,53.827],[74.834,53.826],[74.452,53.647],[74.403,53.504],[74.069,53.611],[73.859,53.62],[73.643,53.576],[73.47,53.469],[73.286,53.598],[73.399,53.811],[73.679,53.929],[73.618,54.067],[73.381,53.963],[73.119,53.981],[72.914,54.107],[72.622,54.134],[72.586,53.996],[72.404,53.964],[72.387,54.123],[72.269,54.272],[72.105,54.308],[72.004,54.206],[71.336,54.158],[71.093,54.212],[71.152,54.364],[71.186,54.599],[70.91,55.128],[70.738,55.305],[70.486,55.282],[70.182,55.162],[69.982,55.199],[69.74,55.307],[69.493,55.357],[68.977,55.39],[68.713,55.308],[68.525,55.205],[68.206,55.161],[68.244,55.052],[68.074,54.96],[67.83,54.944],[67.693,54.872],[67.257,54.829],[67.098,54.788],[66.223,54.667],[65.955,54.66],[65.708,54.619],[65.477,54.623],[65.237,54.516],[65.158,54.364],[64.927,54.397],[64.65,54.352],[64.461,54.384],[64.199,54.347],[64.004,54.267],[63.721,54.245],[63.414,54.183],[63.191,54.171],[63.074,54.105],[62.633,54.069],[62.499,54.013],[62.04,54.003],[61.929,53.946],[61.334,54.049],[61.144,53.964],[61.113,53.753],[60.979,53.622],[61.248,53.551],[61.41,53.587],[61.535,53.523],[61.401,53.456],[61.229,53.446],[61.199,53.287],[61.437,53.239],[61.66,53.228],[62.015,53.108],[62.083,53.005],[61.974,52.944],[61.401,52.996],[61.047,52.972],[60.802,52.745],[60.821,52.57],[60.979,52.395],[60.938,52.281],[60.67,52.151],[60.425,52.126],[60.234,52.025],[60.066,51.976],[60.067,51.891],[60.388,51.773],[60.465,51.651],[60.974,51.537],[61.015,51.492],[61.363,51.442],[61.555,51.325],[61.585,51.23],[61.512,51.137],[61.389,50.861],[61.227,50.775],[60.942,50.696],[60.638,50.664],[60.288,50.704],[60.112,50.834],[59.955,50.799],[59.812,50.582],[59.523,50.493],[59.452,50.62],[58.884,50.694],[58.547,50.971],[58.359,51.064],[57.839,51.092],[57.654,50.925],[57.442,50.889],[57.179,51.036],[57.012,51.065],[56.62,50.981],[56.491,51.02],[56.144,50.845],[56.05,50.714],[55.798,50.602],[55.542,50.602],[55.195,50.745],[55.015,50.87],[54.727,50.998],[54.546,50.946],[54.606,50.88],[54.65,50.66],[54.596,50.551],[54.471,50.584],[54.421,50.78],[54.298,50.914],[54.042,51.115],[53.688,51.252],[53.535,51.4],[53.338,51.482],[53.038,51.464],[52.821,51.495],[52.571,51.482],[52.331,51.681],[52.219,51.709],[52.007,51.673],[51.609,51.484],[51.345,51.475],[51.27,51.594],[51.163,51.647],[50.794,51.729],[50.756,51.675],[50.247,51.29],[49.932,51.197],[49.822,51.132],[49.498,51.084],[49.323,50.852],[48.808,50.601],[48.655,50.62],[48.7,50.354],[48.843,50.013],[48.759,49.928],[48.434,49.829],[48.225,49.932],[47.85,50.282],[47.706,50.378],[47.504,50.403],[47.326,50.274],[47.295,50.058],[47.248,50.001],[46.992,49.853],[46.89,49.697],[46.802,49.367],[47.018,49.2],[47.014,49.098],[46.703,48.806],[46.609,48.574],[46.661,48.412],[47.004,48.284],[47.119,48.127],[47.093,47.948],[47.202,47.792],[47.292,47.741],[47.482,47.804],[48.11,47.745],[48.553,47.321],[48.959,46.775],[48.776,46.71],[48.605,46.766],[48.509,46.65],[48.61,46.566],[49.232,46.337],[49.206,46.386],[49.347,46.519],[49.761,46.571],[50,46.634],[50.306,46.795],[50.419,46.879],[50.583,46.882],[50.92,47.041],[51.178,47.11],[51.65,47.018],[51.745,46.934],[52.189,46.84],[52.483,46.991],[52.678,46.957],[52.916,46.954],[53.069,46.856],[53.17,46.669],[53.079,46.547],[53.135,46.192],[53.042,45.968],[52.888,45.78],[52.774,45.573],[52.838,45.497],[53.086,45.407],[53.079,45.308],[52.911,45.32],[52.531,45.399],[52.049,45.388],[51.733,45.399],[51.54,45.343],[51.416,45.358],[51.294,45.23],[51.25,45.122],[51.04,44.98],[51.058,44.812],[51.218,44.709],[51.377,44.541],[51.177,44.501],[51.049,44.53],[50.86,44.629],[50.409,44.624],[50.297,44.582],[50.253,44.406],[50.331,44.325],[50.685,44.265],[50.831,44.193],[50.94,43.959],[51.14,43.649],[51.302,43.482],[51.295,43.174],[51.616,43.158],[51.7,43.104],[51.844,42.91],[51.961,42.851],[52.184,42.869],[52.273,42.8],[52.434,42.824],[52.597,42.76],[52.638,42.556],[52.618,42.428],[52.462,42.101],[52.494,41.78],[52.871,42.061],[53.25,42.206],[53.685,42.297],[54.121,42.335],[54.272,42.28],[54.678,42.078],[54.904,41.919],[54.952,41.81],[55.25,41.458],[55.434,41.296],[55.545,41.263],[55.977,41.322],[55.977,42.47],[55.976,43.618],[55.976,44.306],[55.976,44.995],[57.477,45.337],[58.449,45.543],[58.555,45.555],[59.36,45.179],[60.188,44.784],[61.008,44.394],[61.161,44.169],[61.99,43.492],[62.072,43.489],[63.207,43.628],[64.443,43.551],[64.905,43.715],[65.271,43.418],[65.496,43.311],[65.803,42.877],[66.1,42.991],[66.05,42.473],[66.016,42.315],[66.01,42.005],[66.499,41.995],[66.538,41.741],[66.669,41.271],[66.71,41.179],[66.814,41.142],[67.936,41.197],[68.113,41.029],[68.048,40.809],[68.292,40.656],[68.496,40.609],[68.601,40.66],[68.557,40.765],[68.584,40.876],[68.737,41.042],[68.987,41.205],[69.065,41.367],[69.154,41.425],[69.368,41.491],[69.401,41.542],[69.664,41.672],[69.96,41.754],[70.096,41.821],[70.226,41.946],[70.416,42.079],[70.613,42.055],[70.715,42.169],[70.947,42.249]]]},"properties":{"id":"KAZ"}},
{"type":"Feature","geometry":{"type":"Polygon","coordinates":[[[35.787,32.735],[35.573,32.641],[35.551,32.396],[35.572,32.238],[35.531,31.985],[35.559,31.766],[35.499,31.672],[35.451,31.479],[35.401,31.231],[35.439,31.132],[35.174,30.524],[35.142,30.142],[35.068,29.978],[34.973,29.555],[34.951,29.354],[36.015,29.19],[36.068,29.201],[36.476,29.495],[36.704,29.832],[36.755,29.866],[37.469,29.995],[37.634,30.313],[37.98,30.5],[37.479,31.008],[36.959,31.492],[37.774,31.696],[38.962,31.995],[39.145,32.125],[39.293,32.244],[39.247,32.351],[39.041,32.306],[38.982,32.473],[39.058,32.493],[38.774,33.372],[38.056,32.995],[37.318,32.591],[36.818,32.317],[36.372,32.387],[36.22,32.495],[36.059,32.534],[35.895,32.714],[35.787,32.735]]]},"properties":{"id":"JOR"}},
{"type":"Feature","geometry":{"type":"MultiPolygon","coordinates":[[[[133.371,36.204],[133.296,36.34],[133.206,36.293],[133.239,36.179],[133.371,36.204]]],[[[138.344,37.822],[138.497,37.904],[138.575,38.066],[138.454,38.076],[138.51,38.259],[138.461,38.291],[138.25,38.078],[138.322,37.991],[138.283,37.854],[138.344,37.822]]],[[[134.933,34.288],[134.834,34.473],[134.668,34.294],[134.731,34.209],[134.824,34.203],[134.933,34.288]]],[[[130.623,30.263],[130.673,30.367],[130.497,30.466],[130.388,30.388],[130.446,30.265],[130.623,30.263]]],[[[130.96,30.397],[131.057,30.642],[131.083,30.791],[131.012,30.792],[130.94,30.575],[130.87,30.444],[130.96,30.397]]],[[[130.083,32.23],[130.2,32.341],[130.168,32.541],[130.01,32.522],[129.979,32.346],[130.083,32.23]]],[[[129.279,34.123],[129.337,34.285],[129.215,34.321],[129.186,34.145],[129.279,34.123]]],[[[129.386,34.354],[129.381,34.416],[129.475,34.54],[129.451,34.687],[129.326,34.607],[129.267,34.37],[129.386,34.354]]],[[[128.665,32.784],[128.657,32.628],[128.895,32.652],[128.839,32.763],[128.665,32.784]]],[[[143.824,44.117],[143.655,44.221],[143.289,44.397],[142.885,44.67],[142.704,44.819],[142.416,45.125],[141.938,45.51],[141.778,45.419],[141.668,45.401],[141.583,45.156],[141.719,44.941],[141.782,44.716],[141.761,44.483],[141.661,44.264],[141.645,44.019],[141.601,43.919],[141.447,43.749],[141.398,43.643],[141.412,43.381],[141.296,43.2],[141.138,43.18],[140.781,43.215],[140.487,43.338],[140.392,43.303],[140.397,43.167],[140.486,43.05],[140.432,42.954],[140.224,42.796],[139.891,42.649],[139.821,42.388],[139.895,42.19],[140.057,42.067],[140.108,41.913],[139.995,41.576],[140.037,41.474],[140.149,41.423],[140.385,41.519],[140.489,41.672],[140.66,41.816],[140.816,41.76],[141,41.737],[141.151,41.805],[140.734,42.116],[140.528,42.132],[140.417,42.201],[140.315,42.334],[140.385,42.487],[140.48,42.559],[140.71,42.556],[140.986,42.342],[141.407,42.547],[141.851,42.579],[142.508,42.258],[142.906,42.118],[143.112,42.022],[143.237,42],[143.314,42.084],[143.332,42.22],[143.429,42.419],[143.581,42.599],[143.762,42.748],[143.969,42.881],[144.197,42.974],[144.302,42.984],[144.631,42.947],[145.029,43.032],[145.347,43.177],[145.505,43.174],[145.488,43.28],[145.341,43.303],[145.214,43.578],[145.101,43.765],[145.126,43.869],[145.352,44.23],[145.343,44.334],[144.799,43.94],[144.482,43.95],[144.101,44.102],[143.824,44.117]]],[[[131.175,33.603],[131.058,33.673],[130.953,33.872],[130.716,33.928],[130.484,33.835],[130.365,33.634],[130.168,33.598],[130.072,33.522],[129.826,33.437],[129.844,33.322],[129.66,33.365],[129.58,33.236],[129.897,33.022],[129.992,32.852],[129.828,32.893],[129.778,32.986],[129.662,32.995],[129.69,32.875],[129.827,32.725],[129.951,32.722],[130.054,32.771],[130.246,32.677],[130.34,32.702],[130.326,32.853],[130.175,32.851],[130.173,33.013],[130.127,33.105],[130.238,33.178],[130.382,33.093],[130.44,32.951],[130.547,32.832],[130.569,32.734],[130.498,32.657],[130.641,32.619],[130.462,32.305],[130.319,32.144],[130.194,32.091],[130.211,31.849],[130.188,31.769],[130.322,31.601],[130.294,31.451],[130.147,31.408],[130.201,31.292],[130.589,31.179],[130.645,31.267],[130.528,31.46],[130.556,31.563],[130.655,31.718],[130.776,31.706],[130.78,31.604],[130.704,31.577],[130.79,31.269],[130.686,31.015],[130.902,31.112],[131.098,31.256],[131.035,31.378],[131.14,31.442],[131.337,31.405],[131.46,31.671],[131.46,31.883],[131.565,32.223],[131.732,32.593],[131.977,32.844],[132.009,32.919],[131.91,32.974],[131.949,33.047],[131.848,33.118],[131.897,33.255],[131.537,33.274],[131.711,33.502],[131.696,33.603],[131.583,33.652],[131.419,33.584],[131.175,33.603]]],[[[134.357,34.256],[134.076,34.358],[133.948,34.348],[133.706,34.237],[133.582,34.017],[133.134,33.927],[132.99,34.088],[132.935,34.095],[132.784,33.992],[132.643,33.69],[132.366,33.512],[132.405,33.331],[132.511,33.293],[132.476,33.126],[132.495,32.917],[132.709,32.902],[132.692,32.776],[132.87,32.755],[132.977,32.842],[133.016,32.984],[133.101,33.028],[133.286,33.36],[133.632,33.511],[133.854,33.493],[133.959,33.448],[134.182,33.247],[134.243,33.439],[134.377,33.608],[134.549,33.729],[134.739,33.821],[134.635,34.044],[134.638,34.227],[134.496,34.215],[134.357,34.256]]],[[[141.229,41.373],[141.106,41.456],[140.937,41.506],[140.86,41.425],[140.802,41.254],[140.801,41.139],[141.07,41.193],[141.2,41.244],[141.262,41.103],[141.225,40.988],[141.119,40.882],[140.936,40.941],[140.801,40.834],[140.679,40.893],[140.628,41.195],[140.386,41.23],[140.315,41.161],[140.344,41.006],[140.281,40.846],[140.146,40.752],[140.029,40.733],[139.923,40.598],[140.014,40.315],[139.972,40.137],[139.908,40.022],[139.742,39.921],[139.945,39.885],[140.055,39.749],[140.048,39.464],[139.912,39.229],[139.802,38.882],[139.58,38.599],[139.477,38.4],[139.401,38.143],[139.247,38.009],[138.885,37.844],[138.819,37.775],[138.709,37.561],[138.548,37.392],[138.32,37.218],[137.913,37.065],[137.514,36.952],[137.343,36.77],[137.124,36.774],[137.017,36.837],[136.994,37.027],[136.924,37.172],[137.152,37.283],[137.338,37.437],[137.323,37.522],[136.843,37.382],[136.719,37.198],[136.749,36.951],[136.698,36.742],[136.359,36.362],[136.156,36.223],[136.006,35.991],[136.022,35.874],[136.095,35.768],[135.903,35.607],[135.68,35.503],[135.327,35.526],[135.232,35.592],[135.265,35.722],[135.174,35.747],[134.882,35.663],[134.456,35.628],[134.214,35.539],[133.86,35.495],[133.615,35.511],[133.376,35.459],[133.267,35.557],[132.923,35.511],[132.698,35.418],[132.619,35.307],[132.26,35.022],[132.065,34.9],[131.856,34.726],[131.608,34.615],[131.354,34.413],[131.004,34.393],[130.889,34.262],[130.919,33.976],[131.072,34.021],[131.233,33.948],[131.476,34.019],[131.741,34.052],[132.09,33.855],[132.202,34.032],[132.238,34.227],[132.313,34.325],[132.421,34.353],[132.657,34.246],[132.775,34.255],[133.019,34.33],[133.142,34.302],[133.445,34.433],[133.968,34.527],[134.208,34.698],[134.584,34.771],[134.74,34.765],[135.042,34.631],[135.355,34.654],[135.416,34.617],[135.385,34.5],[135.266,34.381],[135.1,34.288],[135.135,34.183],[135.128,34.007],[135.175,33.898],[135.347,33.722],[135.453,33.553],[135.695,33.487],[135.916,33.562],[136.073,33.778],[136.33,34.177],[136.544,34.258],[136.854,34.324],[136.88,34.434],[136.616,34.589],[136.533,34.678],[136.69,34.984],[136.852,35.06],[136.885,34.806],[136.944,34.722],[137.032,34.766],[137.275,34.773],[137.318,34.636],[137.543,34.664],[137.979,34.641],[138.189,34.596],[138.253,34.733],[138.51,34.987],[138.577,35.086],[138.72,35.124],[138.904,35.025],[138.803,34.975],[138.761,34.699],[138.838,34.619],[138.983,34.698],[139.086,34.839],[139.116,35.097],[139.163,35.211],[139.249,35.278],[139.474,35.299],[139.636,35.142],[139.744,35.252],[139.65,35.409],[139.768,35.495],[139.835,35.658],[139.988,35.668],[140.086,35.54],[139.826,35.297],[139.851,35.232],[139.799,34.957],[139.92,34.9],[140.059,35.038],[140.315,35.155],[140.417,35.267],[140.413,35.395],[140.457,35.51],[140.639,35.661],[140.874,35.725],[140.76,35.846],[140.622,36.059],[140.574,36.231],[140.627,36.503],[140.792,36.847],[140.968,37.002],[141.002,37.115],[141.036,37.467],[141.003,37.698],[140.928,37.95],[140.962,38.149],[141.108,38.338],[141.467,38.404],[141.509,38.498],[141.546,38.763],[141.659,38.975],[141.901,39.111],[141.977,39.429],[141.993,39.611],[141.978,39.844],[141.797,40.291],[141.646,40.474],[141.463,40.611],[141.414,40.839],[141.4,41.096],[141.455,41.405],[141.229,41.373]]],[[[124.293,24.516],[124.085,24.436],[124.136,24.348],[124.234,24.358],[124.293,24.516]]],[[[123.889,24.28],[123.935,24.362],[123.771,24.414],[123.681,24.288],[123.889,24.28]]],[[[128.259,26.653],[128.332,26.812],[128.217,26.797],[128.047,26.643],[127.907,26.694],[127.926,26.556],[127.729,26.434],[127.727,26.308],[127.655,26.199],[127.653,26.095],[127.804,26.153],[127.79,26.255],[127.849,26.319],[127.867,26.442],[128.127,26.552],[128.259,26.653]]],[[[128.998,27.721],[128.952,27.91],[128.883,27.842],[128.9,27.728],[128.998,27.721]]],[[[129.453,28.209],[129.439,28.255],[129.642,28.411],[129.322,28.36],[129.248,28.283],[129.366,28.128],[129.453,28.209]]]]},"properties":{"id":"JPN"}},
{"type":"Feature","geometry":{"type":"Polygon","coordinates":[[[-77.261,18.457],[-77.452,18.467],[-77.873,18.522],[-77.978,18.468],[-78.217,18.448],[-78.326,18.35],[-78.294,18.218],[-78.074,18.191],[-77.963,18.048],[-77.881,18.019],[-77.768,17.877],[-77.361,17.834],[-77.205,17.715],[-77.158,17.845],[-77.071,17.901],[-76.944,17.849],[-76.853,17.974],[-76.525,17.866],[-76.301,17.88],[-76.211,17.914],[-76.35,18.152],[-76.701,18.257],[-76.908,18.39],[-77.261,18.457]]]},"properties":{"id":"JAM"}},
{"type":"Feature","geometry":{"type":"MultiPolygon","coordinates":[[[[7.021,45.926],[6.804,45.815],[7.014,45.5],[7.153,45.401],[7.078,45.24],[6.842,45.136],[6.628,45.118],[6.738,44.921],[6.993,44.827],[7.031,44.717],[6.96,44.677],[6.843,44.511],[6.9,44.336],[6.967,44.28],[7.371,44.127],[7.637,44.165],[7.651,44.034],[7.482,43.865],[7.493,43.767],[7.733,43.803],[8.082,43.919],[8.292,44.137],[8.552,44.346],[8.766,44.422],[8.93,44.408],[9.196,44.323],[9.289,44.319],[9.731,44.101],[10.048,44.02],[10.188,43.948],[10.246,43.852],[10.321,43.513],[10.448,43.371],[10.532,43.14],[10.515,42.968],[10.708,42.936],[10.803,42.804],[10.938,42.739],[11.168,42.535],[11.185,42.457],[11.498,42.363],[11.637,42.288],[11.807,42.082],[12.075,41.941],[12.206,41.813],[12.631,41.47],[12.849,41.409],[13.089,41.244],[13.247,41.289],[13.555,41.232],[13.733,41.236],[13.86,41.13],[14.102,40.827],[14.309,40.813],[14.461,40.729],[14.459,40.633],[14.766,40.668],[14.907,40.556],[14.986,40.377],[14.951,40.239],[15.295,40.07],[15.585,40.053],[15.693,39.99],[15.764,39.87],[15.854,39.627],[16.024,39.354],[16.107,39.024],[16.21,38.941],[16.197,38.759],[15.972,38.713],[15.879,38.614],[15.905,38.483],[15.822,38.303],[15.7,38.262],[15.643,38.175],[15.646,38.034],[15.725,37.939],[16.057,37.942],[16.282,38.25],[16.546,38.409],[16.574,38.494],[16.559,38.715],[16.617,38.8],[16.755,38.89],[16.951,38.94],[17.099,38.919],[17.175,38.998],[17.123,39.137],[17.115,39.381],[16.999,39.482],[16.824,39.578],[16.598,39.639],[16.522,39.748],[16.53,39.86],[16.67,40.137],[16.928,40.458],[17.031,40.513],[17.215,40.486],[17.258,40.399],[17.476,40.315],[17.865,40.28],[18.078,39.937],[18.344,39.821],[18.486,40.105],[18.461,40.221],[18.328,40.371],[18.036,40.565],[17.955,40.655],[17.474,40.841],[17.103,41.062],[16.552,41.232],[16.013,41.435],[15.9,41.512],[15.914,41.621],[16.151,41.758],[16.165,41.896],[15.964,41.939],[15.405,41.913],[15.169,41.934],[14.866,42.053],[14.541,42.244],[14.183,42.506],[14.01,42.69],[13.925,42.852],[13.805,43.18],[13.693,43.39],[13.564,43.571],[13.295,43.686],[12.907,43.921],[12.691,43.995],[12.396,44.224],[12.305,44.429],[12.248,44.723],[12.279,44.832],[12.464,44.845],[12.523,44.968],[12.392,45.04],[12.226,45.242],[12.274,45.446],[12.354,45.492],[12.498,45.462],[13.03,45.638],[13.206,45.771],[13.465,45.71],[13.628,45.771],[13.783,45.627],[13.72,45.588],[13.845,45.593],[13.831,45.68],[13.57,45.834],[13.614,45.962],[13.486,46.04],[13.633,46.177],[13.4,46.225],[13.4,46.318],[13.68,46.463],[13.7,46.52],[13.49,46.556],[13.169,46.573],[12.479,46.673],[12.388,46.703],[12.154,46.935],[12.169,47.082],[11.776,46.986],[11.528,46.997],[11.244,46.976],[11.134,46.936],[11.025,46.797],[10.76,46.793],[10.689,46.846],[10.453,46.865],[10.398,46.665],[10.431,46.55],[10.087,46.6],[10.038,46.483],[10.145,46.254],[10.041,46.238],[9.939,46.362],[9.639,46.296],[9.481,46.349],[9.428,46.482],[9.26,46.475],[9.251,46.287],[9.022,46.051],[9.047,45.876],[8.954,45.83],[8.778,45.996],[8.819,46.077],[8.642,46.111],[8.458,46.246],[8.443,46.403],[8.371,46.445],[8.082,46.256],[8.125,46.161],[7.993,46.016],[7.788,45.922],[7.539,45.978],[7.129,45.88],[7.021,45.926]],[[12.439,41.898],[12.431,41.898],[12.431,41.905],[12.438,41.906],[12.439,41.898]],[[12.485,43.901],[12.397,43.935],[12.441,43.982],[12.515,43.953],[12.485,43.901]]],[[[15.577,38.22],[15.499,38.291],[15.28,38.23],[15.119,38.153],[14.846,38.172],[14.737,38.151],[14.506,38.046],[14.288,38.017],[14.05,38.041],[13.789,37.981],[13.682,38.001],[13.352,38.181],[13.16,38.19],[13.049,38.084],[12.903,38.035],[12.734,38.183],[12.548,38.053],[12.436,37.82],[12.527,37.67],[12.699,37.572],[12.924,37.571],[13.17,37.479],[13.361,37.349],[13.905,37.101],[14.143,37.104],[14.367,36.973],[14.502,36.799],[14.776,36.71],[14.89,36.724],[15.113,36.688],[15.142,36.892],[15.295,37.013],[15.289,37.097],[15.174,37.209],[15.1,37.459],[15.234,37.785],[15.476,38.063],[15.577,38.22]]],[[[9.632,40.882],[9.554,40.932],[9.615,41.017],[9.455,41.15],[9.283,41.202],[8.998,41.11],[8.821,40.95],[8.572,40.85],[8.468,40.834],[8.204,40.871],[8.19,40.652],[8.353,40.501],[8.471,40.293],[8.471,40.131],[8.409,40.038],[8.408,39.917],[8.548,39.839],[8.541,39.732],[8.451,39.722],[8.447,39.563],[8.399,39.482],[8.418,39.206],[8.649,38.927],[8.881,38.913],[9.023,39.043],[9.056,39.239],[9.264,39.217],[9.486,39.14],[9.563,39.166],[9.617,39.354],[9.701,40.092],[9.643,40.268],[9.805,40.5],[9.682,40.818],[9.632,40.882]]]]},"properties":{"id":"ITA"}},
{"type":"Feature","geometry":{"type":"Polygon","coordinates":[[[35.816,33.362],[35.841,33.416],[35.734,33.333],[35.533,33.25],[35.493,33.119],[35.411,33.076],[35.109,33.084],[35.077,32.967],[34.922,32.614],[34.804,32.196],[34.678,31.896],[34.477,31.585],[34.526,31.526],[34.35,31.363],[34.348,31.293],[34.245,31.208],[34.49,30.596],[34.53,30.446],[34.659,30.191],[34.904,29.477],[34.973,29.555],[35.068,29.978],[35.142,30.142],[35.174,30.524],[35.439,31.132],[35.401,31.231],[35.451,31.479],[35.101,31.366],[34.908,31.351],[34.873,31.397],[34.951,31.602],[35.198,31.776],[35.053,31.838],[34.99,31.913],[34.956,32.161],[35.065,32.46],[35.193,32.534],[35.362,32.507],[35.484,32.402],[35.551,32.396],[35.573,32.641],[35.787,32.735],[35.888,32.944],[35.785,33.291],[35.816,33.362]]]},"properties":{"id":"ISR"}},
{"type":"Feature","geometry":{"type":"MultiPolygon","coordinates":[[[[34.477,31.585],[34.198,31.323],[34.245,31.208],[34.348,31.293],[34.35,31.363],[34.526,31.526],[34.477,31.585]]],[[[35.551,32.396],[35.484,32.402],[35.362,32.507],[35.193,32.534],[35.065,32.46],[34.956,32.161],[34.99,31.913],[35.053,31.838],[35.198,31.776],[34.951,31.602],[34.873,31.397],[34.908,31.351],[35.101,31.366],[35.451,31.479],[35.499,31.672],[35.559,31.766],[35.531,31.985],[35.572,32.238],[35.551,32.396]]]]},"properties":{"id":"PSE"}},
{"type":"Feature","geometry":{"type":"Polygon","coordinates":[[[-7.219,55.092],[-6.962,55.238],[-7.247,55.353],[-7.803,55.2],[-8.006,55.195],[-8.275,55.146],[-8.412,54.965],[-8.377,54.889],[-8.764,54.681],[-8.457,54.609],[-8.133,54.641],[-8.23,54.507],[-8.415,54.461],[-8.623,54.347],[-8.588,54.231],[-9.002,54.288],[-9.146,54.21],[-9.316,54.299],[-9.717,54.3],[-9.996,54.276],[-9.934,54.075],[-9.856,54.004],[-9.914,53.864],[-9.579,53.88],[-9.578,53.805],[-9.902,53.727],[-9.878,53.59],[-10.117,53.549],[-10.091,53.413],[-9.795,53.395],[-9.825,53.32],[-9.602,53.323],[-9.471,53.235],[-9.14,53.25],[-8.997,53.162],[-9.299,53.098],[-9.462,52.947],[-9.394,52.896],[-9.515,52.781],[-9.561,52.654],[-9.394,52.617],[-9.175,52.635],[-8.99,52.755],[-8.783,52.68],[-9.331,52.579],[-9.586,52.559],[-9.906,52.404],[-9.841,52.291],[-9.937,52.238],[-10.211,52.272],[-10.39,52.135],[-9.956,52.137],[-9.946,52.08],[-10.146,52.02],[-10.379,51.869],[-10.341,51.799],[-10.084,51.771],[-9.803,51.78],[-9.899,51.647],[-9.58,51.689],[-9.835,51.483],[-9.737,51.474],[-9.463,51.529],[-9.296,51.498],[-8.813,51.585],[-8.349,51.739],[-8.372,51.876],[-8.145,51.814],[-7.952,51.866],[-7.872,51.935],[-7.665,51.98],[-7.527,52.099],[-7.082,52.139],[-6.782,52.21],[-6.561,52.189],[-6.325,52.247],[-6.463,52.345],[-6.345,52.402],[-6.217,52.543],[-6.131,52.807],[-6.027,52.927],[-6.045,53.091],[-6.135,53.301],[-6.142,53.578],[-6.195,53.641],[-6.345,53.987],[-6.218,54.089],[-6.65,54.059],[-6.647,54.163],[-6.767,54.196],[-6.936,54.374],[-7.05,54.408],[-7.203,54.302],[-7.155,54.24],[-7.355,54.121],[-7.607,54.144],[-7.855,54.215],[-7.884,54.284],[-8.118,54.414],[-8.044,54.512],[-7.794,54.571],[-7.886,54.666],[-7.55,54.768],[-7.377,55.028],[-7.219,55.092]]]},"properties":{"id":"IRL"}},
{"type":"Feature","geometry":{"type":"Polygon","coordinates":[[[42.359,37.109],[42.35,37.061],[42.084,36.826],[41.789,36.597],[41.417,36.515],[41.296,36.383],[41.246,36.073],[41.353,35.81],[41.354,35.64],[41.248,35.427],[41.216,35.288],[41.195,34.769],[40.987,34.429],[40.935,34.387],[40.689,34.332],[39.564,33.768],[38.774,33.372],[39.058,32.493],[38.982,32.473],[39.041,32.306],[39.247,32.351],[39.293,32.244],[39.145,32.125],[40.369,31.939],[40.808,31.725],[41.585,31.33],[42.074,31.08],[42.858,30.495],[43.441,30.084],[44.1,29.619],[44.691,29.202],[45.499,29.132],[46.356,29.064],[46.531,29.096],[46.769,29.347],[46.906,29.538],[47.114,29.961],[47.331,30.08],[47.673,30.096],[47.979,29.983],[48.142,30.041],[48.355,29.957],[48.546,29.962],[48.435,30.038],[48.401,30.188],[48.331,30.285],[48.226,30.321],[48.148,30.417],[48.015,30.466],[48.011,30.99],[47.679,31.002],[47.679,31.401],[47.83,31.794],[47.592,32.088],[47.512,32.151],[47.371,32.424],[47.285,32.474],[47.121,32.467],[46.57,32.834],[46.377,32.929],[46.113,32.958],[46.081,33.087],[46.146,33.23],[45.981,33.47],[45.873,33.492],[45.879,33.61],[45.738,33.603],[45.473,33.925],[45.397,33.971],[45.529,34.153],[45.527,34.285],[45.438,34.415],[45.501,34.582],[45.638,34.574],[45.678,34.798],[45.921,35.029],[46.134,35.128],[46.112,35.322],[46.011,35.425],[45.971,35.524],[46.037,35.673],[46.263,35.744],[46.167,35.821],[45.723,35.837],[45.645,35.928],[45.484,36.009],[45.362,36.015],[45.241,36.356],[45.112,36.409],[45.031,36.526],[45.034,36.659],[44.881,36.799],[44.765,37.142],[44.606,37.176],[44.282,36.978],[44.202,37.052],[44.208,37.203],[44.114,37.302],[44.013,37.314],[43.836,37.224],[43.516,37.245],[43.092,37.367],[42.937,37.325],[42.775,37.372],[42.456,37.129],[42.359,37.109]]]},"properties":{"id":"IRQ"}},
{"type":"Feature","geometry":{"type":"MultiPolygon","coordinates":[[[[56.188,26.921],[56.074,26.983],[55.907,26.91],[55.758,26.948],[55.763,26.812],[55.347,26.648],[55.424,26.583],[55.675,26.686],[55.848,26.731],[55.954,26.701],[56.095,26.801],[56.188,26.921]]],[[[53.914,37.344],[54.017,36.952],[53.97,36.818],[53.768,36.93],[53.374,36.869],[52.19,36.622],[51.762,36.615],[51.119,36.743],[50.927,36.81],[50.533,37.014],[50.338,37.149],[50.214,37.34],[50.13,37.407],[49.727,37.481],[49.47,37.497],[49.171,37.601],[49.081,37.668],[48.96,37.89],[48.901,38.144],[48.869,38.435],[48.593,38.411],[48.417,38.586],[48.306,38.613],[48.205,38.724],[48.023,38.819],[48.05,38.935],[48.242,38.979],[48.274,39.099],[48.125,39.172],[48.136,39.312],[48.322,39.399],[47.996,39.684],[47.773,39.649],[47.188,39.341],[46.989,39.18],[46.853,39.148],[46.555,38.904],[46.491,38.907],[46.318,38.913],[46.114,38.878],[45.575,38.973],[45.48,39.006],[45.256,39.195],[45.141,39.254],[44.817,39.65],[44.587,39.769],[44.456,39.667],[44.389,39.422],[44.023,39.377],[44.079,39.218],[44.178,39.145],[44.145,38.994],[44.272,38.836],[44.257,38.701],[44.298,38.558],[44.291,38.42],[44.431,38.357],[44.329,38.109],[44.211,37.908],[44.336,37.872],[44.561,37.745],[44.574,37.435],[44.794,37.29],[44.765,37.142],[44.881,36.799],[45.034,36.659],[45.031,36.526],[45.112,36.409],[45.241,36.356],[45.362,36.015],[45.484,36.009],[45.645,35.928],[45.723,35.837],[46.167,35.821],[46.263,35.744],[46.037,35.673],[45.971,35.524],[46.011,35.425],[46.112,35.322],[46.134,35.128],[45.921,35.029],[45.678,34.798],[45.638,34.574],[45.501,34.582],[45.438,34.415],[45.527,34.285],[45.529,34.153],[45.397,33.971],[45.473,33.925],[45.738,33.603],[45.879,33.61],[45.873,33.492],[45.981,33.47],[46.146,33.23],[46.081,33.087],[46.113,32.958],[46.377,32.929],[46.57,32.834],[47.121,32.467],[47.285,32.474],[47.371,32.424],[47.512,32.151],[47.592,32.088],[47.83,31.794],[47.679,31.401],[47.679,31.002],[48.011,30.99],[48.015,30.466],[48.148,30.417],[48.226,30.321],[48.331,30.285],[48.401,30.188],[48.435,30.038],[48.546,29.962],[48.671,30.028],[48.832,30.035],[48.919,30.121],[48.891,30.328],[48.917,30.397],[49.13,30.509],[49.225,30.472],[49.19,30.375],[49.096,30.407],[49.054,30.307],[49.43,30.13],[49.555,30.029],[49.983,30.209],[50.072,30.199],[50.169,29.921],[50.387,29.679],[50.544,29.548],[50.65,29.42],[50.646,29.212],[50.675,29.147],[50.876,29.063],[50.867,28.87],[51.062,28.726],[51.094,28.512],[51.276,28.219],[51.279,28.131],[51.519,27.91],[51.666,27.845],[52.031,27.824],[52.192,27.717],[52.476,27.617],[52.603,27.493],[52.692,27.323],[52.983,27.142],[53.342,27.004],[53.455,26.943],[53.507,26.852],[53.706,26.726],[53.823,26.708],[54.069,26.732],[54.247,26.697],[54.522,26.589],[54.645,26.509],[54.759,26.505],[54.896,26.557],[55.155,26.725],[55.294,26.786],[55.424,26.771],[55.519,26.83],[55.65,26.978],[55.941,27.038],[56.118,27.143],[56.356,27.2],[56.728,27.128],[56.813,27.09],[56.982,26.905],[57.072,26.68],[57.104,26.371],[57.201,26.159],[57.206,26.037],[57.335,25.792],[57.733,25.725],[57.796,25.653],[57.937,25.692],[58.022,25.641],[58.314,25.581],[58.531,25.592],[58.798,25.555],[59.046,25.417],[59.227,25.428],[59.456,25.481],[59.616,25.403],[59.818,25.401],[59.897,25.362],[60.025,25.384],[60.4,25.312],[60.511,25.437],[60.588,25.414],[60.664,25.282],[61.109,25.184],[61.412,25.102],[61.588,25.202],[61.615,25.286],[61.669,25.769],[61.754,25.843],[61.81,26.165],[61.87,26.242],[62.239,26.357],[62.312,26.491],[62.439,26.561],[62.787,26.644],[63.093,26.632],[63.168,26.666],[63.186,26.838],[63.25,26.879],[63.242,27.078],[63.305,27.125],[63.167,27.252],[62.915,27.218],[62.763,27.25],[62.812,27.497],[62.782,27.801],[62.74,28.002],[62.763,28.202],[62.718,28.253],[62.565,28.235],[62.353,28.415],[62.033,28.491],[61.89,28.547],[61.623,28.792],[61.509,29.006],[61.338,29.265],[61.318,29.373],[60.843,29.859],[61.784,30.832],[61.814,31.073],[61.755,31.285],[61.66,31.382],[60.854,31.483],[60.792,31.661],[60.79,31.987],[60.829,32.249],[60.577,32.995],[60.561,33.138],[60.718,33.324],[60.917,33.505],[60.806,33.559],[60.655,33.56],[60.511,33.639],[60.486,33.712],[60.527,33.842],[60.486,34.095],[60.643,34.307],[60.889,34.319],[60.726,34.518],[60.951,34.654],[61.08,34.856],[61.07,34.922],[61.15,35.094],[61.1,35.272],[61.189,35.312],[61.279,35.514],[61.262,35.62],[61.252,35.868],[61.153,35.977],[61.212,36.099],[61.16,36.433],[61.17,36.572],[61.12,36.643],[60.341,36.638],[60.063,36.963],[59.949,37.042],[59.562,37.179],[59.367,37.334],[59.345,37.445],[59.241,37.521],[58.815,37.683],[58.65,37.652],[58.55,37.688],[58.436,37.639],[58.262,37.666],[58.109,37.783],[57.711,37.905],[57.424,37.948],[57.336,37.99],[57.331,38.089],[57.194,38.216],[56.907,38.213],[56.775,38.25],[56.441,38.249],[56.324,38.191],[56.229,38.073],[55.578,38.1],[55.381,38.051],[55.076,37.902],[54.849,37.723],[54.745,37.502],[54.3,37.354],[54.192,37.332],[53.914,37.344]]]]},"properties":{"id":"IRN"}},
{"type":"Feature","geometry":{"type":"MultiPolygon","coordinates":[[[[97.482,1.465],[97.356,1.54],[97.244,1.424],[97.079,1.425],[97.297,1.187],[97.405,0.947],[97.461,0.941],[97.604,0.834],[97.684,0.596],[97.82,0.564],[97.876,0.628],[97.902,0.884],[97.932,0.974],[97.786,1.146],[97.698,1.184],[97.482,1.465]]],[[[99.164,-1.778],[99.271,-1.738],[99.267,-1.628],[99.131,-1.442],[99.065,-1.241],[98.955,-1.056],[98.933,-0.954],[98.869,-0.916],[98.676,-0.971],[98.602,-1.198],[98.627,-1.261],[98.816,-1.538],[98.874,-1.664],[99.072,-1.783],[99.164,-1.778]]],[[[116.641,-8.614],[116.734,-8.387],[116.647,-8.283],[116.402,-8.204],[116.22,-8.295],[116.061,-8.437],[116.076,-8.745],[115.869,-8.743],[115.875,-8.826],[116.027,-8.873],[116.377,-8.929],[116.587,-8.886],[116.514,-8.821],[116.641,-8.614]]],[[[115.448,-8.155],[115.154,-8.066],[114.998,-8.174],[114.833,-8.183],[114.62,-8.128],[114.475,-8.119],[114.502,-8.261],[114.613,-8.378],[114.842,-8.429],[115.055,-8.573],[115.142,-8.697],[115.145,-8.849],[115.236,-8.798],[115.334,-8.616],[115.56,-8.514],[115.704,-8.407],[115.549,-8.208],[115.448,-8.155]]],[[[106.046,-1.669],[106.027,-1.593],[105.91,-1.505],[105.72,-1.534],[105.754,-1.659],[105.701,-1.731],[105.585,-1.527],[105.46,-1.575],[105.373,-1.657],[105.375,-1.813],[105.191,-1.917],[105.133,-2.043],[105.343,-2.125],[105.553,-2.079],[105.786,-2.181],[105.807,-2.307],[105.939,-2.493],[105.908,-2.643],[105.999,-2.825],[106.25,-2.894],[106.547,-3.056],[106.667,-3.072],[106.612,-2.896],[106.679,-2.704],[106.818,-2.573],[106.366,-2.465],[106.209,-2.189],[106.162,-1.867],[106.046,-1.669]]],[[[123.18,-4.551],[123.038,-4.395],[122.947,-4.443],[122.853,-4.618],[122.849,-4.831],[122.767,-5.21],[122.67,-5.331],[122.585,-5.545],[122.645,-5.663],[122.733,-5.635],[122.812,-5.671],[122.986,-5.394],[123.043,-5.419],[123.187,-5.333],[123.202,-5.273],[123.051,-5.156],[122.972,-5.138],[122.987,-4.963],[123.055,-4.748],[123.203,-4.766],[123.18,-4.551]]],[[[122.645,-5.269],[122.614,-5.139],[122.76,-4.934],[122.74,-4.675],[122.702,-4.619],[122.369,-4.767],[122.334,-4.847],[122.396,-5.07],[122.329,-5.138],[122.283,-5.32],[122.564,-5.387],[122.645,-5.269]]],[[[108.316,3.69],[108.394,3.836],[108.393,3.986],[108.202,4.2],[108.004,4.043],[108.002,3.983],[108.088,3.852],[108.243,3.81],[108.1,3.705],[108.18,3.653],[108.316,3.69]]],[[[108.207,-2.998],[108.291,-2.83],[108.215,-2.697],[108.074,-2.597],[107.838,-2.53],[107.666,-2.566],[107.642,-2.732],[107.598,-2.8],[107.595,-3.058],[107.614,-3.209],[107.941,-3.129],[107.977,-3.222],[108.055,-3.227],[108.167,-3.143],[108.207,-2.998]]],[[[135.383,-0.651],[135.432,-0.769],[135.524,-0.787],[135.646,-0.882],[135.747,-0.823],[135.839,-1.119],[135.915,-1.178],[136.003,-1.17],[136.11,-1.217],[136.305,-1.173],[136.283,-1.065],[136.155,-0.978],[135.894,-0.726],[135.749,-0.733],[135.383,-0.651]]],[[[135.474,-1.592],[135.488,-1.668],[135.866,-1.752],[136.193,-1.859],[136.461,-1.89],[136.622,-1.873],[136.893,-1.8],[136.719,-1.734],[136.39,-1.722],[136.202,-1.655],[135.869,-1.642],[135.474,-1.592]]],[[[130.813,-0.004],[130.5,-0.06],[130.431,-0.098],[130.295,-0.101],[130.237,-0.21],[130.341,-0.262],[130.496,-0.267],[130.551,-0.366],[130.689,-0.297],[130.75,-0.444],[130.896,-0.416],[130.897,-0.268],[131.005,-0.361],[131.098,-0.33],[131.258,-0.366],[131.34,-0.29],[131.277,-0.15],[131.026,-0.04],[130.813,-0.004]]],[[[128.454,2.052],[128.548,2.097],[128.623,2.224],[128.688,2.474],[128.602,2.598],[128.472,2.571],[128.33,2.469],[128.218,2.297],[128.26,2.083],[128.296,2.035],[128.454,2.052]]],[[[128.153,-1.661],[128.149,-1.604],[127.905,-1.439],[127.743,-1.36],[127.592,-1.351],[127.457,-1.454],[127.392,-1.645],[127.562,-1.729],[127.741,-1.691],[127.914,-1.685],[128.061,-1.712],[128.153,-1.661]]],[[[126.055,-2.451],[126.066,-2.366],[125.976,-2.168],[125.993,-2.012],[125.923,-1.975],[125.863,-2.077],[125.978,-2.415],[126.055,-2.451]]],[[[126.024,-1.79],[125.72,-1.814],[125.521,-1.801],[125.387,-1.843],[125.479,-1.94],[125.839,-1.906],[125.956,-1.917],[126.288,-1.859],[126.024,-1.79]]],[[[124.97,-1.705],[124.664,-1.636],[124.483,-1.644],[124.381,-1.687],[124.33,-1.859],[124.418,-2.005],[124.639,-1.978],[124.834,-1.894],[125.007,-1.943],[125.135,-1.889],[125.314,-1.877],[125.32,-1.81],[124.97,-1.705]]],[[[131.326,-8],[131.377,-7.869],[131.624,-7.626],[131.691,-7.439],[131.644,-7.267],[131.736,-7.197],[131.643,-7.113],[131.561,-7.136],[131.349,-7.425],[131.26,-7.471],[131.138,-7.685],[131.087,-7.865],[131.114,-7.997],[131.326,-8]]],[[[126.801,-7.668],[126.726,-7.662],[126.61,-7.572],[126.463,-7.608],[126.359,-7.677],[126.214,-7.707],[125.975,-7.663],[125.843,-7.817],[125.798,-7.985],[125.952,-7.911],[126.108,-7.884],[126.472,-7.95],[126.577,-7.808],[126.813,-7.738],[126.801,-7.668]]],[[[124.576,-8.141],[124.431,-8.183],[124.426,-8.296],[124.356,-8.386],[124.444,-8.445],[125.097,-8.353],[125.125,-8.205],[125.05,-8.18],[124.752,-8.16],[124.6,-8.202],[124.576,-8.141]]],[[[131.002,-1.316],[131.046,-1.188],[131.074,-0.968],[131.033,-0.918],[130.897,-0.89],[130.673,-0.96],[130.782,-1.255],[130.845,-1.317],[131.002,-1.316]]],[[[96.493,5.229],[96.133,5.294],[96.027,5.351],[95.841,5.515],[95.629,5.609],[95.396,5.629],[95.228,5.565],[95.247,5.411],[95.207,5.284],[95.495,4.761],[95.579,4.662],[95.988,4.263],[96.23,4.073],[96.445,3.816],[96.525,3.767],[96.801,3.709],[96.969,3.575],[97.188,3.276],[97.391,2.975],[97.591,2.847],[97.641,2.676],[97.701,2.359],[97.795,2.283],[98.005,2.238],[98.564,1.902],[98.703,1.702],[98.796,1.495],[98.936,1.032],[99.06,0.686],[99.112,0.459],[99.159,0.352],[99.335,0.209],[99.598,0.102],[99.721,-0.033],[99.86,-0.314],[100.088,-0.553],[100.308,-0.827],[100.394,-1.101],[100.487,-1.299],[100.855,-1.934],[100.848,-2.144],[100.944,-2.345],[101.119,-2.588],[101.306,-2.729],[101.579,-3.167],[101.818,-3.378],[102.128,-3.599],[102.372,-3.969],[102.538,-4.152],[102.919,-4.471],[103.139,-4.596],[103.406,-4.816],[103.831,-5.08],[104.067,-5.386],[104.243,-5.539],[104.37,-5.691],[104.602,-5.905],[104.684,-5.893],[104.618,-5.642],[104.64,-5.52],[104.93,-5.681],[105.081,-5.746],[105.349,-5.55],[105.523,-5.673],[105.619,-5.8],[105.748,-5.818],[105.816,-5.677],[105.887,-5.01],[105.887,-4.554],[105.831,-4.163],[105.928,-3.881],[105.852,-3.731],[105.844,-3.614],[105.901,-3.41],[106.058,-3.217],[106.044,-3.106],[105.899,-2.888],[105.582,-2.492],[105.397,-2.38],[105.287,-2.356],[105.026,-2.358],[104.878,-2.419],[104.736,-2.571],[104.631,-2.543],[104.668,-2.386],[104.826,-2.234],[104.845,-2.093],[104.791,-2.041],[104.569,-1.922],[104.516,-1.819],[104.519,-1.699],[104.478,-1.6],[104.447,-1.362],[104.361,-1.038],[104.199,-1.054],[103.94,-0.979],[103.721,-0.887],[103.533,-0.755],[103.431,-0.534],[103.509,-0.466],[103.405,-0.362],[103.429,-0.192],[103.589,-0.069],[103.787,0.047],[103.673,0.289],[103.479,0.48],[103.277,0.495],[102.896,0.279],[103.067,0.492],[102.949,0.664],[102.849,0.715],[102.566,0.749],[102.469,0.779],[102.239,0.99],[102.157,1.259],[102.02,1.442],[101.785,1.621],[101.684,1.661],[101.477,1.693],[101.405,1.757],[101.301,2.012],[101.046,2.257],[100.936,2.295],[100.828,2.243],[100.817,2.14],[100.877,2.051],[100.817,1.989],[100.685,2.12],[100.604,2.137],[100.457,2.257],[100.307,2.467],[100.127,2.648],[99.907,2.988],[99.732,3.183],[99.521,3.311],[99.151,3.581],[98.778,3.759],[98.659,3.928],[98.307,4.093],[98.241,4.195],[98.273,4.322],[98.248,4.415],[98.021,4.635],[97.908,4.88],[97.707,5.04],[97.547,5.206],[97.451,5.236],[97.19,5.207],[96.968,5.269],[96.843,5.274],[96.615,5.22],[96.493,5.229]]],[[[122.783,-8.612],[122.847,-8.562],[122.811,-8.481],[123.006,-8.329],[122.978,-8.152],[122.846,-8.093],[122.759,-8.186],[122.919,-8.222],[122.85,-8.304],[122.604,-8.402],[122.514,-8.47],[122.433,-8.601],[122.263,-8.625],[121.967,-8.455],[121.863,-8.494],[121.683,-8.506],[121.548,-8.575],[121.445,-8.578],[121.277,-8.478],[120.886,-8.327],[120.751,-8.321],[120.61,-8.24],[120.425,-8.249],[120.231,-8.29],[120.099,-8.378],[119.918,-8.445],[119.818,-8.571],[119.808,-8.698],[119.909,-8.858],[120.121,-8.777],[120.32,-8.82],[120.55,-8.802],[120.781,-8.849],[121.035,-8.935],[121.191,-8.896],[121.328,-8.917],[121.415,-8.815],[121.585,-8.821],[121.651,-8.899],[121.839,-8.86],[122.094,-8.745],[122.47,-8.725],[122.642,-8.647],[122.783,-8.612]]],[[[120.013,-9.375],[119.942,-9.301],[119.795,-9.38],[119.615,-9.352],[119.186,-9.384],[119.031,-9.44],[118.959,-9.519],[119.085,-9.707],[119.363,-9.772],[119.601,-9.774],[119.813,-9.917],[119.931,-9.967],[120.052,-10.123],[120.145,-10.2],[120.439,-10.294],[120.698,-10.207],[120.833,-10.037],[120.504,-9.674],[120.291,-9.648],[120.221,-9.506],[120.013,-9.375]]],[[[118.242,-8.318],[118.117,-8.122],[117.921,-8.089],[117.755,-8.15],[117.738,-8.205],[117.815,-8.342],[117.979,-8.459],[118.1,-8.475],[118.235,-8.592],[117.97,-8.728],[117.806,-8.711],[117.567,-8.426],[117.357,-8.429],[117.165,-8.367],[116.953,-8.503],[116.835,-8.532],[116.783,-8.665],[116.807,-8.811],[116.772,-8.894],[116.788,-9.006],[117.061,-9.099],[117.21,-9.034],[117.508,-9.008],[117.732,-8.92],[117.861,-8.931],[118.071,-8.851],[118.19,-8.841],[118.379,-8.675],[118.398,-8.813],[118.479,-8.856],[118.818,-8.791],[118.903,-8.703],[119.006,-8.75],[119.13,-8.668],[119.042,-8.561],[119.044,-8.457],[118.988,-8.338],[118.846,-8.293],[118.748,-8.331],[118.491,-8.271],[118.338,-8.354],[118.242,-8.318]]],[[[124.889,0.995],[125.028,1.18],[125.117,1.379],[125.234,1.502],[125.165,1.644],[124.989,1.701],[124.861,1.576],[124.788,1.468],[124.6,1.392],[124.534,1.23],[124.411,1.185],[124.274,1.022],[123.931,0.85],[123.847,0.838],[123.278,0.928],[123.067,0.942],[122.96,0.923],[122.892,0.85],[122.79,0.863],[122.657,0.941],[122.437,1.018],[122.108,1.031],[121.867,1.089],[121.592,1.068],[121.513,1.105],[121.44,1.214],[121.357,1.255],[121.208,1.263],[121.082,1.328],[120.912,1.289],[120.804,1.149],[120.755,1.036],[120.603,0.854],[120.517,0.818],[120.367,0.888],[120.27,0.971],[120.23,0.861],[120.056,0.693],[120.035,0.567],[119.913,0.445],[119.809,0.239],[119.866,0.04],[119.838,-0.022],[119.722,-0.088],[119.772,-0.484],[119.845,-0.773],[119.711,-0.681],[119.508,-0.907],[119.359,-1.243],[119.309,-1.408],[119.308,-1.66],[119.348,-1.825],[119.322,-1.93],[119.172,-2.14],[119.135,-2.382],[119.092,-2.483],[118.958,-2.597],[118.853,-2.65],[118.784,-2.765],[118.858,-2.929],[118.813,-3.157],[118.868,-3.398],[118.995,-3.538],[119.24,-3.475],[119.42,-3.475],[119.495,-3.554],[119.494,-3.769],[119.624,-4.034],[119.612,-4.424],[119.516,-4.742],[119.52,-4.877],[119.434,-5.079],[119.36,-5.314],[119.376,-5.425],[119.557,-5.611],[119.717,-5.693],[119.952,-5.578],[120.312,-5.542],[120.43,-5.591],[120.391,-5.393],[120.279,-5.146],[120.31,-4.963],[120.405,-4.727],[120.42,-4.617],[120.385,-4.415],[120.363,-4.086],[120.383,-3.852],[120.437,-3.707],[120.392,-3.348],[120.254,-3.053],[120.261,-2.949],[120.341,-2.87],[120.654,-2.668],[120.765,-2.642],[120.99,-2.67],[121.052,-2.752],[121.07,-3.01],[121.054,-3.167],[120.907,-3.404],[120.914,-3.556],[121.313,-3.919],[121.537,-4.015],[121.618,-4.093],[121.541,-4.283],[121.487,-4.581],[121.514,-4.681],[121.589,-4.76],[121.917,-4.848],[122.073,-4.792],[122.054,-4.62],[122.207,-4.496],[122.471,-4.422],[122.722,-4.411],[122.897,-4.349],[122.877,-4.109],[122.798,-4.054],[122.69,-4.084],[122.607,-3.985],[122.61,-3.923],[122.435,-3.74],[122.253,-3.62],[122.313,-3.383],[122.317,-3.275],[122.399,-3.201],[122.307,-3.052],[122.292,-2.908],[122.083,-2.75],[121.848,-2.332],[121.726,-2.208],[121.575,-2.151],[121.502,-2.045],[121.349,-1.946],[121.395,-1.834],[121.573,-1.906],[121.719,-1.863],[121.859,-1.693],[122.158,-1.594],[122.334,-1.498],[122.507,-1.348],[122.656,-1.175],[122.807,-0.966],[122.903,-0.901],[123.049,-0.872],[123.153,-0.907],[123.226,-1.002],[123.378,-1.004],[123.434,-0.778],[123.38,-0.649],[123.171,-0.571],[122.829,-0.659],[122.889,-0.755],[122.659,-0.77],[122.28,-0.757],[122.175,-0.794],[122.094,-0.875],[121.97,-0.933],[121.738,-0.926],[121.633,-0.84],[121.519,-0.856],[121.277,-1.118],[121.149,-1.339],[121.034,-1.407],[120.797,-1.364],[120.667,-1.37],[120.518,-1.039],[120.425,-0.961],[120.27,-0.899],[120.097,-0.65],[120.032,-0.432],[120.013,-0.196],[120.127,0.167],[120.349,0.449],[120.46,0.51],[120.7,0.515],[120.909,0.447],[121.013,0.442],[121.426,0.495],[121.605,0.486],[121.842,0.437],[122.281,0.481],[123.083,0.486],[123.265,0.327],[123.526,0.3],[123.754,0.306],[124.101,0.375],[124.217,0.38],[124.428,0.471],[124.589,0.655],[124.698,0.826],[124.889,0.995]]],[[[107.374,-6.008],[107.162,-5.957],[107.046,-5.904],[107.012,-6.008],[106.825,-6.098],[106.676,-6.038],[106.459,-6.018],[106.166,-5.965],[106.075,-5.914],[105.936,-6.017],[105.868,-6.116],[105.787,-6.457],[105.655,-6.47],[105.581,-6.671],[105.484,-6.782],[105.273,-6.729],[105.255,-6.835],[105.478,-6.854],[105.725,-6.846],[105.944,-6.859],[106.198,-6.928],[106.52,-7.054],[106.417,-7.239],[106.455,-7.369],[106.631,-7.416],[107.285,-7.472],[107.547,-7.542],[107.696,-7.636],[107.917,-7.724],[108.221,-7.782],[108.452,-7.797],[108.571,-7.707],[108.741,-7.667],[108.987,-7.704],[109.282,-7.705],[109.853,-7.828],[110.039,-7.891],[110.607,-8.149],[111.055,-8.24],[111.339,-8.262],[111.51,-8.305],[112.115,-8.324],[112.679,-8.409],[113.134,-8.288],[113.253,-8.287],[113.693,-8.478],[113.94,-8.568],[114.16,-8.626],[114.277,-8.615],[114.383,-8.705],[114.584,-8.77],[114.595,-8.685],[114.482,-8.604],[114.387,-8.405],[114.385,-8.263],[114.443,-8.005],[114.444,-7.896],[114.383,-7.771],[114.071,-7.633],[113.747,-7.703],[113.498,-7.724],[113.248,-7.718],[113.014,-7.658],[112.795,-7.552],[112.794,-7.304],[112.649,-7.221],[112.539,-6.926],[112.312,-6.894],[112.087,-6.893],[111.99,-6.806],[111.738,-6.773],[111.54,-6.648],[111.342,-6.7],[111.154,-6.669],[110.972,-6.436],[110.835,-6.424],[110.737,-6.472],[110.674,-6.57],[110.584,-6.806],[110.521,-6.897],[110.426,-6.947],[110.198,-6.895],[109.936,-6.916],[109.821,-6.902],[109.501,-6.81],[109.294,-6.867],[109.018,-6.817],[108.678,-6.791],[108.604,-6.729],[108.516,-6.471],[108.295,-6.265],[108.138,-6.297],[107.884,-6.233],[107.667,-6.216],[107.475,-6.122],[107.374,-6.008]]],[[[109.629,2.028],[109.379,1.923],[109.273,1.705],[109.076,1.496],[109.01,1.24],[108.959,1.135],[108.906,0.794],[108.945,0.356],[109.075,0.253],[109.258,0.031],[109.195,-0.009],[109.122,-0.265],[109.121,-0.391],[109.161,-0.495],[109.373,-0.638],[109.271,-0.732],[109.259,-0.807],[109.333,-0.875],[109.454,-0.869],[109.682,-0.944],[109.787,-1.011],[109.938,-1.181],[110.019,-1.399],[110.023,-1.643],[109.964,-1.743],[109.96,-1.863],[110.075,-1.946],[110.124,-2.234],[110.224,-2.689],[110.233,-2.925],[110.303,-2.985],[110.378,-2.934],[110.574,-2.891],[110.703,-3.021],[110.811,-2.938],[110.869,-3.049],[111.044,-3.056],[111.259,-2.956],[111.368,-2.934],[111.495,-2.973],[111.625,-2.975],[111.695,-2.889],[111.823,-3.057],[111.836,-3.308],[111.822,-3.533],[111.955,-3.53],[112.127,-3.381],[112.285,-3.321],[112.6,-3.4],[112.971,-3.187],[113.034,-2.933],[113.343,-3.246],[113.526,-3.184],[113.63,-3.246],[113.634,-3.42],[113.796,-3.456],[113.959,-3.394],[114.082,-3.279],[114.446,-3.482],[114.536,-3.494],[114.606,-3.703],[114.625,-4.112],[114.694,-4.17],[115.258,-3.907],[115.956,-3.595],[116.058,-3.348],[116.167,-3.183],[116.257,-3.126],[116.172,-3.025],[116.331,-2.902],[116.375,-2.578],[116.529,-2.511],[116.565,-2.3],[116.528,-2.208],[116.314,-2.14],[116.424,-2.053],[116.452,-1.923],[116.424,-1.785],[116.332,-1.712],[116.478,-1.633],[116.554,-1.474],[116.715,-1.376],[116.771,-1.267],[116.849,-1.218],[117.003,-1.188],[117.146,-1.009],[117.241,-0.926],[117.563,-0.771],[117.549,-0.554],[117.463,-0.324],[117.464,-0.2],[117.522,0.236],[117.553,0.341],[117.745,0.73],[117.923,0.831],[118.016,1.039],[118.096,0.929],[118.196,0.874],[118.535,0.814],[118.757,0.839],[118.892,0.887],[118.985,0.982],[118.963,1.044],[118.853,1.096],[118.639,1.319],[118.472,1.416],[118.08,1.702],[117.928,1.867],[117.865,1.968],[117.881,2.061],[118.042,2.215],[118.067,2.318],[117.886,2.542],[117.786,2.747],[117.639,2.825],[117.611,3.064],[117.352,3.194],[117.322,3.244],[117.385,3.365],[117.166,3.592],[117.172,3.639],[117.45,3.629],[117.51,3.73],[117.63,3.636],[117.777,3.689],[117.728,3.797],[117.566,3.93],[117.465,4.076],[117.574,4.171],[117.451,4.193],[117.278,4.299],[117.101,4.337],[116.515,4.371],[116.415,4.308],[116.32,4.354],[116.134,4.355],[116.022,4.291],[115.896,4.349],[115.679,4.193],[115.568,3.939],[115.545,3.634],[115.566,3.446],[115.52,3.362],[115.493,3.128],[115.454,3.034],[115.31,2.994],[115.247,3.026],[115.086,2.841],[115.081,2.634],[115.179,2.523],[114.969,2.351],[114.786,2.25],[114.759,2.162],[114.831,1.98],[114.8,1.894],[114.704,1.851],[114.661,1.686],[114.546,1.467],[114.387,1.5],[114.126,1.452],[113.902,1.434],[113.76,1.311],[113.622,1.236],[113.513,1.308],[113.359,1.327],[113.069,1.432],[113.007,1.434],[112.943,1.567],[112.476,1.559],[112.186,1.439],[112.167,1.338],[112.079,1.143],[111.923,1.113],[111.77,0.999],[111.607,1.023],[111.483,0.996],[111.287,1.043],[111.101,1.051],[110.938,1.017],[110.615,0.878],[110.506,0.862],[110.315,0.996],[110.115,1.19],[109.818,1.439],[109.654,1.615],[109.636,1.777],[109.539,1.896],[109.629,2.028]]],[[[127.733,0.848],[127.634,0.936],[127.653,1.014],[127.885,1.163],[128.012,1.332],[128.026,1.458],[128.011,1.701],[127.887,1.833],[127.907,1.946],[128.031,2.12],[127.9,2.137],[127.632,1.844],[127.535,1.572],[127.537,1.467],[127.42,1.252],[127.429,1.14],[127.52,0.924],[127.608,0.848],[127.542,0.681],[127.555,0.49],[127.709,0.288],[127.685,0.149],[127.692,-0.242],[127.889,-0.424],[128.046,-0.706],[128.233,-0.788],[128.278,-0.87],[128.425,-0.893],[128.254,-0.732],[128.089,-0.485],[127.978,-0.248],[127.889,0.05],[127.915,0.206],[127.887,0.298],[127.924,0.438],[127.983,0.472],[128.221,0.414],[128.446,0.392],[128.54,0.338],[128.9,0.216],[128.815,0.305],[128.692,0.36],[128.611,0.55],[128.398,0.639],[128.261,0.734],[128.299,0.877],[128.515,0.979],[128.703,1.106],[128.717,1.367],[128.688,1.573],[128.424,1.518],[128.222,1.401],[128.157,1.317],[128.161,1.158],[127.967,1.043],[127.881,0.832],[127.733,0.848]]],[[[129.755,-2.866],[129.543,-2.79],[129.427,-2.791],[129.28,-2.889],[129.116,-2.937],[129.058,-2.838],[128.791,-2.857],[128.57,-2.842],[128.199,-2.866],[128.113,-2.935],[127.878,-3.222],[127.97,-3.444],[128.082,-3.184],[128.181,-3.172],[128.28,-3.241],[128.419,-3.416],[128.517,-3.449],[128.639,-3.433],[128.751,-3.3],[128.863,-3.235],[128.958,-3.241],[128.967,-3.326],[129.468,-3.453],[129.512,-3.329],[129.844,-3.327],[130.02,-3.475],[130.27,-3.579],[130.805,-3.858],[130.86,-3.57],[130.773,-3.419],[130.671,-3.392],[130.57,-3.131],[130.379,-2.989],[130.103,-2.993],[129.984,-2.977],[129.755,-2.866]]],[[[126.861,-3.088],[126.555,-3.065],[126.306,-3.103],[126.22,-3.148],[126.088,-3.105],[126.026,-3.171],[126.057,-3.421],[126.215,-3.605],[126.411,-3.711],[126.686,-3.824],[126.941,-3.765],[127.085,-3.671],[127.23,-3.633],[127.227,-3.391],[127.092,-3.278],[127.025,-3.166],[126.861,-3.088]]],[[[124.922,-8.942],[124.575,-9.155],[124.444,-9.19],[124.413,-9.314],[124.282,-9.428],[124.09,-9.416],[124.036,-9.342],[123.877,-9.453],[123.709,-9.615],[123.589,-9.967],[123.716,-10.079],[123.614,-10.215],[123.644,-10.311],[123.858,-10.344],[124.176,-10.183],[124.428,-10.149],[124.708,-9.914],[124.842,-9.76],[124.963,-9.666],[124.998,-9.565],[125.068,-9.512],[125.034,-9.382],[124.968,-9.294],[124.978,-9.195],[125.1,-9.19],[125.149,-9.123],[125.1,-9.004],[124.973,-9.064],[124.922,-8.942]]],[[[134.747,-5.707],[134.617,-5.439],[134.506,-5.438],[134.49,-5.525],[134.341,-5.713],[134.343,-5.833],[134.302,-6.01],[134.155,-6.063],[134.28,-6.201],[134.441,-6.335],[134.638,-6.365],[134.714,-6.295],[134.756,-6.171],[134.712,-5.95],[134.755,-5.883],[134.747,-5.707]]],[[[134.537,-6.442],[134.415,-6.387],[134.168,-6.176],[134.115,-6.191],[134.125,-6.426],[134.059,-6.769],[134.2,-6.909],[134.356,-6.815],[134.413,-6.68],[134.504,-6.591],[134.537,-6.442]]],[[[138.535,-8.274],[138.786,-8.059],[138.989,-7.696],[138.963,-7.588],[138.77,-7.39],[138.544,-7.38],[138.296,-7.438],[138.082,-7.566],[138.008,-7.642],[137.833,-7.932],[137.685,-8.262],[137.688,-8.412],[137.872,-8.38],[138.296,-8.405],[138.535,-8.274]]],[[[140.973,-2.61],[140.747,-2.607],[140.721,-2.508],[140.623,-2.446],[140.251,-2.412],[140.155,-2.35],[139.79,-2.348],[139.482,-2.212],[139.039,-1.992],[138.811,-1.918],[138.65,-1.791],[138.111,-1.616],[137.911,-1.484],[137.806,-1.483],[137.381,-1.686],[137.123,-1.841],[137.171,-2.025],[137.072,-2.105],[136.843,-2.198],[136.612,-2.224],[136.39,-2.273],[136.243,-2.583],[136.013,-2.734],[135.859,-2.995],[135.628,-3.186],[135.487,-3.345],[135.372,-3.375],[135.037,-3.333],[134.917,-3.25],[134.853,-3.108],[134.843,-2.909],[134.702,-2.934],[134.627,-2.537],[134.567,-2.51],[134.483,-2.583],[134.491,-2.714],[134.46,-2.832],[134.362,-2.621],[134.195,-2.309],[134.156,-2.195],[134.145,-1.969],[134.106,-1.721],[134.217,-1.529],[134.26,-1.363],[134.072,-1.002],[134.112,-0.847],[133.975,-0.744],[133.473,-0.726],[133.268,-0.636],[133.077,-0.512],[132.856,-0.417],[132.625,-0.359],[132.394,-0.355],[132.128,-0.454],[131.891,-0.657],[131.804,-0.704],[131.462,-0.782],[131.257,-0.855],[131.254,-1.007],[131.152,-1.219],[131.046,-1.284],[130.996,-1.425],[131.118,-1.455],[131.294,-1.393],[131.731,-1.541],[131.93,-1.56],[131.936,-1.715],[132.023,-1.99],[132.207,-2.176],[132.308,-2.242],[132.503,-2.218],[132.631,-2.247],[132.963,-2.273],[133.225,-2.214],[133.488,-2.226],[133.71,-2.189],[133.922,-2.102],[133.905,-2.391],[133.753,-2.451],[133.7,-2.625],[133.609,-2.547],[133.411,-2.514],[133.191,-2.438],[133.034,-2.487],[132.897,-2.658],[132.725,-2.789],[132.575,-2.727],[132.231,-2.68],[131.971,-2.789],[132.054,-2.915],[132.348,-2.975],[132.751,-3.295],[132.83,-3.413],[132.87,-3.551],[132.754,-3.704],[132.837,-3.949],[132.969,-4.095],[133.249,-4.062],[133.401,-3.899],[133.415,-3.732],[133.509,-3.616],[133.542,-3.516],[133.518,-3.412],[133.653,-3.364],[133.661,-3.186],[133.7,-3.087],[133.842,-3.055],[133.697,-3.248],[133.678,-3.479],[133.723,-3.578],[133.904,-3.72],[133.974,-3.818],[134.147,-3.797],[134.266,-3.946],[134.391,-3.91],[134.547,-3.979],[134.708,-3.93],[134.68,-4.079],[134.754,-4.195],[135.196,-4.451],[135.45,-4.443],[135.98,-4.531],[136.211,-4.651],[136.394,-4.701],[136.619,-4.819],[136.857,-4.893],[137.089,-4.924],[137.307,-5.014],[137.759,-5.256],[138.061,-5.465],[138.087,-5.709],[138.252,-5.688],[138.2,-5.807],[138.283,-5.839],[138.296,-5.949],[138.439,-6.343],[138.522,-6.454],[138.698,-6.626],[138.727,-6.731],[138.865,-6.858],[138.684,-6.887],[138.601,-6.937],[138.72,-7.07],[138.919,-7.204],[138.748,-7.251],[138.886,-7.373],[138.938,-7.472],[139.088,-7.587],[139.003,-7.838],[138.936,-7.913],[138.856,-8.145],[138.933,-8.262],[139.193,-8.086],[139.386,-8.189],[139.649,-8.125],[139.935,-8.101],[140.102,-8.301],[140.49,-8.62],[140.662,-8.847],[140.787,-8.974],[140.976,-9.119],[140.976,-8.496],[140.975,-7.479],[140.975,-6.905],[140.862,-6.74],[140.875,-6.612],[140.975,-6.346],[140.975,-5.65],[140.974,-4.836],[140.974,-4.226],[140.974,-3.413],[140.973,-2.61]]],[[[138.895,-8.389],[138.898,-8.337],[138.796,-8.174],[138.677,-8.199],[138.563,-8.309],[138.594,-8.371],[138.895,-8.389]]],[[[101.708,2.078],[101.641,2.127],[101.545,2.061],[101.41,2.022],[101.403,1.901],[101.468,1.759],[101.603,1.716],[101.719,1.789],[101.774,1.943],[101.708,2.078]]],[[[102.427,0.99],[102.443,1.234],[102.359,1.346],[102.229,1.348],[102.255,1.147],[102.325,1.007],[102.427,0.99]]],[[[102.492,1.459],[102.47,1.51],[102.042,1.625],[102.079,1.499],[102.274,1.453],[102.499,1.331],[102.492,1.459]]],[[[103.028,0.747],[103.002,0.859],[102.78,0.959],[102.549,1.13],[102.507,1.089],[102.454,0.89],[102.542,0.832],[102.971,0.737],[103.028,0.747]]],[[[103.166,0.87],[103.068,1.015],[102.79,1.165],[102.726,1.159],[102.702,1.054],[102.886,0.997],[103.087,0.848],[103.166,0.87]]],[[[103.284,0.542],[103.238,0.699],[103.153,0.643],[103.14,0.549],[103.284,0.542]]],[[[103.45,0.664],[103.497,0.723],[103.386,0.87],[103.344,0.778],[103.45,0.664]]],[[[104.025,1.181],[103.955,1.137],[103.964,1.013],[104.066,0.99],[104.127,1.092],[104.025,1.181]]],[[[104.585,1.216],[104.5,1.18],[104.362,1.181],[104.25,1.103],[104.252,1.015],[104.439,1.05],[104.429,0.956],[104.504,0.853],[104.575,0.832],[104.653,0.961],[104.648,1.105],[104.585,1.216]]],[[[104.779,-0.176],[104.543,0.018],[104.447,-0.189],[104.567,-0.246],[104.702,-0.209],[104.914,-0.323],[104.95,-0.247],[104.843,-0.141],[104.779,-0.176]]],[[[104.474,-0.335],[104.257,-0.463],[104.33,-0.539],[104.485,-0.613],[104.59,-0.467],[104.474,-0.335]]],[[[103.737,-0.348],[103.724,-0.277],[103.549,-0.228],[103.461,-0.358],[103.606,-0.383],[103.737,-0.348]]],[[[109.71,-1.181],[109.743,-1.039],[109.615,-0.979],[109.476,-0.985],[109.428,-1.241],[109.511,-1.283],[109.71,-1.181]]],[[[113.845,-7.105],[113.885,-7.049],[114.083,-6.989],[113.975,-6.873],[113.067,-6.88],[112.868,-6.9],[112.726,-7.073],[112.764,-7.14],[113.04,-7.212],[113.471,-7.218],[113.656,-7.112],[113.845,-7.105]]],[[[134.965,-1.116],[134.996,-1.034],[134.889,-0.938],[134.809,-1.038],[134.862,-1.114],[134.965,-1.116]]],[[[127.25,-0.495],[127.281,-0.391],[127.19,-0.256],[127.126,-0.279],[127.119,-0.521],[127.25,-0.495]]],[[[127.567,-0.319],[127.455,-0.406],[127.371,-0.332],[127.3,-0.5],[127.381,-0.6],[127.469,-0.643],[127.463,-0.806],[127.624,-0.766],[127.761,-0.884],[127.88,-0.809],[127.804,-0.694],[127.659,-0.689],[127.605,-0.61],[127.682,-0.468],[127.567,-0.319]]],[[[132.926,-5.902],[132.971,-5.736],[133.12,-5.576],[133.173,-5.348],[133.115,-5.311],[133.009,-5.621],[132.938,-5.683],[132.926,-5.902]]],[[[132.807,-5.851],[132.804,-5.789],[132.698,-5.609],[132.681,-5.913],[132.746,-5.947],[132.807,-5.851]]],[[[128.276,-3.675],[128.329,-3.516],[128.264,-3.512],[128.119,-3.587],[128.016,-3.601],[127.928,-3.679],[127.978,-3.771],[128.052,-3.715],[128.143,-3.733],[128.276,-3.675]]],[[[126.817,4.033],[126.848,4.18],[126.921,4.291],[126.865,4.48],[126.757,4.548],[126.722,4.344],[126.814,4.258],[126.704,4.071],[126.817,4.033]]],[[[125.658,3.436],[125.543,3.67],[125.512,3.461],[125.658,3.436]]],[[[130.862,-8.319],[130.908,-8.246],[131.044,-8.212],[131.02,-8.091],[130.833,-8.271],[130.862,-8.319]]],[[[129.839,-7.955],[129.813,-7.82],[129.609,-7.803],[129.592,-7.917],[129.713,-8.041],[129.78,-8.046],[129.839,-7.955]]],[[[127.823,-8.099],[127.821,-8.19],[128.024,-8.255],[128.119,-8.171],[127.823,-8.099]]],[[[130.353,-1.691],[129.994,-1.759],[129.738,-1.867],[129.887,-1.986],[130.248,-2.048],[130.419,-1.971],[130.425,-1.805],[130.353,-1.691]]],[[[102.367,-5.479],[102.372,-5.366],[102.198,-5.289],[102.136,-5.361],[102.286,-5.483],[102.367,-5.479]]],[[[100.425,-3.183],[100.455,-3.002],[100.246,-2.783],[100.179,-2.82],[100.204,-2.987],[100.425,-3.183]]],[[[100.204,-2.741],[100.202,-2.68],[100.012,-2.51],[99.997,-2.649],[100.015,-2.82],[100.133,-2.821],[100.204,-2.741]]],[[[99.843,-2.343],[99.686,-2.063],[99.572,-2.026],[99.537,-2.162],[99.607,-2.258],[99.843,-2.343]]],[[[98.459,-0.53],[98.544,-0.258],[98.415,-0.018],[98.323,-0.001],[98.427,-0.226],[98.31,-0.532],[98.4,-0.577],[98.459,-0.53]]],[[[96.464,2.36],[96.417,2.515],[96.18,2.661],[96.102,2.741],[95.998,2.781],[95.896,2.889],[95.806,2.916],[95.717,2.826],[95.809,2.656],[96.022,2.596],[96.29,2.43],[96.341,2.372],[96.464,2.36]]],[[[122.043,-5.438],[122.062,-5.221],[121.966,-5.076],[121.874,-5.145],[121.808,-5.256],[121.859,-5.35],[121.98,-5.465],[122.043,-5.438]]],[[[123.212,-1.171],[122.908,-1.182],[122.832,-1.283],[122.811,-1.432],[122.89,-1.587],[122.984,-1.511],[123.15,-1.304],[123.183,-1.493],[123.275,-1.437],[123.367,-1.507],[123.512,-1.447],[123.547,-1.337],[123.435,-1.237],[123.339,-1.254],[123.238,-1.389],[123.198,-1.288],[123.212,-1.171]]],[[[121.864,-0.407],[121.749,-0.407],[121.722,-0.495],[121.847,-0.49],[121.864,-0.407]]],[[[120.528,-6.298],[120.549,-5.969],[120.446,-5.876],[120.461,-6.254],[120.528,-6.298]]],[[[115.377,-6.971],[115.524,-6.902],[115.414,-6.84],[115.241,-6.861],[115.22,-6.953],[115.377,-6.971]]],[[[116.303,-3.868],[116.319,-3.763],[116.262,-3.395],[116.27,-3.251],[116.117,-3.34],[116.064,-3.458],[116.018,-3.7],[116.077,-3.817],[116.059,-4.007],[116.093,-4.054],[116.303,-3.868]]],[[[122.949,-10.909],[123.215,-10.806],[123.311,-10.698],[123.418,-10.651],[123.371,-10.475],[123.265,-10.518],[123.061,-10.698],[122.846,-10.762],[122.826,-10.899],[122.949,-10.909]]],[[[124.287,-8.329],[124.24,-8.203],[124.111,-8.364],[123.971,-8.354],[124.066,-8.552],[124.184,-8.499],[124.287,-8.329]]],[[[123.925,-8.272],[123.776,-8.19],[123.601,-8.291],[123.53,-8.265],[123.455,-8.354],[123.325,-8.439],[123.33,-8.536],[123.411,-8.587],[123.553,-8.567],[123.629,-8.422],[123.698,-8.424],[123.784,-8.3],[123.925,-8.272]]],[[[123.317,-8.355],[123.336,-8.269],[123.133,-8.254],[123.025,-8.396],[123.297,-8.399],[123.317,-8.355]]],[[[105.76,2.863],[105.837,2.977],[105.692,3.063],[105.706,2.889],[105.76,2.863]]],[[[106.886,-3.005],[106.911,-2.934],[106.797,-2.899],[106.749,-2.96],[106.886,-3.005]]],[[[123.598,-1.704],[123.616,-1.627],[123.549,-1.508],[123.487,-1.535],[123.483,-1.681],[123.598,-1.704]]],[[[123.242,-4.113],[123.212,-3.998],[123.025,-3.981],[122.969,-4.03],[122.995,-4.148],[123.145,-4.233],[123.242,-4.113]]],[[[119.464,-8.741],[119.444,-8.672],[119.536,-8.589],[119.547,-8.483],[119.43,-8.455],[119.379,-8.587],[119.386,-8.736],[119.464,-8.741]]],[[[117.649,4.169],[117.625,4.121],[117.737,4.004],[117.923,4.054],[117.885,4.186],[117.649,4.169]]],[[[117.658,3.281],[117.681,3.408],[117.548,3.432],[117.56,3.328],[117.658,3.281]]],[[[117.556,-8.367],[117.669,-8.189],[117.546,-8.152],[117.491,-8.183],[117.506,-8.307],[117.556,-8.367]]],[[[130.905,-0.777],[130.813,-0.814],[130.484,-0.833],[130.402,-0.924],[130.832,-0.863],[130.905,-0.777]]],[[[127.3,-0.781],[127.258,-0.623],[127.209,-0.619],[127.156,-0.761],[127.3,-0.781]]],[[[128.563,-3.585],[128.452,-3.515],[128.392,-3.638],[128.563,-3.585]]],[[[128.67,-7.183],[128.628,-7.069],[128.53,-7.135],[128.67,-7.183]]],[[[121.883,-10.59],[121.981,-10.528],[121.998,-10.447],[121.867,-10.439],[121.726,-10.573],[121.883,-10.59]]]]},"properties":{"id":"IDN"}},
{"type":"Feature","geometry":{"type":"MultiPolygon","coordinates":[[[[68.165,23.857],[68.235,23.597],[68.417,23.571],[68.641,23.19],[68.817,23.054],[69.236,22.849],[69.665,22.759],[69.85,22.856],[70.118,22.947],[70.251,22.971],[70.339,22.94],[70.328,22.816],[70.177,22.573],[70.006,22.548],[69.819,22.452],[69.728,22.465],[69.655,22.404],[69.549,22.408],[69.277,22.285],[69.131,22.416],[68.983,22.385],[69.009,22.197],[69.192,21.992],[69.385,21.84],[69.542,21.679],[69.748,21.506],[70.034,21.179],[70.127,21.095],[70.485,20.84],[70.719,20.74],[70.88,20.715],[71.025,20.739],[71.396,20.87],[71.571,20.971],[72.015,21.156],[72.077,21.224],[72.254,21.531],[72.257,21.661],[72.171,21.774],[72.037,21.823],[72.094,21.92],[72.244,22.028],[72.333,22.27],[72.456,22.248],[72.59,22.278],[72.522,21.976],[72.592,21.878],[72.543,21.697],[72.84,21.687],[72.811,21.62],[72.613,21.462],[72.692,21.178],[72.814,21.117],[72.879,20.829],[72.881,20.563],[72.709,20.078],[72.668,19.831],[72.756,19.451],[72.812,19.299],[72.803,19.079],[72.835,18.976],[73.006,19.021],[72.871,18.683],[72.917,18.576],[72.994,18.098],[73.047,17.907],[73.156,17.622],[73.149,17.527],[73.239,17.199],[73.338,16.46],[73.476,16.054],[73.608,15.871],[73.68,15.709],[73.772,15.573],[73.932,15.397],[73.884,15.306],[73.949,15.075],[74.089,14.902],[74.382,14.495],[74.467,14.217],[74.499,14.046],[74.608,13.85],[74.671,13.668],[74.682,13.507],[74.771,13.077],[74.868,12.845],[74.946,12.565],[75.197,12.058],[75.315,11.958],[75.525,11.703],[75.646,11.468],[75.724,11.362],[75.845,11.058],[75.923,10.784],[76.096,10.402],[76.201,10.201],[76.196,10.086],[76.346,9.922],[76.459,9.536],[76.376,9.54],[76.343,9.827],[76.242,9.927],[76.325,9.452],[76.403,9.237],[76.472,9.161],[76.553,8.903],[76.617,8.847],[76.967,8.407],[77.301,8.145],[77.518,8.078],[77.587,8.13],[77.77,8.19],[78.06,8.385],[78.126,8.511],[78.136,8.663],[78.192,8.891],[78.275,8.99],[78.421,9.105],[78.98,9.269],[79.02,9.333],[78.919,9.453],[78.996,9.683],[79.258,10.035],[79.254,10.175],[79.391,10.306],[79.532,10.33],[79.667,10.3],[79.838,10.323],[79.85,10.769],[79.849,11.197],[79.799,11.339],[79.754,11.575],[79.858,11.989],[79.982,12.235],[80.143,12.452],[80.229,12.69],[80.342,13.361],[80.29,13.437],[80.114,13.529],[80.062,13.606],[80.244,13.773],[80.144,14.059],[80.112,14.212],[80.17,14.349],[80.165,14.578],[80.099,14.798],[80.053,15.074],[80.101,15.324],[80.293,15.711],[80.385,15.793],[80.647,15.895],[80.782,15.867],[80.826,15.766],[80.979,15.758],[81.03,15.881],[81.132,15.962],[81.239,16.264],[81.286,16.337],[81.402,16.365],[81.762,16.329],[82.142,16.485],[82.259,16.56],[82.36,16.783],[82.282,16.936],[82.36,17.096],[82.593,17.274],[82.977,17.462],[83.198,17.609],[83.388,17.787],[83.572,18.004],[83.654,18.07],[84.104,18.293],[84.182,18.401],[84.463,18.69],[84.75,19.05],[84.771,19.125],[85.226,19.508],[85.442,19.627],[85.371,19.679],[85.229,19.601],[85.163,19.621],[85.249,19.758],[85.46,19.896],[85.555,19.867],[85.575,19.693],[85.853,19.792],[86.279,19.919],[86.377,20.007],[86.499,20.172],[86.75,20.313],[86.763,20.419],[86.975,20.7],[86.939,20.745],[86.896,20.966],[86.842,21.106],[86.86,21.237],[86.954,21.365],[87.101,21.501],[87.201,21.545],[87.678,21.654],[87.948,21.825],[88.051,22.001],[88.181,22.033],[88.057,21.694],[88.122,21.636],[88.254,21.622],[88.305,21.723],[88.446,21.614],[88.585,21.66],[88.567,21.832],[88.66,22.067],[88.74,22.005],[88.691,21.733],[88.745,21.584],[88.834,21.661],[89.052,21.654],[89.02,21.834],[89.051,22.093],[89.05,22.275],[88.921,22.632],[88.9,22.844],[88.851,23.041],[88.928,23.187],[88.724,23.255],[88.741,23.437],[88.596,23.602],[88.567,23.674],[88.7,24.003],[88.734,24.231],[88.642,24.326],[88.397,24.389],[88.287,24.48],[88.146,24.486],[88.023,24.628],[88.15,24.915],[88.313,24.882],[88.373,24.962],[88.456,25.188],[88.748,25.169],[88.89,25.194],[88.944,25.291],[88.82,25.366],[88.769,25.49],[88.593,25.495],[88.452,25.574],[88.363,25.698],[88.253,25.79],[88.147,25.811],[88.085,25.888],[88.151,26.087],[88.44,26.369],[88.346,26.505],[88.418,26.572],[88.518,26.518],[88.681,26.353],[88.683,26.292],[88.828,26.252],[88.97,26.251],[88.924,26.375],[89.067,26.377],[89.108,26.202],[89.289,26.038],[89.467,25.984],[89.55,26.005],[89.619,26.216],[89.71,26.171],[89.823,25.941],[89.8,25.84],[89.825,25.56],[89.814,25.305],[90.25,25.185],[90.439,25.158],[91.293,25.178],[91.48,25.142],[92.05,25.169],[92.205,25.111],[92.468,24.944],[92.443,24.849],[92.251,24.895],[92.198,24.686],[92.064,24.374],[91.952,24.357],[91.877,24.195],[91.669,24.19],[91.526,24.091],[91.367,24.094],[91.232,23.92],[91.16,23.661],[91.166,23.581],[91.254,23.374],[91.315,23.104],[91.436,23.2],[91.511,23.034],[91.62,22.98],[91.695,23.005],[91.774,23.106],[91.754,23.287],[91.79,23.361],[91.938,23.505],[91.93,23.686],[92.044,23.678],[92.127,23.721],[92.246,23.684],[92.334,23.324],[92.362,22.929],[92.491,22.685],[92.532,22.41],[92.575,21.978],[92.689,22.131],[92.771,22.105],[92.854,22.01],[92.965,22.004],[93.071,22.209],[93.151,22.231],[93.162,22.36],[93.079,22.718],[93.163,22.908],[93.151,22.997],[93.308,23.03],[93.366,23.133],[93.415,23.682],[93.307,24.022],[93.356,24.074],[93.494,23.973],[93.683,24.007],[93.855,23.944],[94.128,23.876],[94.293,24.322],[94.399,24.514],[94.584,24.767],[94.708,25.049],[94.675,25.139],[94.554,25.243],[94.623,25.41],[94.786,25.519],[94.992,25.77],[95.015,25.913],[95.132,26.041],[95.069,26.191],[95.06,26.474],[95.129,26.597],[95.464,26.756],[95.738,26.95],[95.905,27.047],[96.061,27.217],[96.274,27.278],[96.666,27.339],[96.798,27.296],[96.88,27.178],[97.038,27.102],[97.104,27.163],[96.902,27.44],[96.9,27.644],[97.226,27.89],[97.335,27.938],[97.303,28.086],[97.322,28.218],[97.075,28.369],[96.981,28.338],[96.776,28.367],[96.603,28.46],[96.428,28.406],[96.279,28.428],[96.396,28.607],[96.581,28.764],[96.436,29.051],[96.347,29.027],[96.162,28.91],[96.122,29.082],[96.34,29.21],[96.235,29.246],[96.129,29.381],[96.035,29.447],[95.71,29.314],[95.516,29.206],[95.42,29.054],[95.279,29.05],[94.999,29.149],[94.769,29.176],[94.733,29.252],[94.623,29.312],[94.468,29.216],[94.293,29.145],[93.902,28.803],[93.665,28.69],[93.361,28.654],[93.207,28.591],[93.119,28.402],[92.882,28.228],[92.702,28.147],[92.643,28.062],[92.664,27.949],[92.415,27.825],[92.101,27.808],[91.978,27.73],[91.632,27.76],[91.595,27.558],[91.743,27.443],[91.991,27.45],[92.083,27.291],[91.992,27.1],[92.073,26.915],[91.998,26.855],[91.842,26.853],[91.672,26.802],[91.518,26.807],[91.427,26.867],[91.287,26.79],[91.134,26.803],[90.74,26.772],[90.56,26.797],[90.346,26.89],[90.206,26.848],[90.123,26.755],[89.764,26.702],[89.332,26.849],[89.148,26.816],[88.858,26.961],[88.835,27.066],[88.739,27.176],[88.891,27.316],[88.765,27.43],[88.749,27.522],[88.849,27.869],[88.804,28.007],[88.621,28.092],[88.426,28.012],[88.109,27.933],[88.11,27.871],[88.147,27.749],[88.024,27.409],[87.984,27.134],[88.111,26.928],[88.162,26.725],[88.055,26.43],[87.995,26.382],[87.849,26.437],[87.633,26.399],[87.414,26.423],[87.287,26.36],[87.09,26.433],[87.016,26.555],[86.701,26.435],[86.366,26.574],[86.007,26.649],[85.856,26.6],[85.737,26.64],[85.7,26.782],[85.568,26.84],[85.293,26.741],[85.192,26.767],[85.152,26.847],[85.02,26.879],[84.685,27.041],[84.61,27.299],[84.23,27.428],[84.091,27.491],[83.897,27.435],[83.829,27.378],[83.552,27.456],[83.447,27.465],[83.29,27.371],[83.064,27.445],[82.733,27.519],[82.677,27.673],[82.451,27.672],[82.112,27.865],[81.988,27.914],[81.853,27.867],[81.486,28.062],[81.311,28.176],[81.169,28.335],[80.751,28.54],[80.587,28.65],[80.419,28.612],[80.071,28.83],[80.052,28.87],[80.13,29.1],[80.233,29.195],[80.255,29.423],[80.402,29.73],[80.549,29.9],[80.908,30.172],[81.01,30.165],[80.985,30.237],[80.682,30.415],[80.261,30.561],[80.191,30.568],[80.194,30.759],[80.081,30.782],[79.795,30.968],[79.565,30.949],[79.339,31.106],[79.107,31.403],[79.011,31.414],[78.974,31.329],[78.792,31.294],[78.744,31.324],[78.727,31.472],[78.803,31.618],[78.693,31.74],[78.735,31.958],[78.496,32.216],[78.39,32.52],[78.413,32.558],[78.701,32.597],[78.771,32.468],[78.919,32.358],[79.067,32.388],[79.127,32.476],[79.219,32.501],[79.234,32.703],[79.202,32.946],[79.109,33.023],[79.113,33.226],[78.948,33.347],[78.802,33.5],[78.784,33.809],[78.727,34.013],[78.753,34.088],[78.971,34.228],[78.936,34.352],[78.671,34.518],[78.327,34.606],[78.282,34.654],[78.076,35.135],[78.012,35.251],[78.047,35.449],[77.895,35.449],[77.799,35.496],[77.049,35.11],[77.001,34.992],[76.783,34.9],[76.696,34.787],[76.594,34.736],[76.457,34.756],[76.172,34.668],[76.041,34.67],[75.862,34.56],[75.709,34.503],[75.453,34.537],[75.188,34.639],[74.952,34.646],[74.3,34.765],[73.961,34.653],[73.812,34.422],[73.81,34.325],[73.925,34.288],[73.979,34.191],[73.904,34.108],[73.95,34.019],[74.246,33.99],[74.216,33.887],[74.001,33.788],[74.004,33.632],[74.15,33.507],[74.118,33.384],[73.994,33.242],[74.126,33.075],[74.304,32.992],[74.355,32.769],[74.663,32.758],[74.658,32.519],[74.789,32.458],[74.987,32.462],[75.234,32.372],[75.333,32.279],[75.254,32.14],[75.071,32.089],[74.739,31.949],[74.556,31.819],[74.51,31.713],[74.594,31.465],[74.518,31.186],[74.633,31.035],[74.38,30.893],[74.216,30.769],[74.009,30.52],[73.899,30.435],[73.883,30.352],[73.933,30.222],[73.809,30.093],[73.382,29.934],[73.231,29.551],[73.128,29.364],[72.903,29.029],[72.342,28.752],[72.292,28.697],[72.179,28.422],[71.948,28.177],[71.87,27.963],[71.543,27.87],[71.185,27.832],[70.875,27.714],[70.737,27.729],[70.649,27.835],[70.629,27.937],[70.489,28.023],[70.404,28.025],[70.145,27.849],[69.896,27.474],[69.568,27.175],[69.537,27.123],[69.47,26.804],[69.507,26.743],[69.736,26.627],[70.059,26.579],[70.157,26.471],[70.133,26.215],[70.078,26.072],[70.1,25.91],[70.265,25.707],[70.325,25.686],[70.648,25.667],[70.652,25.423],[70.878,25.063],[71.048,24.688],[70.976,24.619],[70.973,24.487],[71.044,24.4],[70.886,24.344],[70.716,24.238],[70.579,24.279],[70.547,24.418],[70.289,24.356],[70.098,24.288],[70.021,24.192],[69.716,24.173],[69.559,24.273],[69.12,24.269],[68.901,24.292],[68.728,24.266],[68.724,23.965],[68.489,23.967],[68.283,23.928],[68.165,23.857]]],[[[93.89,6.831],[93.93,6.973],[93.859,7.207],[93.822,7.237],[93.684,7.184],[93.658,7.016],[93.709,7.001],[93.829,6.749],[93.89,6.831]]],[[[93.734,7.356],[93.692,7.411],[93.597,7.319],[93.638,7.262],[93.734,7.356]]],[[[93.443,7.878],[93.375,8.018],[93.309,7.964],[93.365,7.877],[93.443,7.878]]],[[[92.503,10.555],[92.574,10.704],[92.51,10.897],[92.353,10.751],[92.37,10.547],[92.503,10.555]]],[[[92.723,11.536],[92.765,11.639],[92.798,11.875],[92.748,11.993],[92.879,12.228],[92.864,12.436],[92.99,12.539],[92.965,12.85],[92.886,12.942],[93.005,13.089],[93.074,13.252],[93.016,13.336],[93.077,13.401],[93.062,13.545],[92.925,13.486],[92.857,13.358],[92.86,13.231],[92.809,13.04],[92.807,12.879],[92.74,12.78],[92.759,12.669],[92.721,12.541],[92.719,12.357],[92.788,12.226],[92.695,12.215],[92.641,12.112],[92.608,11.95],[92.534,11.873],[92.576,11.718],[92.668,11.539],[92.723,11.536]]]]},"properties":{"id":"IND"}},
{"type":"Feature","geometry":{"type":"Polygon","coordinates":[[[-15.543,66.229],[-15.985,66.515],[-16.249,66.523],[-16.541,66.447],[-16.428,66.278],[-16.485,66.196],[-16.748,66.132],[-17.153,66.203],[-17.467,66],[-17.582,65.971],[-17.907,66.143],[-18.297,66.157],[-18.315,66.093],[-18.099,65.83],[-18.455,65.965],[-18.778,66.169],[-18.994,66.16],[-19.383,66.076],[-19.456,65.985],[-19.434,65.814],[-19.594,65.779],[-20.026,66.049],[-20.208,66.1],[-20.357,66.033],[-20.357,65.719],[-20.455,65.571],[-20.74,65.658],[-21.23,65.421],[-21.432,65.474],[-21.365,65.578],[-21.466,65.635],[-21.303,65.876],[-21.497,65.955],[-21.407,66.026],[-21.625,66.09],[-21.967,66.257],[-22.17,66.307],[-22.426,66.43],[-22.889,66.441],[-22.972,66.324],[-22.806,66.153],[-22.445,66.07],[-22.622,66],[-23.019,65.982],[-23.063,66.086],[-23.3,66.167],[-23.528,66.164],[-23.737,66.069],[-23.705,65.781],[-23.909,65.766],[-24.156,65.608],[-24.341,65.601],[-24.455,65.5],[-24.224,65.487],[-23.9,65.408],[-22.902,65.58],[-22.39,65.535],[-22.311,65.481],[-22.006,65.493],[-21.907,65.4],[-22.473,65.227],[-22.4,65.159],[-22.04,65.125],[-21.892,65.049],[-22.684,65.026],[-22.788,65.046],[-23.109,64.966],[-24.026,64.863],[-23.879,64.751],[-23.347,64.824],[-22.72,64.789],[-22.467,64.795],[-22.234,64.714],[-22.284,64.587],[-21.95,64.515],[-21.951,64.314],[-21.833,64.205],[-22.057,64.071],[-22.51,63.991],[-22.743,64.019],[-22.607,63.837],[-21.449,63.858],[-21.246,63.935],[-20.879,63.804],[-20.593,63.735],[-20.198,63.556],[-19.778,63.537],[-19.25,63.442],[-18.654,63.407],[-18.303,63.454],[-17.947,63.536],[-17.816,63.713],[-17.633,63.747],[-16.64,63.865],[-16.468,63.916],[-16.06,64.111],[-15.495,64.258],[-15.022,64.296],[-14.547,64.446],[-14.433,64.538],[-14.465,64.636],[-14.297,64.724],[-14.135,64.715],[-13.853,64.862],[-13.777,65.014],[-13.57,65.068],[-13.649,65.237],[-13.805,65.355],[-13.616,65.487],[-13.935,65.616],[-14.302,65.628],[-14.426,65.79],[-14.758,65.756],[-14.688,65.897],[-14.74,66.051],[-15.116,66.102],[-14.912,66.284],[-15.162,66.282],[-15.543,66.229]]]},"properties":{"id":"ISL"}},
{"type":"Feature","geometry":{"type":"Polygon","coordinates":[[[22.132,48.405],[21.767,48.338],[21.451,48.552],[21.067,48.506],[20.867,48.546],[20.49,48.527],[20.334,48.296],[19.899,48.131],[19.625,48.223],[19.467,48.111],[19.265,48.073],[18.914,48.051],[18.792,48],[18.724,47.787],[18.146,47.763],[17.762,47.77],[17.635,47.81],[17.317,47.991],[17.147,48.006],[17.03,47.837],[17.067,47.708],[16.748,47.686],[16.551,47.747],[16.432,47.656],[16.64,47.609],[16.623,47.448],[16.434,47.367],[16.417,47.223],[16.493,47.123],[16.453,47.007],[16.253,46.972],[16.093,46.863],[16.284,46.857],[16.381,46.639],[16.516,46.5],[16.748,46.416],[16.94,46.254],[17.15,46.14],[17.311,45.996],[17.607,45.914],[17.706,45.827],[17.964,45.77],[18.437,45.767],[18.565,45.813],[18.666,45.907],[18.905,45.932],[19.087,46.016],[19.208,45.984],[19.393,46.05],[19.531,46.155],[20.161,46.142],[20.242,46.109],[20.508,46.167],[20.614,46.133],[20.837,46.26],[21.04,46.242],[21.152,46.304],[21.32,46.608],[21.497,46.704],[21.494,46.79],[21.653,46.964],[21.661,47.044],[21.785,47.138],[21.869,47.305],[21.995,47.396],[22,47.505],[22.291,47.728],[22.677,47.799],[22.877,47.947],[22.769,48.11],[22.582,48.134],[22.52,48.205],[22.35,48.256],[22.254,48.407],[22.132,48.405]]]},"properties":{"id":"HUN"}},
{"type":"Feature","geometry":{"type":"Polygon","coordinates":[[[-83.158,14.993],[-83.291,15.079],[-83.369,15.24],[-83.551,15.294],[-83.76,15.22],[-83.927,15.394],[-84.095,15.401],[-84.111,15.492],[-83.973,15.52],[-83.775,15.437],[-84.261,15.823],[-84.646,15.884],[-84.974,15.99],[-85.164,15.918],[-85.484,15.9],[-85.784,16.003],[-86.181,15.885],[-86.357,15.783],[-86.481,15.801],[-86.757,15.794],[-86.907,15.762],[-87.286,15.834],[-87.487,15.79],[-87.618,15.91],[-87.875,15.879],[-88.131,15.701],[-88.228,15.729],[-88.684,15.36],[-88.976,15.143],[-89.143,15.072],[-89.222,14.866],[-89.162,14.669],[-89.172,14.607],[-89.287,14.53],[-89.363,14.416],[-89.057,14.329],[-88.846,14.125],[-88.666,14.016],[-88.513,13.979],[-88.449,13.851],[-88.151,13.987],[-87.991,13.88],[-87.802,13.89],[-87.715,13.813],[-87.814,13.399],[-87.708,13.36],[-87.602,13.386],[-87.489,13.353],[-87.498,13.275],[-87.413,13.127],[-87.333,13.085],[-87.337,12.979],[-87.059,12.991],[-86.959,13.054],[-86.918,13.224],[-86.711,13.313],[-86.771,13.699],[-86.734,13.763],[-86.332,13.77],[-86.151,13.995],[-86.04,14.05],[-85.984,13.966],[-85.787,13.844],[-85.682,13.983],[-85.477,14.109],[-85.374,14.224],[-85.179,14.343],[-85.161,14.525],[-85.037,14.608],[-84.985,14.752],[-84.86,14.81],[-84.789,14.79],[-84.646,14.661],[-84.538,14.633],[-84.394,14.692],[-84.114,14.731],[-84.066,14.786],[-83.867,14.794],[-83.59,14.908],[-83.537,14.977],[-83.415,15.008],[-83.158,14.993]]]},"properties":{"id":"HND"}},
{"type":"Feature","geometry":{"type":"MultiPolygon","coordinates":[[[[-71.779,19.718],[-72.22,19.745],[-72.637,19.901],[-72.877,19.928],[-73.118,19.904],[-73.401,19.807],[-73.396,19.659],[-73.053,19.611],[-72.703,19.441],[-72.768,19.241],[-72.741,19.131],[-72.811,19.072],[-72.649,18.894],[-72.465,18.744],[-72.348,18.675],[-72.376,18.574],[-72.618,18.551],[-72.789,18.435],[-72.917,18.456],[-73.592,18.522],[-73.687,18.565],[-73.862,18.575],[-74.228,18.663],[-74.387,18.625],[-74.478,18.45],[-74.419,18.346],[-74.085,18.215],[-73.885,18.042],[-73.747,18.19],[-73.644,18.229],[-73.385,18.251],[-72.877,18.152],[-72.633,18.176],[-72.504,18.22],[-72.06,18.229],[-71.946,18.186],[-71.768,18.039],[-71.762,18.341],[-71.873,18.416],[-72,18.598],[-71.867,18.614],[-71.743,18.733],[-71.734,18.856],[-71.807,18.987],[-71.657,19.131],[-71.647,19.196],[-71.746,19.286],[-71.707,19.422],[-71.779,19.718]]],[[[-72.805,18.778],[-72.919,18.861],[-73.171,18.967],[-73.285,18.897],[-73.078,18.791],[-72.822,18.707],[-72.805,18.778]]]]},"properties":{"id":"HTI"}},
{"type":"Feature","geometry":{"type":"Polygon","coordinates":[[[-60.742,5.202],[-60.335,5.199],[-60.242,5.258],[-60.142,5.239],[-59.991,5.083],[-60.032,4.741],[-60.125,4.598],[-60.111,4.511],[-59.833,4.476],[-59.703,4.381],[-59.739,4.227],[-59.551,3.934],[-59.679,3.7],[-59.854,3.588],[-59.831,3.349],[-59.873,3.283],[-59.972,2.99],[-59.994,2.69],[-59.89,2.363],[-59.755,2.274],[-59.756,1.901],[-59.669,1.842],[-59.667,1.746],[-59.536,1.7],[-59.231,1.376],[-58.969,1.305],[-58.862,1.204],[-58.685,1.281],[-58.512,1.285],[-58.506,1.439],[-58.396,1.482],[-58.341,1.588],[-58.035,1.52],[-57.983,1.648],[-57.796,1.7],[-57.594,1.704],[-57.5,1.774],[-57.413,1.909],[-57.119,2.014],[-57.038,1.936],[-56.837,1.881],[-56.483,1.942],[-56.563,2.005],[-56.704,2.036],[-56.841,2.277],[-56.931,2.395],[-57.029,2.638],[-57.105,2.768],[-57.21,2.883],[-57.232,3.109],[-57.278,3.164],[-57.304,3.377],[-57.55,3.353],[-57.647,3.395],[-57.649,3.517],[-57.833,3.676],[-57.908,3.857],[-58.032,4.002],[-58.054,4.172],[-57.95,4.35],[-57.846,4.668],[-57.917,4.82],[-57.845,4.923],[-57.711,4.991],[-57.331,5.02],[-57.31,5.106],[-57.207,5.214],[-57.319,5.335],[-57.195,5.548],[-57.167,5.885],[-57.19,6.097],[-57.228,6.178],[-57.344,6.272],[-57.54,6.332],[-57.608,6.45],[-57.793,6.599],[-57.983,6.786],[-58.298,6.879],[-58.415,6.851],[-58.569,6.627],[-58.608,6.697],[-58.583,6.844],[-58.481,7.038],[-58.477,7.326],[-58.627,7.546],[-58.812,7.736],[-59.2,8.075],[-59.666,8.363],[-59.837,8.374],[-60.018,8.549],[-59.832,8.306],[-59.849,8.249],[-59.965,8.192],[-60.032,8.054],[-60.178,7.994],[-60.381,7.828],[-60.514,7.813],[-60.719,7.499],[-60.607,7.321],[-60.633,7.211],[-60.523,7.144],[-60.392,7.165],[-60.325,7.134],[-60.395,6.945],[-60.586,6.857],[-60.718,6.768],[-60.873,6.787],[-60.938,6.733],[-61.146,6.695],[-61.204,6.588],[-61.151,6.447],[-61.129,6.214],[-61.303,6.05],[-61.377,5.907],[-60.742,5.202]]]},"properties":{"id":"GUY"}},
{"type":"Feature","geometry":{"type":"MultiPolygon","coordinates":[[[[-16.712,12.355],[-16.437,12.204],[-16.312,12.243],[-16.328,12.052],[-16.274,11.978],[-16.138,11.917],[-15.959,11.96],[-15.903,11.92],[-15.942,11.787],[-15.819,11.763],[-15.651,11.818],[-15.435,11.944],[-15.188,11.927],[-15.211,11.871],[-15.416,11.872],[-15.502,11.724],[-15.413,11.615],[-15.23,11.687],[-15.122,11.662],[-15.073,11.598],[-15.253,11.573],[-15.429,11.499],[-15.479,11.41],[-15.395,11.334],[-15.393,11.217],[-15.317,11.152],[-15.217,11.156],[-15.181,11.034],[-15.043,10.94],[-14.944,11.072],[-14.779,11.406],[-14.683,11.508],[-14.452,11.556],[-14.266,11.66],[-13.953,11.665],[-13.733,11.736],[-13.738,12.01],[-13.949,12.178],[-13.849,12.263],[-13.708,12.313],[-13.674,12.479],[-13.733,12.593],[-13.729,12.674],[-14.349,12.676],[-15.196,12.68],[-15.575,12.49],[-15.84,12.438],[-16.144,12.457],[-16.416,12.368],[-16.712,12.355]]],[[[-16.115,11.059],[-16.067,11.197],[-16.236,11.113],[-16.115,11.059]]],[[[-15.902,11.466],[-15.965,11.598],[-16.023,11.477],[-15.902,11.466]]],[[[-15.986,11.882],[-16.152,11.877],[-16.102,11.773],[-16.038,11.76],[-15.986,11.882]]]]},"properties":{"id":"GNB"}},
{"type":"Feature","geometry":{"type":"Polygon","coordinates":[[[-10.283,8.485],[-10.147,8.52],[-10.064,8.43],[-9.768,8.535],[-9.518,8.346],[-9.436,7.867],[-9.369,7.64],[-9.46,7.443],[-9.263,7.378],[-9.118,7.216],[-8.961,7.275],[-8.89,7.263],[-8.828,7.392],[-8.74,7.496],[-8.708,7.659],[-8.579,7.677],[-8.486,7.558],[-8.43,7.602],[-8.232,7.557],[-8.115,7.761],[-8.127,7.868],[-8.01,8.079],[-8.017,8.145],[-8.256,8.254],[-8.237,8.456],[-8.049,8.495],[-7.824,8.468],[-7.739,8.375],[-7.681,8.41],[-7.691,8.563],[-7.784,8.721],[-7.951,8.787],[-7.938,8.98],[-7.778,9.081],[-7.918,9.189],[-7.896,9.416],[-8.031,9.398],[-8.137,9.496],[-8.137,10.022],[-7.991,10.163],[-8.007,10.322],[-8.231,10.438],[-8.267,10.486],[-8.324,10.75],[-8.306,10.896],[-8.337,10.991],[-8.475,11.048],[-8.564,10.997],[-8.664,11.036],[-8.52,11.236],[-8.425,11.305],[-8.407,11.386],[-8.665,11.515],[-8.711,11.618],[-8.822,11.673],[-8.818,11.923],[-8.914,12.109],[-8.999,12.346],[-9.043,12.402],[-9.216,12.483],[-9.365,12.479],[-9.332,12.324],[-9.358,12.255],[-9.487,12.229],[-9.658,12.143],[-9.715,12.042],[-9.821,12.042],[-10.275,12.213],[-10.466,12.139],[-10.677,11.899],[-10.743,11.927],[-10.876,12.152],[-10.933,12.205],[-11.066,12.171],[-11.21,12.025],[-11.305,12.015],[-11.502,12.199],[-11.389,12.404],[-11.574,12.426],[-11.808,12.387],[-12.042,12.398],[-12.291,12.328],[-12.399,12.34],[-12.797,12.452],[-12.931,12.532],[-13.061,12.49],[-13.083,12.634],[-13.406,12.662],[-13.729,12.674],[-13.733,12.593],[-13.674,12.479],[-13.708,12.313],[-13.849,12.263],[-13.949,12.178],[-13.738,12.01],[-13.733,11.736],[-13.953,11.665],[-14.266,11.66],[-14.452,11.556],[-14.683,11.508],[-14.779,11.406],[-14.944,11.072],[-15.043,10.94],[-15.051,10.835],[-14.975,10.803],[-14.925,10.945],[-14.776,10.932],[-14.677,10.689],[-14.587,10.735],[-14.61,10.55],[-14.427,10.248],[-14.17,10.129],[-14.045,10.141],[-13.955,9.969],[-13.82,9.887],[-13.7,9.851],[-13.659,9.776],[-13.691,9.536],[-13.568,9.543],[-13.436,9.42],[-13.396,9.314],[-13.269,9.171],[-13.293,9.049],[-13.13,9.048],[-13.028,9.104],[-12.959,9.263],[-12.831,9.302],[-12.756,9.374],[-12.558,9.705],[-12.501,9.862],[-12.278,9.93],[-12.142,9.875],[-11.923,9.923],[-11.911,9.993],[-11.274,9.997],[-11.206,9.978],[-11.047,9.786],[-10.865,9.516],[-10.691,9.314],[-10.75,9.122],[-10.616,9.059],[-10.606,8.868],[-10.501,8.688],[-10.628,8.53],[-10.712,8.335],[-10.558,8.316],[-10.394,8.481],[-10.283,8.485]]]},"properties":{"id":"GIN"}},
{"type":"Feature","geometry":{"type":"Polygon","coordinates":[[[-92.235,14.545],[-91.819,14.228],[-91.641,14.115],[-91.377,13.99],[-91.146,13.926],[-90.607,13.929],[-90.479,13.901],[-90.095,13.737],[-90.105,13.835],[-89.873,14.046],[-89.749,14.077],[-89.671,14.183],[-89.547,14.241],[-89.577,14.347],[-89.541,14.41],[-89.363,14.416],[-89.287,14.53],[-89.172,14.607],[-89.162,14.669],[-89.222,14.866],[-89.143,15.072],[-88.976,15.143],[-88.684,15.36],[-88.228,15.729],[-88.594,15.95],[-88.536,15.85],[-88.603,15.764],[-88.894,15.891],[-89.237,15.894],[-89.212,16.527],[-89.161,17.815],[-90.184,17.816],[-90.989,17.816],[-90.993,17.252],[-91.41,17.256],[-91.224,17.112],[-91.112,16.976],[-90.976,16.868],[-90.711,16.708],[-90.634,16.511],[-90.417,16.391],[-90.46,16.162],[-90.447,16.073],[-91.737,16.07],[-92.187,15.321],[-92.204,15.238],[-92.075,15.074],[-92.144,15.002],[-92.186,14.818],[-92.16,14.691],[-92.235,14.545]]]},"properties":{"id":"GTM"}},
{"type":"Feature","geometry":{"type":"Polygon","coordinates":[[[-61.716,12.013],[-61.627,12.054],[-61.607,12.223],[-61.715,12.185],[-61.756,12.045],[-61.716,12.013]]]},"properties":{"id":"GRD"}},
{"type":"Feature","geometry":{"type":"MultiPolygon","coordinates":[[[[20.612,38.383],[20.409,38.337],[20.524,38.107],[20.761,38.071],[20.789,38.142],[20.625,38.268],[20.612,38.383]]],[[[20.888,37.805],[20.759,37.853],[20.704,37.743],[20.819,37.665],[20.909,37.732],[20.888,37.805]]],[[[20.687,38.609],[20.72,38.799],[20.635,38.818],[20.558,38.662],[20.687,38.609]]],[[[20.078,39.433],[19.955,39.47],[19.904,39.619],[19.937,39.747],[19.839,39.82],[19.707,39.798],[19.649,39.726],[19.809,39.585],[19.884,39.462],[20.078,39.433]]],[[[23.415,38.959],[23.313,39.035],[23.146,39.003],[23.029,38.873],[23.252,38.801],[23.617,38.553],[23.651,38.443],[23.759,38.401],[24.04,38.39],[24.189,38.204],[24.212,38.118],[24.502,37.97],[24.579,38.02],[24.563,38.148],[24.36,38.163],[24.276,38.22],[24.188,38.463],[24.211,38.504],[24.099,38.671],[23.878,38.687],[23.472,38.85],[23.415,38.959]]],[[[24.774,40.615],[24.786,40.704],[24.623,40.793],[24.516,40.647],[24.646,40.579],[24.774,40.615]]],[[[23.054,36.19],[23.097,36.247],[22.95,36.384],[22.906,36.32],[22.939,36.176],[23.054,36.19]]],[[[27.176,35.465],[27.157,35.629],[27.071,35.598],[27.176,35.465]]],[[[26.95,36.727],[27.151,36.778],[27.061,36.84],[26.95,36.727]]],[[[25.546,36.968],[25.588,37.153],[25.525,37.196],[25.362,37.07],[25.457,36.93],[25.546,36.968]]],[[[25.279,37.068],[25.235,37.149],[25.105,37.035],[25.199,36.991],[25.279,37.068]]],[[[26.824,37.811],[26.639,37.781],[26.845,37.645],[27.04,37.77],[26.824,37.811]]],[[[24.992,37.76],[24.956,37.905],[24.714,37.899],[24.884,37.771],[24.992,37.76]]],[[[26.094,38.218],[26.157,38.303],[26.15,38.468],[26.013,38.602],[25.846,38.574],[25.851,38.508],[25.991,38.354],[25.874,38.27],[25.999,38.162],[26.094,38.218]]],[[[26.41,39.329],[26.348,39.383],[26.165,39.374],[26.026,39.285],[25.91,39.288],[25.844,39.2],[25.906,39.139],[26.108,39.081],[26.161,39.026],[26.469,38.973],[26.578,39.11],[26.393,39.27],[26.41,39.329]]],[[[25.438,39.983],[25.374,40.016],[25.058,40],[25.062,39.852],[25.357,39.808],[25.438,39.983]]],[[[27.843,35.929],[28.144,36.21],[28.23,36.37],[28.171,36.426],[27.914,36.345],[27.716,36.172],[27.757,36.069],[27.716,35.957],[27.843,35.929]]],[[[23.852,35.535],[23.715,35.605],[23.673,35.514],[23.57,35.535],[23.562,35.295],[23.638,35.235],[23.884,35.246],[24.464,35.16],[24.709,35.089],[24.8,34.934],[25.206,34.959],[25.83,35.025],[26.166,35.019],[26.244,35.045],[26.299,35.269],[26.168,35.215],[26.028,35.215],[25.837,35.133],[25.745,35.143],[25.73,35.349],[25.476,35.306],[25.104,35.347],[25.003,35.41],[24.721,35.425],[24.445,35.366],[24.313,35.364],[24.166,35.595],[24.034,35.535],[23.852,35.535]]],[[[26.321,41.717],[26.201,41.744],[26.066,41.673],[26.155,41.435],[26.135,41.386],[25.923,41.312],[25.785,41.33],[25.251,41.244],[25.133,41.316],[24.847,41.394],[24.774,41.356],[24.596,41.443],[24.518,41.553],[24.387,41.524],[24.056,41.527],[24.033,41.469],[23.881,41.456],[23.635,41.387],[23.24,41.385],[23.156,41.322],[22.916,41.336],[22.755,41.313],[22.725,41.179],[22.494,41.119],[22.238,41.155],[21.929,41.107],[21.779,40.95],[21.576,40.869],[21.404,40.907],[21.324,40.867],[20.964,40.85],[21.031,40.659],[20.95,40.494],[20.806,40.445],[20.657,40.117],[20.456,40.066],[20.311,39.979],[20.382,39.842],[20.207,39.654],[20.001,39.709],[20.191,39.546],[20.301,39.327],[20.468,39.255],[20.572,39.148],[20.78,39.009],[20.923,39.037],[21.118,39.03],[21.152,38.922],[21.074,38.885],[20.893,38.941],[20.777,38.928],[20.777,38.808],[20.873,38.776],[20.992,38.654],[21.113,38.385],[21.183,38.346],[21.39,38.408],[21.473,38.321],[21.805,38.367],[21.965,38.412],[22.227,38.353],[22.32,38.357],[22.422,38.439],[22.583,38.345],[22.933,38.202],[23.149,38.176],[23.122,38.073],[22.893,38.051],[22.8,37.981],[22.556,38.113],[22.244,38.189],[21.953,38.321],[21.825,38.328],[21.658,38.175],[21.404,38.197],[21.308,38.027],[21.145,37.919],[21.138,37.854],[21.288,37.775],[21.329,37.669],[21.571,37.541],[21.679,37.387],[21.692,37.309],[21.579,37.2],[21.583,37.081],[21.738,36.863],[21.892,36.737],[21.934,36.804],[21.956,36.99],[22.08,37.029],[22.165,36.903],[22.231,36.883],[22.376,36.702],[22.375,36.514],[22.489,36.568],[22.608,36.78],[22.78,36.786],[22.832,36.687],[22.983,36.528],[23.112,36.548],[23.041,36.645],[23.074,36.775],[22.995,37.016],[22.851,37.291],[22.765,37.393],[22.725,37.542],[22.775,37.585],[23.096,37.441],[23.162,37.334],[23.489,37.44],[23.348,37.598],[23.198,37.62],[23.147,37.795],[23.036,37.878],[23.194,37.959],[23.58,38.011],[23.877,37.778],[23.972,37.677],[24.055,37.71],[24.025,38.14],[23.967,38.275],[23.684,38.352],[23.57,38.489],[23.369,38.526],[23.253,38.661],[23.138,38.668],[23.02,38.742],[22.774,38.8],[22.803,38.902],[22.93,38.948],[22.966,39.031],[22.839,39.259],[22.993,39.331],[23.162,39.258],[23.119,39.133],[23.218,39.104],[23.328,39.175],[23.288,39.289],[23.103,39.492],[22.919,39.629],[22.836,39.801],[22.592,40.037],[22.569,40.119],[22.643,40.367],[22.629,40.496],[22.811,40.579],[22.896,40.4],[23.312,40.216],[23.328,40.09],[23.396,39.99],[23.627,39.924],[23.674,39.959],[23.467,40.074],[23.386,40.222],[23.426,40.264],[23.665,40.224],[23.835,40.022],[24.001,40.025],[23.967,40.115],[23.721,40.286],[23.867,40.419],[23.879,40.544],[23.743,40.677],[23.763,40.748],[24.082,40.724],[24.234,40.786],[24.384,40.913],[24.557,40.936],[24.793,40.858],[25.104,40.995],[25.25,40.933],[25.856,40.844],[26.039,40.727],[26.109,40.75],[26.331,40.954],[26.331,41.239],[26.625,41.402],[26.581,41.601],[26.321,41.717]]]]},"properties":{"id":"GRC"}},
{"type":"Feature","geometry":{"type":"Polygon","coordinates":[[[-0.069,11.116],[-0.299,11.167],[-0.346,11.088],[-0.43,11.093],[-0.492,11.008],[-0.649,10.927],[-0.701,10.989],[-0.903,10.985],[-1.042,11.01],[-1.233,10.997],[-1.537,11.023],[-1.6,10.998],[-2.752,10.986],[-2.83,10.998],[-2.907,10.728],[-2.915,10.592],[-2.787,10.402],[-2.783,10.083],[-2.751,9.91],[-2.766,9.658],[-2.696,9.481],[-2.674,9.283],[-2.747,9.11],[-2.649,8.957],[-2.6,8.8],[-2.506,8.209],[-2.612,8.148],[-2.613,8.047],[-2.79,7.932],[-2.896,7.685],[-2.959,7.455],[-2.986,7.205],[-3.169,6.941],[-3.236,6.807],[-3.24,6.536],[-3.201,6.348],[-3.106,6.086],[-2.998,5.711],[-2.962,5.643],[-2.794,5.6],[-2.755,5.433],[-2.795,5.185],[-2.948,5.119],[-3.019,5.131],[-3.087,5.128],[-3.114,5.089],[-2.965,5.046],[-2.723,5.014],[-2.399,4.929],[-2.266,4.874],[-2.09,4.764],[-2.002,4.762],[-1.777,4.88],[-1.638,4.981],[-1.502,5.038],[-1.064,5.183],[-0.798,5.227],[-0.669,5.319],[-0.485,5.394],[-0.349,5.501],[-0.127,5.568],[0.26,5.757],[0.749,5.76],[0.95,5.81],[1.05,5.994],[1.187,6.089],[1.084,6.174],[0.985,6.32],[0.912,6.329],[0.737,6.453],[0.596,6.742],[0.526,6.851],[0.579,7.004],[0.635,7.354],[0.51,7.435],[0.5,7.547],[0.605,7.728],[0.584,8.146],[0.688,8.304],[0.616,8.48],[0.415,8.653],[0.373,8.759],[0.489,8.851],[0.466,9.115],[0.529,9.358],[0.448,9.48],[0.262,9.496],[0.27,9.668],[0.324,9.688],[0.352,9.925],[0.363,10.236],[0.332,10.307],[-0.058,10.631],[-0.09,10.716],[-0.014,10.891],[0.009,11.021],[-0.069,11.116]]]},"properties":{"id":"GHA"}},
{"type":"Feature","geometry":{"type":"MultiPolygon","coordinates":[[[[9.524,47.524],[9.749,47.576],[10.034,47.474],[10.096,47.38],[10.313,47.313],[10.404,47.417],[10.43,47.541],[10.659,47.547],[10.873,47.52],[10.981,47.398],[11.298,47.425],[11.393,47.487],[11.717,47.583],[12.186,47.62],[12.197,47.709],[12.483,47.637],[12.686,47.669],[12.783,47.564],[13.014,47.478],[13.034,47.699],[12.898,47.722],[12.954,47.891],[12.76,48.076],[12.814,48.161],[13.082,48.275],[13.323,48.331],[13.409,48.394],[13.487,48.582],[13.675,48.523],[13.785,48.587],[13.815,48.767],[13.548,48.96],[13.441,48.956],[13.339,49.061],[13.141,49.158],[12.917,49.33],[12.813,49.329],[12.632,49.461],[12.391,49.74],[12.498,49.853],[12.458,49.956],[12.276,50.042],[12.277,50.181],[12.453,50.35],[12.765,50.431],[12.967,50.416],[13.016,50.49],[13.181,50.51],[13.238,50.577],[13.473,50.617],[13.527,50.693],[13.899,50.761],[14.369,50.899],[14.32,51.038],[14.507,51.01],[14.723,50.815],[14.809,50.859],[14.964,51.095],[15.017,51.253],[14.906,51.463],[14.725,51.524],[14.739,51.627],[14.602,51.832],[14.753,52.082],[14.705,52.207],[14.555,52.36],[14.619,52.529],[14.514,52.646],[14.254,52.783],[14.129,52.878],[14.194,52.982],[14.369,53.106],[14.415,53.283],[14.299,53.556],[14.259,53.73],[14.025,53.767],[13.866,53.853],[13.822,54.019],[13.724,54.153],[13.448,54.141],[13.147,54.283],[13.029,54.411],[12.575,54.467],[12.111,54.168],[11.796,54.145],[11.4,53.945],[11.104,54.009],[10.918,53.995],[10.811,54.075],[11.009,54.181],[11.064,54.281],[11.013,54.379],[10.732,54.316],[10.36,54.438],[10.212,54.409],[10.029,54.581],[10.022,54.674],[9.892,54.781],[9.74,54.826],[9.616,54.855],[9.342,54.806],[8.903,54.897],[8.67,54.903],[8.682,54.792],[8.957,54.538],[8.952,54.468],[8.648,54.398],[8.907,54.261],[8.904,54],[8.978,53.926],[8.898,53.836],[8.619,53.875],[8.528,53.781],[8.538,53.557],[8.302,53.584],[8.245,53.445],[8.009,53.691],[7.285,53.681],[7.107,53.557],[7.053,53.376],[7.197,53.282],[7.19,53],[7.013,52.634],[6.748,52.634],[6.692,52.53],[6.749,52.464],[6.968,52.444],[7.035,52.38],[6.977,52.206],[6.749,52.099],[6.802,51.98],[6.742,51.911],[6.356,51.825],[6.167,51.881],[6.008,51.834],[5.949,51.762],[6.193,51.489],[6.193,51.411],[6.076,51.224],[6.13,51.147],[5.895,50.984],[6.048,50.905],[5.994,50.75],[6.236,50.597],[6.203,50.499],[6.341,50.452],[6.364,50.316],[6.175,50.233],[6.117,50.121],[6.138,49.974],[6.256,49.872],[6.487,49.798],[6.344,49.453],[6.458,49.443],[6.735,49.161],[6.891,49.208],[7.022,49.123],[7.2,49.114],[7.451,49.152],[7.611,49.062],[8.001,49.011],[8.135,48.974],[8.14,48.886],[7.838,48.636],[7.706,48.28],[7.584,48.064],[7.593,47.906],[7.529,47.674],[7.616,47.593],[7.927,47.564],[8.198,47.607],[8.415,47.59],[8.403,47.688],[8.51,47.767],[8.618,47.766],[8.881,47.656],[9.183,47.671],[9.524,47.524]]],[[[13.709,54.383],[13.58,54.464],[13.671,54.535],[13.491,54.615],[13.423,54.699],[13.24,54.638],[13.177,54.544],[13.19,54.326],[13.364,54.246],[13.482,54.337],[13.709,54.383]]],[[[14.211,53.95],[13.922,53.997],[13.926,53.879],[14.214,53.871],[14.211,53.95]]]]},"properties":{"id":"DEU"}},
{"type":"Feature","geometry":{"type":"Polygon","coordinates":[[[43.439,41.107],[43.793,41.131],[44.227,41.213],[44.473,41.191],[44.841,41.211],[45.001,41.291],[45.281,41.45],[45.716,41.338],[45.793,41.224],[46.031,41.167],[46.171,41.198],[46.458,41.07],[46.626,41.16],[46.673,41.287],[46.619,41.344],[46.305,41.508],[46.182,41.657],[46.43,41.891],[46.213,41.99],[45.954,42.035],[45.639,42.205],[45.728,42.475],[45.563,42.536],[45.344,42.53],[45.208,42.648],[44.871,42.756],[44.771,42.617],[44.644,42.735],[44.506,42.749],[44.329,42.704],[43.957,42.567],[43.738,42.617],[43.783,42.747],[43.558,42.844],[43.089,42.989],[42.992,43.092],[42.761,43.17],[42.566,43.155],[42.419,43.224],[42.05,43.19],[41.581,43.219],[41.358,43.333],[41.083,43.374],[40.648,43.534],[40.519,43.512],[40.15,43.57],[39.978,43.42],[40.524,43.121],[40.837,43.063],[41.062,42.931],[41.129,42.828],[41.419,42.738],[41.489,42.659],[41.663,42.147],[41.763,41.97],[41.759,41.817],[41.702,41.705],[41.51,41.517],[41.824,41.432],[41.926,41.496],[42.211,41.487],[42.466,41.44],[42.567,41.559],[42.788,41.564],[43.149,41.307],[43.205,41.199],[43.359,41.19],[43.439,41.107]]]},"properties":{"id":"GEO"}},
{"type":"Feature","geometry":{"type":"Polygon","coordinates":[[[-16.562,13.587],[-16.53,13.458],[-16.441,13.353],[-16.352,13.343],[-16.135,13.448],[-16.185,13.283],[-16.413,13.27],[-16.556,13.303],[-16.669,13.475],[-16.825,13.341],[-16.763,13.064],[-16.649,13.154],[-15.834,13.156],[-15.814,13.325],[-15.657,13.356],[-15.286,13.396],[-15.151,13.556],[-14.672,13.352],[-14.439,13.269],[-14.247,13.236],[-13.848,13.335],[-13.853,13.479],[-13.977,13.543],[-14.147,13.536],[-14.326,13.489],[-14.405,13.504],[-14.571,13.616],[-14.766,13.669],[-14.936,13.785],[-15.108,13.812],[-15.27,13.789],[-15.427,13.727],[-15.51,13.586],[-16.309,13.597],[-16.562,13.587]]]},"properties":{"id":"GMB"}},
{"type":"Feature","geometry":{"type":"Polygon","coordinates":[[[13.294,2.162],[13.22,2.256],[12.867,2.247],[12.666,2.257],[12.361,2.296],[11.94,2.285],[11.348,2.3],[11.329,2.167],[11.335,1],[10.029,1.004],[9.907,0.96],[9.804,0.999],[9.761,1.075],[9.591,1.032],[9.575,0.991],[9.626,0.779],[9.618,0.577],[9.495,0.665],[9.33,0.611],[9.47,0.362],[9.546,0.296],[9.777,0.192],[9.738,0.085],[9.411,0.2],[9.302,0.289],[9.339,-0.058],[9.297,-0.351],[9.137,-0.573],[8.946,-0.689],[8.821,-0.708],[8.844,-0.914],[8.877,-0.946],[9.065,-1.298],[9.204,-1.382],[9.297,-1.361],[9.28,-1.482],[9.331,-1.535],[9.448,-1.509],[9.523,-1.598],[9.319,-1.632],[9.158,-1.528],[9.258,-1.726],[9.266,-1.825],[9.342,-1.894],[9.402,-2.028],[9.533,-2.164],[9.625,-2.367],[9.676,-2.416],[9.861,-2.443],[10.062,-2.55],[10.002,-2.588],[9.764,-2.474],[9.759,-2.519],[10.006,-2.748],[10.348,-3.013],[10.585,-3.278],[10.641,-3.398],[10.849,-3.561],[10.947,-3.662],[11.032,-3.826],[11.13,-3.916],[11.19,-3.762],[11.288,-3.641],[11.504,-3.52],[11.686,-3.682],[11.849,-3.697],[11.885,-3.625],[11.833,-3.531],[11.934,-3.319],[11.715,-3.177],[11.689,-3.127],[11.76,-2.983],[11.639,-2.855],[11.538,-2.837],[11.603,-2.595],[11.575,-2.397],[11.605,-2.343],[11.727,-2.395],[11.95,-2.345],[12.064,-2.413],[12.446,-2.33],[12.479,-2.112],[12.432,-1.929],[12.59,-1.827],[12.794,-1.932],[12.992,-2.313],[13.159,-2.369],[13.357,-2.405],[13.465,-2.395],[13.619,-2.279],[13.734,-2.138],[13.784,-2.164],[13.888,-2.375],[13.887,-2.465],[14.087,-2.467],[14.2,-2.354],[14.163,-2.218],[14.202,-2.18],[14.251,-2.001],[14.384,-1.89],[14.423,-1.712],[14.403,-1.593],[14.456,-1.413],[14.411,-0.972],[14.481,-0.618],[14.364,-0.469],[14.207,-0.427],[14.069,-0.27],[13.898,-0.243],[13.86,-0.203],[13.891,0.075],[13.885,0.191],[13.95,0.354],[14.088,0.537],[14.231,0.551],[14.324,0.624],[14.434,0.811],[14.386,1.004],[14.303,1.121],[14.24,1.323],[14.181,1.37],[13.851,1.419],[13.274,1.241],[13.163,1.648],[13.209,1.92],[13.294,2.162]]]},"properties":{"id":"GAB"}},
{"type":"Feature","geometry":{"type":"MultiPolygon","coordinates":[[[[9.48,42.805],[9.463,42.981],[9.331,42.944],[9.338,42.767],[9.288,42.695],[9.138,42.733],[9.044,42.662],[8.815,42.608],[8.713,42.55],[8.566,42.219],[8.701,42.096],[8.615,41.959],[8.74,41.925],[8.718,41.761],[8.887,41.701],[8.808,41.588],[8.895,41.516],[9.186,41.385],[9.253,41.46],[9.395,41.731],[9.401,41.926],[9.551,42.13],[9.526,42.553],[9.454,42.659],[9.48,42.805]]],[[[7.616,47.593],[7.529,47.674],[7.593,47.906],[7.584,48.064],[7.706,48.28],[7.838,48.636],[8.14,48.886],[8.135,48.974],[8.001,49.011],[7.611,49.062],[7.451,49.152],[7.2,49.114],[7.022,49.123],[6.891,49.208],[6.735,49.161],[6.458,49.443],[6.344,49.453],[6.242,49.494],[5.959,49.455],[5.79,49.538],[5.507,49.511],[5.279,49.678],[5.007,49.778],[4.868,49.788],[4.79,49.96],[4.861,50.136],[4.707,50.097],[4.656,50.002],[4.369,49.945],[4.176,49.96],[4.175,50.246],[4.044,50.321],[3.748,50.344],[3.627,50.457],[3.273,50.532],[3.235,50.663],[3.107,50.779],[2.84,50.712],[2.597,50.876],[2.525,51.097],[2.446,51.067],[1.913,50.991],[1.672,50.885],[1.579,50.739],[1.552,50.294],[1.407,50.089],[1.246,49.998],[0.924,49.91],[0.616,49.863],[0.187,49.703],[0.109,49.558],[0.278,49.463],[-0.011,49.33],[-0.163,49.297],[-0.521,49.355],[-1.139,49.388],[-1.232,49.495],[-1.259,49.68],[-1.366,49.707],[-1.588,49.668],[-1.856,49.684],[-1.87,49.595],[-1.69,49.313],[-1.583,49.202],[-1.565,48.806],[-1.438,48.641],[-1.825,48.631],[-1.906,48.697],[-2.079,48.645],[-2.446,48.648],[-2.692,48.537],[-3.003,48.791],[-3.231,48.841],[-3.471,48.813],[-3.715,48.71],[-4.059,48.708],[-4.531,48.62],[-4.721,48.54],[-4.719,48.363],[-4.393,48.368],[-4.512,48.23],[-4.378,48.129],[-4.629,48.086],[-4.679,48.04],[-4.428,47.969],[-4.312,47.823],[-3.901,47.838],[-3.508,47.753],[-3.444,47.711],[-3.159,47.695],[-2.964,47.601],[-2.787,47.626],[-2.77,47.514],[-2.554,47.527],[-2.428,47.471],[-2.53,47.382],[-2.503,47.312],[-2.108,47.263],[-2.197,47.163],[-2.019,47.038],[-2.09,46.921],[-2.059,46.81],[-1.787,46.515],[-1.392,46.35],[-1.146,46.311],[-1.104,45.925],[-1.066,45.806],[-1.21,45.771],[-1.17,45.686],[-0.881,45.538],[-0.826,45.381],[-1.081,45.532],[-1.189,45.161],[-1.246,44.56],[-1.346,44.02],[-1.485,43.564],[-1.631,43.438],[-1.794,43.407],[-1.753,43.325],[-1.411,43.24],[-1.429,43.037],[-1.285,43.06],[-0.934,42.95],[-0.763,42.94],[-0.586,42.799],[-0.299,42.825],[-0.041,42.689],[0.201,42.719],[0.255,42.693],[0.632,42.69],[0.697,42.845],[1.349,42.691],[1.428,42.596],[1.501,42.643],[1.71,42.604],[1.706,42.503],[1.928,42.426],[2.033,42.354],[2.2,42.421],[2.568,42.346],[2.67,42.393],[2.97,42.467],[3.211,42.431],[3.091,42.591],[3.052,42.915],[3.259,43.193],[3.785,43.462],[3.911,43.563],[4.053,43.593],[4.163,43.504],[4.629,43.387],[4.789,43.379],[5.06,43.445],[5.12,43.349],[5.32,43.345],[5.407,43.229],[5.672,43.178],[5.809,43.098],[6.116,43.072],[6.305,43.139],[6.494,43.169],[6.657,43.262],[6.717,43.374],[6.865,43.438],[7.181,43.659],[7.378,43.732],[7.414,43.771],[7.439,43.75],[7.493,43.767],[7.482,43.865],[7.651,44.034],[7.637,44.165],[7.371,44.127],[6.967,44.28],[6.9,44.336],[6.843,44.511],[6.96,44.677],[7.031,44.717],[6.993,44.827],[6.738,44.921],[6.628,45.118],[6.842,45.136],[7.078,45.24],[7.153,45.401],[7.014,45.5],[6.804,45.815],[7.021,45.926],[6.772,46.165],[6.817,46.275],[6.758,46.416],[6.429,46.431],[6.235,46.333],[6.273,46.252],[6.087,46.147],[5.97,46.215],[6.096,46.279],[6.06,46.428],[6.161,46.611],[6.41,46.755],[6.456,46.948],[6.625,47.004],[7.001,47.323],[6.9,47.394],[7.053,47.489],[7.203,47.433],[7.42,47.455],[7.495,47.547],[7.616,47.593]]],[[[45.18,-12.977],[45.223,-12.752],[45.135,-12.709],[45.069,-12.896],[45.18,-12.977]]],[[[55.797,-21.339],[55.839,-21.139],[55.662,-20.906],[55.45,-20.865],[55.311,-20.904],[55.233,-21.058],[55.363,-21.274],[55.558,-21.358],[55.797,-21.339]]],[[[-60.826,14.494],[-60.919,14.735],[-61.127,14.875],[-61.22,14.804],[-61.141,14.652],[-61.011,14.602],[-61.09,14.53],[-61.064,14.467],[-60.826,14.494]]],[[[-61.327,16.23],[-61.173,16.256],[-61.355,16.363],[-61.406,16.468],[-61.529,16.434],[-61.501,16.36],[-61.522,16.228],[-61.327,16.23]]],[[[-61.59,16.007],[-61.564,16.048],[-61.552,16.271],[-61.748,16.355],[-61.794,16.301],[-61.759,16.062],[-61.67,15.962],[-61.59,16.007]]],[[[-54.616,2.327],[-54.515,2.245],[-54.293,2.154],[-54.13,2.121],[-53.768,2.355],[-53.735,2.309],[-53.509,2.253],[-53.334,2.34],[-53.23,2.205],[-52.965,2.184],[-52.87,2.267],[-52.701,2.364],[-52.559,2.573],[-52.555,2.648],[-52.357,3.052],[-52.328,3.182],[-52.163,3.365],[-52,3.647],[-51.991,3.702],[-51.827,3.87],[-51.767,3.993],[-51.653,4.061],[-51.666,4.229],[-51.786,4.571],[-51.88,4.634],[-51.92,4.524],[-52.058,4.717],[-52.291,4.942],[-52.454,5.021],[-52.765,5.273],[-52.899,5.425],[-53.27,5.543],[-53.454,5.563],[-53.847,5.782],[-53.92,5.769],[-53.99,5.676],[-54.085,5.412],[-54.156,5.359],[-54.332,5.187],[-54.452,5.013],[-54.471,4.749],[-54.426,4.583],[-54.45,4.485],[-54.396,4.241],[-54.342,4.14],[-54.351,4.054],[-54.256,3.901],[-54.113,3.769],[-53.99,3.59],[-54.01,3.449],[-54.203,3.138],[-54.171,2.994],[-54.196,2.818],[-54.402,2.462],[-54.536,2.343],[-54.616,2.327]]]]},"properties":{"id":"FRA"}},
{"type":"Feature","geometry":{"type":"Polygon","coordinates":[[[-56.267,46.838],[-56.315,46.954],[-56.287,47.071],[-56.387,47.068],[-56.267,46.838]]]},"properties":{"id":"SPM"}},
{"type":"Feature","geometry":{"type":"Polygon","coordinates":[[[-178.047,-14.318],[-178.142,-14.243],[-178.159,-14.312],[-178.047,-14.318]]]},"properties":{"id":"WLF"}},
{"type":"Feature","geometry":{"type":"Polygon","coordinates":[[[-63.011,18.069],[-63.063,18.115],[-63.123,18.069],[-63.011,18.069]]]},"properties":{"id":"MAF"}},
{"type":"Feature","geometry":{"type":"Polygon","coordinates":[[[-62.832,17.876],[-62.8,17.909],[-62.865,17.918],[-62.832,17.876]]]},"properties":{"id":"BLM"}},
{"type":"Feature","geometry":{"type":"MultiPolygon","coordinates":[[[[-149.322,-17.69],[-149.379,-17.522],[-149.508,-17.496],[-149.611,-17.532],[-149.633,-17.618],[-149.579,-17.735],[-149.341,-17.732],[-149.29,-17.822],[-149.182,-17.862],[-149.178,-17.737],[-149.322,-17.69]]],[[[-139.024,-9.695],[-139.166,-9.77],[-139.134,-9.829],[-138.875,-9.793],[-138.874,-9.747],[-139.024,-9.695]]],[[[-140.073,-8.91],[-140.058,-8.801],[-140.224,-8.782],[-140.217,-8.93],[-140.073,-8.91]]]]},"properties":{"id":"PYF"}},
{"type":"Feature","geometry":{"type":"MultiPolygon","coordinates":[[[[164.202,-20.246],[164.06,-20.142],[164.037,-20.234],[164.158,-20.348],[164.17,-20.48],[164.313,-20.633],[164.455,-20.829],[164.656,-20.992],[164.927,-21.29],[165.01,-21.327],[165.242,-21.525],[165.744,-21.777],[165.823,-21.854],[166.096,-21.957],[166.177,-22.089],[166.571,-22.266],[166.774,-22.376],[166.97,-22.323],[167.004,-22.262],[166.942,-22.09],[166.69,-21.953],[166.303,-21.637],[166.058,-21.484],[165.95,-21.442],[165.775,-21.312],[165.663,-21.267],[165.447,-21.081],[165.381,-20.936],[165.192,-20.769],[164.976,-20.681],[164.588,-20.381],[164.436,-20.282],[164.315,-20.309],[164.202,-20.246]]],[[[168.011,-21.43],[167.985,-21.37],[167.815,-21.393],[167.876,-21.582],[168.006,-21.643],[168.121,-21.616],[168.139,-21.445],[168.011,-21.43]]],[[[167.401,-21.161],[167.431,-21.055],[167.293,-20.892],[167.298,-20.733],[167.204,-20.674],[167.056,-20.72],[167.189,-20.804],[167.112,-20.904],[167.033,-20.923],[167.134,-21.061],[167.401,-21.161]]]]},"properties":{"id":"NCL"}},
{"type":"Feature","geometry":{"type":"MultiPolygon","coordinates":[[[[69.185,-49.11],[69.033,-49.018],[69.136,-48.861],[69.057,-48.656],[68.959,-48.694],[68.832,-48.849],[68.77,-49.066],[68.817,-49.135],[68.818,-49.354],[68.872,-49.444],[68.783,-49.651],[68.993,-49.705],[69.086,-49.653],[69.153,-49.53],[69.353,-49.563],[69.613,-49.651],[69.747,-49.602],[69.919,-49.689],[70.075,-49.709],[70.307,-49.583],[70.248,-49.531],[70.073,-49.518],[70.063,-49.589],[69.856,-49.544],[69.749,-49.448],[69.916,-49.349],[70.166,-49.343],[70.298,-49.425],[70.485,-49.328],[70.555,-49.201],[70.484,-49.084],[70.32,-49.059],[70.208,-49.135],[70.061,-49.136],[69.854,-49.222],[69.542,-49.256],[69.405,-49.182],[69.572,-49.129],[69.535,-48.974],[69.314,-49.106],[69.185,-49.11]]],[[[69.282,-49.059],[69.395,-48.951],[69.369,-48.89],[69.15,-48.919],[69.282,-49.059]]]]},"properties":{"id":"ATF"}},
{"type":"Feature","geometry":{"type":"Polygon","coordinates":[[[19.99,60.351],[19.888,60.406],[19.687,60.268],[19.746,60.099],[20.034,60.094],[20.043,60.181],[20.259,60.261],[19.99,60.351]]]},"properties":{"id":"ALA"}},
{"type":"Feature","geometry":{"type":"MultiPolygon","coordinates":[[[[24.155,65.805],[24.582,65.757],[25.242,65.546],[25.348,65.479],[25.256,65.143],[25.373,65.009],[25.228,64.951],[25.288,64.86],[24.942,64.884],[24.558,64.801],[24.278,64.515],[24.022,64.386],[23.925,64.274],[23.249,63.896],[23.014,63.822],[22.756,63.683],[22.532,63.648],[22.528,63.58],[22.243,63.438],[22.32,63.31],[22.12,63.244],[21.545,63.204],[21.651,63.039],[21.196,62.791],[21.104,62.623],[21.166,62.414],[21.323,62.343],[21.354,62.224],[21.256,61.99],[21.385,61.915],[21.606,61.592],[21.498,61.552],[21.521,61.411],[21.479,61.171],[21.361,60.967],[21.436,60.596],[21.613,60.531],[21.805,60.594],[21.934,60.5],[22.258,60.401],[22.576,60.359],[22.47,60.201],[22.463,60.029],[22.793,60.077],[22.844,60.187],[23.198,60.022],[23.116,59.913],[23.181,59.845],[23.464,59.986],[23.722,59.966],[24.343,60.042],[24.6,60.114],[25.156,60.194],[25.656,60.333],[25.715,60.267],[26.205,60.407],[26.535,60.413],[26.951,60.471],[27.242,60.539],[27.462,60.465],[27.798,60.536],[28.407,60.897],[29.252,61.288],[29.69,61.546],[30.566,62.128],[30.936,62.324],[31.286,62.568],[31.534,62.885],[31.509,62.955],[31.181,63.208],[30.419,63.504],[30.055,63.689],[30.504,64.021],[30.488,64.237],[30.108,64.366],[29.986,64.558],[30.12,64.645],[30.073,64.765],[29.783,64.804],[29.604,64.968],[29.811,65.108],[29.811,65.205],[29.63,65.224],[29.728,65.473],[29.819,65.569],[29.716,65.625],[30.095,65.682],[30.088,65.787],[29.903,66.091],[29.671,66.276],[29.464,66.532],[29.093,66.849],[29.087,66.971],[29.572,67.324],[29.941,67.547],[29.979,67.689],[29.822,67.754],[29.344,68.062],[28.685,68.19],[28.471,68.488],[28.752,68.771],[28.566,68.928],[28.966,69.022],[28.846,69.177],[29.333,69.473],[29.142,69.671],[28.412,69.823],[27.89,70.062],[27.592,70.042],[27.109,69.905],[26.525,69.915],[26.012,69.653],[25.749,69.231],[25.748,68.99],[25.575,68.887],[25.357,68.862],[25.173,68.765],[25.087,68.64],[24.941,68.593],[23.854,68.806],[23.707,68.714],[23.324,68.649],[22.411,68.72],[22.3,68.856],[21.622,69.271],[21.267,69.274],[21.053,69.187],[21.128,69.081],[20.622,69.037],[20.895,68.98],[20.919,68.907],[21.183,68.829],[21.465,68.691],[21.997,68.521],[22.782,68.391],[23.098,68.258],[23.639,67.954],[23.502,67.875],[23.537,67.59],[23.468,67.45],[23.734,67.423],[23.775,67.329],[23.623,67.184],[23.677,67.068],[23.989,66.811],[23.866,66.577],[23.701,66.481],[23.674,66.381],[23.751,66.191],[23.907,66.148],[24.155,65.805]]],[[[22.175,60.371],[22.077,60.286],[22.258,60.166],[22.355,60.356],[22.175,60.371]]]]},"properties":{"id":"FIN"}},
{"type":"Feature","geometry":{"type":"MultiPolygon","coordinates":[[[[179.999,-16.169],[180,-16.153],[179.848,-16.214],[179.715,-16.208],[179.552,-16.25],[179.359,-16.38],[179.091,-16.437],[178.866,-16.54],[178.805,-16.631],[178.686,-16.666],[178.584,-16.622],[178.497,-16.788],[178.604,-16.801],[178.707,-16.976],[178.884,-16.886],[179.007,-16.9],[179.055,-16.814],[179.202,-16.713],[179.323,-16.718],[179.419,-16.807],[179.715,-16.744],[179.928,-16.744],[179.89,-16.667],[179.93,-16.519],[179.841,-16.537],[179.568,-16.747],[179.564,-16.637],[179.619,-16.528],[179.748,-16.446],[179.848,-16.302],[179.999,-16.169]]],[[[178.28,-17.372],[178.188,-17.313],[177.94,-17.395],[177.818,-17.388],[177.618,-17.461],[177.401,-17.632],[177.423,-17.737],[177.264,-17.863],[177.263,-17.969],[177.321,-18.078],[177.457,-18.148],[177.636,-18.181],[177.847,-18.255],[178.16,-18.25],[178.332,-18.135],[178.597,-18.109],[178.668,-18.081],[178.575,-17.749],[178.592,-17.651],[178.411,-17.523],[178.28,-17.372]]],[[[-179.975,-16.925],[-179.868,-16.85],[-179.822,-16.765],[-179.861,-16.688],[-180,-16.786],[-180,-16.824],[-180,-16.908],[-180,-16.963],[-179.975,-16.925]]],[[[178.488,-18.974],[178.334,-18.934],[178.359,-19.046],[178.488,-18.974]]]]},"properties":{"id":"FJI"}},
{"type":"Feature","geometry":{"type":"Polygon","coordinates":[[[35.268,5.492],[35.325,5.365],[35.469,5.419],[35.745,5.344],[35.8,5.157],[35.756,4.95],[35.763,4.808],[35.92,4.62],[35.979,4.504],[36.082,4.45],[36.824,4.43],[36.906,4.411],[37.383,4.111],[38.086,3.649],[38.225,3.619],[38.608,3.6],[38.753,3.559],[39.225,3.479],[39.494,3.456],[39.658,3.578],[39.842,3.851],[40.014,3.948],[40.529,4.178],[40.765,4.273],[41.087,3.992],[41.221,3.944],[41.738,3.979],[41.884,3.978],[42.024,4.138],[42.228,4.202],[42.355,4.212],[42.792,4.292],[42.895,4.361],[43.016,4.563],[43.126,4.644],[43.538,4.84],[43.889,4.931],[44.028,4.951],[44.912,4.9],[44.941,4.912],[45.438,5.455],[45.935,5.997],[46.423,6.497],[46.971,7.026],[47.453,7.49],[47.978,7.997],[46.978,7.997],[46.92,8.026],[46.296,8.235],[45.555,8.483],[44.894,8.7],[44.023,8.986],[43.621,9.337],[43.483,9.379],[43.303,9.609],[43.182,9.88],[43.069,9.926],[42.913,10.141],[42.842,10.203],[42.784,10.37],[42.66,10.621],[42.923,10.999],[42.783,11.009],[42.655,11.078],[42.558,11.081],[42.308,11.005],[41.957,10.941],[41.798,10.98],[41.765,11.413],[41.767,11.589],[41.816,11.724],[41.996,11.912],[42.379,12.466],[42.134,12.771],[41.952,12.882],[41.765,13.184],[41.625,13.313],[41.363,13.5],[41.122,13.736],[40.939,13.983],[40.77,14.144],[40.524,14.225],[40.221,14.431],[40.062,14.459],[39.895,14.441],[39.756,14.499],[39.532,14.537],[39.27,14.47],[39.198,14.479],[39.074,14.628],[38.812,14.482],[38.504,14.424],[38.377,14.47],[38.221,14.65],[38.003,14.737],[37.884,14.852],[37.571,14.149],[37.507,14.156],[37.354,14.372],[37.257,14.454],[37.133,14.406],[37.025,14.272],[36.812,14.315],[36.679,14.308],[36.524,14.257],[36.444,13.988],[36.447,13.842],[36.391,13.626],[36.212,13.271],[36.16,13.093],[36.135,12.805],[36.108,12.726],[35.821,12.685],[35.67,12.624],[35.596,12.537],[35.252,11.957],[35.112,11.817],[34.961,11.277],[34.969,11.162],[34.925,10.962],[34.931,10.865],[34.771,10.746],[34.572,10.88],[34.431,10.788],[34.276,10.528],[34.315,10.252],[34.292,10.125],[34.185,9.919],[34.12,9.73],[34.078,9.462],[34.102,8.752],[34.095,8.582],[33.953,8.444],[33.785,8.431],[33.409,8.448],[33.234,8.396],[33.013,7.952],[33.015,7.869],[33.226,7.761],[33.666,7.671],[33.902,7.51],[34.02,7.368],[34.064,7.226],[34.279,7.003],[34.484,6.898],[34.563,6.78],[34.711,6.66],[34.838,6.3],[34.959,6.045],[34.984,5.858],[35.082,5.673],[35.268,5.492]]]},"properties":{"id":"ETH"}},
{"type":"Feature","geometry":{"type":"MultiPolygon","coordinates":[[[[28.013,59.484],[27.893,59.414],[27.336,59.45],[26.975,59.451],[26.625,59.554],[26.461,59.554],[25.794,59.635],[25.509,59.639],[25.444,59.521],[24.878,59.522],[24.584,59.456],[24.38,59.473],[24.083,59.292],[23.783,59.275],[23.494,59.196],[23.515,58.999],[23.432,58.921],[23.534,58.782],[23.509,58.659],[23.692,58.506],[23.768,58.361],[24.115,58.266],[24.337,58.381],[24.529,58.354],[24.464,58.106],[24.323,57.871],[25.111,58.063],[25.34,58.039],[25.794,57.869],[25.991,57.838],[26.298,57.601],[26.533,57.531],[26.9,57.609],[27.352,57.528],[27.4,57.667],[27.542,57.799],[27.753,57.841],[27.488,58.27],[27.531,58.435],[27.427,58.733],[27.464,58.841],[27.758,59.052],[27.898,59.278],[28.151,59.374],[28.013,59.484]]],[[[22.617,58.621],[22.328,58.581],[22.267,58.508],[22.081,58.478],[21.882,58.262],[22.153,58.115],[21.986,57.995],[22.152,57.967],[22.269,58.161],[22.498,58.236],[22.757,58.261],[23.127,58.436],[23.293,58.483],[22.964,58.606],[22.617,58.621]]],[[[22.924,58.827],[22.91,58.991],[22.587,59.081],[22.411,58.863],[22.542,58.69],[22.661,58.709],[22.767,58.821],[22.924,58.827]]],[[[23.344,58.55],[23.333,58.649],[23.165,58.678],[23.063,58.611],[23.344,58.55]]]]},"properties":{"id":"EST"}},
{"type":"Feature","geometry":{"type":"MultiPolygon","coordinates":[[[[36.524,14.257],[36.679,14.308],[36.812,14.315],[37.025,14.272],[37.133,14.406],[37.257,14.454],[37.354,14.372],[37.507,14.156],[37.571,14.149],[37.884,14.852],[38.003,14.737],[38.221,14.65],[38.377,14.47],[38.504,14.424],[38.812,14.482],[39.074,14.628],[39.198,14.479],[39.27,14.47],[39.532,14.537],[39.756,14.499],[39.895,14.441],[40.062,14.459],[40.221,14.431],[40.524,14.225],[40.77,14.144],[40.939,13.983],[41.122,13.736],[41.363,13.5],[41.625,13.313],[41.765,13.184],[41.952,12.882],[42.134,12.771],[42.379,12.466],[42.479,12.514],[42.67,12.377],[42.767,12.423],[42.825,12.569],[42.883,12.621],[43.117,12.709],[43.083,12.825],[42.97,12.808],[42.796,12.864],[42.734,13.019],[42.523,13.221],[42.399,13.213],[42.346,13.398],[42.245,13.588],[41.658,13.983],[41.48,14.244],[41.176,14.62],[40.799,14.743],[40.634,14.883],[40.437,14.964],[40.204,15.014],[40.084,15.152],[40.041,15.335],[39.864,15.47],[39.79,15.319],[39.819,15.201],[39.721,15.214],[39.631,15.453],[39.507,15.532],[39.422,15.787],[39.299,15.921],[39.223,16.194],[39.143,16.729],[39.034,17.086],[38.912,17.427],[38.609,18.005],[38.422,17.824],[38.374,17.717],[38.254,17.585],[38.099,17.526],[38.025,17.538],[37.782,17.458],[37.51,17.288],[37.411,17.062],[37.17,17.041],[37.009,17.059],[36.979,16.801],[36.888,16.625],[36.914,16.296],[36.813,15.994],[36.679,15.726],[36.522,15.25],[36.427,15.132],[36.524,14.257]]],[[[40.141,15.696],[40.132,15.795],[40.043,15.875],[39.945,15.789],[40.071,15.677],[40.095,15.591],[40.399,15.58],[40.408,15.629],[40.25,15.703],[40.141,15.696]]]]},"properties":{"id":"ERI"}},
{"type":"Feature","geometry":{"type":"MultiPolygon","coordinates":[[[[8.736,3.758],[8.676,3.736],[8.577,3.482],[8.465,3.451],[8.434,3.332],[8.475,3.265],[8.704,3.224],[8.792,3.4],[8.946,3.628],[8.91,3.758],[8.736,3.758]]],[[[11.329,2.167],[10.791,2.168],[9.98,2.168],[9.87,2.213],[9.801,2.304],[9.78,2.068],[9.807,1.927],[9.719,1.789],[9.632,1.566],[9.494,1.435],[9.386,1.139],[9.51,1.115],[9.591,1.032],[9.761,1.075],[9.804,0.999],[9.907,0.96],[10.029,1.004],[11.335,1],[11.329,2.167]]]]},"properties":{"id":"GNQ"}},
{"type":"Feature","geometry":{"type":"Polygon","coordinates":[[[-89.363,14.416],[-89.541,14.41],[-89.577,14.347],[-89.547,14.241],[-89.671,14.183],[-89.749,14.077],[-89.873,14.046],[-90.105,13.835],[-90.095,13.737],[-89.97,13.683],[-89.804,13.56],[-89.278,13.478],[-88.867,13.283],[-88.512,13.184],[-88.417,13.214],[-88.181,13.164],[-87.931,13.181],[-87.821,13.285],[-87.814,13.399],[-87.715,13.813],[-87.802,13.89],[-87.991,13.88],[-88.151,13.987],[-88.449,13.851],[-88.513,13.979],[-88.666,14.016],[-88.846,14.125],[-89.057,14.329],[-89.363,14.416]]]},"properties":{"id":"SLV"}},
{"type":"Feature","geometry":{"type":"Polygon","coordinates":[[[36.871,21.997],[36.83,22.098],[36.415,22.394],[36.23,22.629],[35.913,22.74],[35.698,22.946],[35.564,23.271],[35.523,23.443],[35.504,23.779],[35.541,23.921],[35.632,23.95],[35.625,24.066],[35.478,24.155],[35.397,24.27],[35.194,24.475],[34.853,25.14],[34.679,25.443],[34.565,25.691],[34.329,26.024],[34.05,26.551],[33.959,26.649],[33.893,27.049],[33.802,27.268],[33.697,27.341],[33.55,27.607],[33.547,27.898],[33.202,28.208],[33.023,28.442],[32.898,28.565],[32.784,28.787],[32.632,28.992],[32.638,29.182],[32.565,29.386],[32.397,29.534],[32.36,29.631],[32.489,29.852],[32.473,29.925],[32.566,29.974],[32.647,29.798],[32.721,29.522],[32.871,29.286],[33.076,29.073],[33.204,28.778],[33.248,28.568],[33.416,28.39],[33.594,28.256],[33.76,28.048],[34.045,27.829],[34.22,27.764],[34.4,28.016],[34.446,28.357],[34.617,28.758],[34.736,29.271],[34.904,29.477],[34.659,30.191],[34.53,30.446],[34.49,30.596],[34.245,31.208],[34.198,31.323],[33.903,31.181],[33.667,31.13],[33.378,31.131],[33.194,31.085],[33.13,31.168],[32.902,31.111],[32.603,31.069],[32.324,31.256],[32.207,31.119],[32.102,31.093],[32.008,31.221],[31.771,31.293],[31.876,31.414],[31.889,31.541],[31.607,31.456],[31.524,31.458],[31.194,31.588],[31.052,31.592],[31.002,31.463],[30.7,31.404],[30.571,31.473],[30.395,31.458],[30.223,31.258],[30.049,31.265],[29.93,31.227],[29.592,31.012],[29.279,30.867],[29.072,30.83],[28.515,31.05],[27.968,31.097],[27.83,31.195],[27.54,31.213],[27.248,31.378],[26.769,31.47],[26.457,31.512],[25.893,31.621],[25.382,31.513],[25.225,31.534],[25.15,31.655],[24.853,31.335],[24.878,31.061],[24.974,30.777],[24.878,30.458],[24.726,30.251],[24.712,30.132],[24.804,29.886],[24.916,29.376],[24.98,29.182],[24.98,28.733],[24.98,27.61],[24.98,26.936],[24.98,26.038],[24.98,24.691],[24.98,23.568],[24.98,22.67],[24.98,21.996],[26.126,21.996],[27.272,21.996],[28.036,21.995],[28.801,21.995],[29.565,21.995],[30.329,21.995],[31.209,21.995],[31.261,22.002],[31.358,22.189],[31.486,22.148],[31.434,21.996],[32.606,21.996],[33.918,21.996],[34.575,21.996],[35.887,21.997],[36.871,21.997]]]},"properties":{"id":"EGY"}},
{"type":"Feature","geometry":{"type":"MultiPolygon","coordinates":[[[[-75.284,-0.107],[-75.464,-0.038],[-75.617,0.063],[-75.777,0.089],[-75.88,0.151],[-76.068,0.346],[-76.311,0.448],[-76.413,0.379],[-76.427,0.261],[-76.495,0.235],[-76.729,0.272],[-76.768,0.242],[-76.92,0.269],[-77.114,0.355],[-77.293,0.36],[-77.423,0.425],[-77.468,0.637],[-77.649,0.724],[-77.703,0.838],[-77.83,0.825],[-78.037,0.899],[-78.312,1.046],[-78.512,1.199],[-78.682,1.283],[-78.86,1.455],[-78.827,1.296],[-78.9,1.206],[-79.229,1.105],[-79.465,1.06],[-79.613,0.971],[-79.741,0.98],[-79.904,0.86],[-80.036,0.835],[-80.088,0.785],[-80.025,0.41],[-80.046,0.155],[-80.133,-0.006],[-80.321,-0.166],[-80.482,-0.368],[-80.455,-0.585],[-80.554,-0.848],[-80.624,-0.899],[-80.841,-0.975],[-80.902,-1.079],[-80.801,-1.383],[-80.835,-1.632],[-80.763,-1.823],[-80.77,-2.077],[-80.963,-2.189],[-80.839,-2.349],[-80.685,-2.397],[-80.45,-2.626],[-80.285,-2.707],[-80.249,-2.631],[-80.127,-2.528],[-79.926,-2.549],[-79.822,-2.357],[-79.746,-2.485],[-79.73,-2.579],[-79.823,-2.777],[-79.922,-3.09],[-80.027,-3.228],[-80.16,-3.324],[-80.325,-3.388],[-80.274,-3.425],[-80.221,-3.613],[-80.218,-3.788],[-80.179,-3.878],[-80.303,-4.005],[-80.437,-3.979],[-80.51,-4.07],[-80.454,-4.205],[-80.353,-4.208],[-80.488,-4.394],[-80.383,-4.464],[-80.14,-4.296],[-79.797,-4.476],[-79.639,-4.455],[-79.516,-4.539],[-79.502,-4.671],[-79.331,-4.928],[-79.076,-4.991],[-78.975,-4.873],[-78.862,-4.665],[-78.686,-4.562],[-78.653,-4.458],[-78.679,-4.326],[-78.55,-3.987],[-78.42,-3.777],[-78.398,-3.595],[-78.347,-3.431],[-78.226,-3.489],[-78.158,-3.465],[-78.183,-3.35],[-77.938,-3.047],[-77.861,-2.982],[-77.36,-2.81],[-76.679,-2.563],[-76.09,-2.133],[-75.571,-1.531],[-75.42,-0.962],[-75.25,-0.952],[-75.284,-0.707],[-75.263,-0.555],[-75.425,-0.409],[-75.491,-0.248],[-75.476,-0.157],[-75.284,-0.107]]],[[[-80.132,-2.973],[-80.093,-2.846],[-79.909,-2.726],[-80.081,-2.669],[-80.224,-2.753],[-80.273,-2.996],[-80.132,-2.973]]],[[[-90.335,-0.772],[-90.193,-0.659],[-90.185,-0.545],[-90.269,-0.485],[-90.47,-0.517],[-90.532,-0.581],[-90.542,-0.676],[-90.387,-0.773],[-90.335,-0.772]]],[[[-89.419,-0.911],[-89.259,-0.728],[-89.318,-0.68],[-89.423,-0.722],[-89.609,-0.889],[-89.537,-0.952],[-89.419,-0.911]]],[[[-91.426,-0.461],[-91.399,-0.322],[-91.46,-0.256],[-91.647,-0.284],[-91.647,-0.391],[-91.526,-0.478],[-91.426,-0.461]]],[[[-91.272,0.025],[-91.361,0.126],[-91.491,0.105],[-91.597,0.002],[-91.55,-0.047],[-91.429,-0.023],[-91.369,-0.287],[-91.25,-0.374],[-91.145,-0.623],[-91.334,-0.706],[-91.458,-0.8],[-91.484,-0.925],[-91.372,-1.017],[-91.131,-1.02],[-90.906,-0.941],[-90.8,-0.752],[-90.959,-0.595],[-90.976,-0.417],[-91.176,-0.223],[-91.21,-0.039],[-91.272,0.025]]],[[[-90.574,-0.334],[-90.553,-0.278],[-90.668,-0.19],[-90.78,-0.16],[-90.868,-0.271],[-90.809,-0.329],[-90.62,-0.364],[-90.574,-0.334]]]]},"properties":{"id":"ECU"}},
{"type":"Feature","geometry":{"type":"Polygon","coordinates":[[[-71.768,18.039],[-71.674,17.954],[-71.632,17.774],[-71.396,17.646],[-71.106,18.07],[-71.082,18.224],[-71.028,18.273],[-70.759,18.346],[-70.645,18.336],[-70.48,18.217],[-70.183,18.252],[-70.018,18.374],[-69.771,18.444],[-69.519,18.416],[-69.275,18.44],[-69.072,18.399],[-68.935,18.408],[-68.82,18.339],[-68.721,18.218],[-68.659,18.222],[-68.564,18.355],[-68.445,18.418],[-68.359,18.538],[-68.381,18.671],[-68.685,18.905],[-68.901,18.988],[-69.163,19.028],[-69.395,19.086],[-69.624,19.118],[-69.606,19.206],[-69.323,19.201],[-69.232,19.272],[-69.325,19.328],[-69.739,19.299],[-69.823,19.367],[-69.891,19.59],[-69.957,19.672],[-70.129,19.636],[-70.305,19.676],[-70.436,19.771],[-70.636,19.776],[-70.834,19.887],[-70.954,19.914],[-71.236,19.848],[-71.558,19.895],[-71.667,19.849],[-71.779,19.718],[-71.707,19.422],[-71.746,19.286],[-71.647,19.196],[-71.657,19.131],[-71.807,18.987],[-71.734,18.856],[-71.743,18.733],[-71.867,18.614],[-72,18.598],[-71.873,18.416],[-71.762,18.341],[-71.768,18.039]]]},"properties":{"id":"DOM"}},
{"type":"Feature","geometry":{"type":"Polygon","coordinates":[[[-61.282,15.249],[-61.251,15.373],[-61.32,15.585],[-61.458,15.633],[-61.481,15.525],[-61.416,15.4],[-61.375,15.227],[-61.282,15.249]]]},"properties":{"id":"DMA"}},
{"type":"Feature","geometry":{"type":"Polygon","coordinates":[[[43.246,11.5],[43.162,11.566],[42.912,11.587],[42.653,11.51],[42.64,11.56],[42.799,11.739],[43.048,11.829],[43.272,11.97],[43.38,12.091],[43.41,12.19],[43.299,12.464],[43.131,12.66],[43.117,12.709],[42.883,12.621],[42.825,12.569],[42.767,12.423],[42.67,12.377],[42.479,12.514],[42.379,12.466],[41.996,11.912],[41.816,11.724],[41.767,11.589],[41.765,11.413],[41.798,10.98],[41.957,10.941],[42.308,11.005],[42.558,11.081],[42.655,11.078],[42.783,11.009],[42.923,10.999],[43.246,11.5]]]},"properties":{"id":"DJI"}},
{"type":"Feature","geometry":{"type":"MultiPolygon","coordinates":[[[[-29.953,83.565],[-30.703,83.593],[-32.984,83.6],[-33.837,83.53],[-34.668,83.571],[-36.606,83.537],[-37.828,83.486],[-38.748,83.333],[-37.935,83.161],[-38.278,82.999],[-38.931,83.175],[-40.357,83.332],[-41.3,83.101],[-42.26,83.232],[-43.195,83.255],[-44.657,83.129],[-45.415,83.018],[-46.169,83.064],[-46.478,82.952],[-46.137,82.859],[-44.762,82.884],[-44.239,82.857],[-41.434,82.779],[-41.876,82.68],[-42.651,82.741],[-45.067,82.785],[-45.552,82.725],[-44.577,82.543],[-44.239,82.368],[-44.547,82.26],[-44.637,82.104],[-44.532,81.849],[-45.291,81.829],[-46.617,82.097],[-47.357,82.174],[-48.861,82.405],[-50.037,82.472],[-50.99,82.46],[-50.713,82.237],[-50.395,82.121],[-49.694,81.972],[-49.867,81.893],[-50.894,81.895],[-51.754,82.078],[-52.776,82.322],[-53.111,82.251],[-52.926,82.038],[-53.041,81.871],[-53.591,81.677],[-53.582,82.062],[-53.987,82.279],[-54.726,82.351],[-55.549,82.246],[-56.589,82.227],[-58.717,82.093],[-59.262,82.007],[-57.853,81.662],[-58.43,81.69],[-59.282,81.884],[-60.432,81.92],[-61.203,81.747],[-61.1,81.396],[-61.436,81.134],[-62.672,81.214],[-62.993,81.207],[-63.442,81.014],[-63.892,81.056],[-64.516,81],[-65.645,80.685],[-66.372,80.584],[-66.996,80.413],[-67.193,80.28],[-67.141,80.166],[-66.844,80.076],[-65.81,80.024],[-65.395,80.078],[-64.792,80.001],[-65.117,79.589],[-65.42,79.34],[-65.968,79.132],[-67.482,79.117],[-68.377,79.038],[-69.031,78.943],[-68.993,78.857],[-69.974,78.778],[-70.906,78.638],[-71.651,78.623],[-72.396,78.504],[-72.715,78.362],[-72.581,78.279],[-72.818,78.194],[-72.586,78.085],[-72.065,77.937],[-71.65,77.9],[-70.126,77.638],[-69.977,77.548],[-69.351,77.467],[-68.975,77.493],[-68.622,77.602],[-67.977,77.519],[-67.515,77.543],[-67.147,77.635],[-66.691,77.681],[-66.306,77.565],[-66.453,77.393],[-66.938,77.364],[-68.136,77.38],[-68.592,77.343],[-68.978,77.195],[-69.657,77.229],[-70.863,77.175],[-71.155,77.074],[-70.793,76.869],[-70.441,76.807],[-69.888,76.827],[-69.674,76.736],[-69.252,76.686],[-68.223,76.678],[-68.245,76.617],[-68.865,76.561],[-69.4,76.436],[-69.373,76.332],[-68.149,76.067],[-66.826,75.969],[-67.055,76.152],[-66.874,76.218],[-66.466,76.139],[-65.954,76.242],[-65.457,76.13],[-64.912,76.173],[-64.387,76.304],[-63.843,76.217],[-63.439,76.339],[-62.823,76.262],[-62.097,76.242],[-61.188,76.158],[-59.445,75.859],[-59.082,75.765],[-58.516,75.689],[-58.25,75.507],[-58.603,75.385],[-58.253,75.279],[-57.813,75.04],[-57.191,74.894],[-56.801,74.672],[-56.255,74.527],[-56.656,74.458],[-56.706,74.219],[-56.298,74.163],[-55.929,73.895],[-56.104,73.558],[-55.876,73.505],[-55.739,73.384],[-55.446,73.46],[-55.297,73.262],[-55.693,73.113],[-55.669,73.008],[-55.289,72.933],[-55.073,73.015],[-54.738,72.873],[-54.79,72.642],[-55.122,72.5],[-55.602,72.453],[-55.296,72.354],[-55.589,72.319],[-55.659,72.223],[-55.32,72.2],[-55.316,72.111],[-55.549,71.768],[-55.669,71.692],[-55.594,71.554],[-55.336,71.427],[-54.689,71.367],[-54.318,71.384],[-53.963,71.459],[-54.02,71.658],[-53.78,71.679],[-53.478,71.85],[-53.139,71.775],[-53.476,71.64],[-53.168,71.536],[-52.656,71.672],[-51.967,71.599],[-52.749,71.502],[-53.117,71.313],[-53.008,71.18],[-52.535,71.2],[-52.061,71.122],[-51.377,71.119],[-51.13,70.972],[-51.65,71.019],[-51.257,70.853],[-51.323,70.589],[-50.933,70.454],[-50.947,70.364],[-51.524,70.439],[-52.405,70.687],[-53.091,70.769],[-53.513,70.767],[-54.166,70.82],[-54.344,70.789],[-54.501,70.657],[-54.014,70.422],[-53.023,70.302],[-52.255,70.059],[-51.419,69.989],[-51.106,70.057],[-50.802,70.003],[-50.436,70.039],[-50.5,69.936],[-50.349,69.796],[-50.72,69.725],[-50.804,69.663],[-50.892,69.412],[-51.077,69.209],[-50.537,69.248],[-50.393,69.137],[-51.085,69.128],[-51.249,68.74],[-50.801,68.791],[-51.133,68.598],[-51.623,68.535],[-51.781,68.548],[-52.303,68.701],[-52.605,68.709],[-53.039,68.611],[-53.213,68.413],[-53.383,68.297],[-52.78,68.31],[-52.698,68.262],[-52.199,68.221],[-51.632,68.273],[-51.456,68.394],[-51.207,68.326],[-51.597,68.055],[-52.058,68.075],[-52.436,68.146],[-53.041,68.218],[-53.152,68.208],[-53.353,67.971],[-53.578,67.837],[-53.735,67.549],[-53.419,67.575],[-52.98,67.758],[-52.345,67.837],[-51.765,67.738],[-50.969,67.807],[-51.171,67.694],[-50.64,67.559],[-50.705,67.509],[-51.181,67.637],[-51.451,67.668],[-51.909,67.664],[-52.384,67.752],[-52.666,67.75],[-52.97,67.687],[-53.224,67.585],[-53.799,67.418],[-53.884,67.136],[-53.687,66.986],[-53.444,66.925],[-52.56,66.909],[-52.603,66.853],[-53.038,66.827],[-53.115,66.754],[-53.419,66.649],[-53.635,66.414],[-53.615,66.154],[-53.156,66.178],[-52.922,66.241],[-51.823,66.698],[-52.056,66.507],[-52.511,66.362],[-53.018,66.171],[-53.357,66.073],[-53.106,65.977],[-53.234,65.771],[-53.199,65.594],[-52.761,65.591],[-52.551,65.461],[-52.348,65.461],[-52.035,65.569],[-51.723,65.723],[-51.619,65.713],[-52.18,65.442],[-52.538,65.329],[-52.448,65.205],[-52.259,65.155],[-52.089,64.682],[-52.093,64.416],[-51.999,64.257],[-51.758,64.28],[-51.401,64.623],[-50.989,64.665],[-50.78,64.746],[-50.648,64.853],[-50.492,64.693],[-50.849,64.645],[-50.835,64.559],[-51.232,64.561],[-51.404,64.463],[-51.534,64.314],[-51.708,64.205],[-51.585,64.103],[-51.072,64.159],[-50.898,64.106],[-51.548,64.006],[-51.451,63.905],[-51.538,63.758],[-51.469,63.642],[-51.188,63.436],[-51.013,63.258],[-50.744,63.051],[-50.338,62.829],[-50.259,62.578],[-50.319,62.473],[-50.07,62.365],[-49.553,62.233],[-49.668,62.151],[-49.624,61.999],[-49.349,62.01],[-49.202,62.099],[-49.04,62.039],[-49.38,61.89],[-49.265,61.71],[-49.289,61.59],[-49.049,61.524],[-48.922,61.277],[-48.495,61.225],[-48.378,61.138],[-48.386,61.005],[-47.859,61.016],[-47.906,60.946],[-48.205,60.856],[-48.242,60.807],[-48.014,60.722],[-47.73,60.729],[-47.796,60.829],[-47.465,60.843],[-47.224,60.783],[-46.874,60.816],[-46.582,60.962],[-46.012,61.097],[-46.019,60.972],[-46.142,60.777],[-46.047,60.616],[-45.59,60.519],[-45.368,60.373],[-45.379,60.203],[-44.812,60.05],[-44.533,60.029],[-44.348,60.205],[-44.231,60.18],[-44.453,60.015],[-44.384,59.899],[-44.065,59.925],[-44.117,59.832],[-43.907,59.815],[-43.658,59.859],[-43.617,59.937],[-43.32,59.928],[-43.123,60.061],[-43.156,60.333],[-43.296,60.445],[-43.831,60.522],[-43.598,60.576],[-43.348,60.52],[-43.044,60.524],[-42.717,60.767],[-42.646,61.064],[-42.419,61.537],[-42.25,61.771],[-42.11,61.857],[-42.143,62.014],[-42.321,62.153],[-42.198,62.397],[-42.153,62.568],[-42.467,62.598],[-42.741,62.713],[-42.424,62.723],[-42.058,62.694],[-41.909,62.737],[-41.634,62.972],[-41.844,63.07],[-41.388,63.062],[-41.108,63.274],[-41.049,63.514],[-40.775,63.534],[-40.772,63.626],[-40.55,63.725],[-40.652,63.928],[-40.618,64.132],[-40.826,64.163],[-41.031,64.121],[-41.581,64.298],[-41.178,64.281],[-40.782,64.222],[-40.699,64.33],[-40.478,64.344],[-40.182,64.48],[-40.433,64.673],[-40.521,64.825],[-40.655,64.915],[-40.966,64.869],[-41.084,65.101],[-40.668,65.109],[-40.253,65.049],[-40.028,65.103],[-39.578,65.341],[-40.192,65.523],[-39.961,65.556],[-39.089,65.611],[-38.637,65.624],[-38.203,65.712],[-38.216,65.838],[-37.969,66.141],[-37.752,66.262],[-37.989,66.323],[-37.814,66.385],[-37.279,66.304],[-37.788,65.978],[-37.797,65.857],[-38.001,65.71],[-37.754,65.593],[-37.41,65.656],[-37.063,65.871],[-36.932,65.783],[-36.379,65.831],[-36.044,65.987],[-35.63,66.14],[-35.756,66.324],[-35.189,66.25],[-34.633,66.435],[-34.423,66.63],[-34.269,66.625],[-34.102,66.726],[-33.528,67.258],[-33.518,67.354],[-33.349,67.443],[-33.157,67.627],[-32.275,67.923],[-32.156,68.063],[-32.367,68.213],[-32.137,68.385],[-31.419,68.128],[-30.979,68.061],[-30.611,68.118],[-30.72,68.251],[-30.318,68.193],[-29.869,68.312],[-29.25,68.299],[-28.126,68.479],[-27.851,68.494],[-26.815,68.654],[-26.341,68.702],[-25.698,68.89],[-25.544,69.046],[-25.092,69.165],[-25.189,69.261],[-24.741,69.318],[-24.221,69.479],[-24.248,69.59],[-23.944,69.558],[-23.709,69.627],[-23.553,69.741],[-23.015,69.805],[-23.088,69.883],[-22.435,69.986],[-22.284,70.126],[-23.173,70.115],[-24.041,70.181],[-24.749,70.295],[-25.53,70.353],[-26.156,70.246],[-26.752,70.242],[-27.028,70.201],[-27.384,69.992],[-27.629,70.028],[-27.561,70.124],[-27.073,70.281],[-26.577,70.357],[-26.747,70.476],[-27.596,70.407],[-28.015,70.402],[-28.541,70.477],[-28.53,70.548],[-28.146,70.656],[-27.992,70.895],[-28.303,71.007],[-27.689,70.993],[-27.336,70.953],[-26.718,70.95],[-26.158,71.05],[-25.742,71.184],[-25.699,71.368],[-25.843,71.48],[-26.737,71.501],[-27.107,71.533],[-27.011,71.631],[-26.689,71.583],[-26.211,71.59],[-25.656,71.53],[-25.255,71.396],[-24.781,71.286],[-24.377,71.146],[-24.13,70.791],[-23.792,70.555],[-23.328,70.451],[-22.691,70.437],[-22.384,70.462],[-21.944,70.443],[-21.523,70.526],[-21.675,70.856],[-21.671,71.206],[-21.752,71.478],[-21.961,71.508],[-22.299,71.432],[-22.503,71.5],[-22.013,71.689],[-22.37,71.77],[-22.497,71.914],[-22.869,71.971],[-24.417,72.348],[-24.667,72.437],[-24.65,72.583],[-24.771,72.869],[-24.985,72.889],[-25.357,72.81],[-25.688,72.797],[-26.392,72.673],[-26.658,72.716],[-25.256,72.924],[-25.171,72.98],[-24.63,73.038],[-24.359,72.687],[-24.069,72.499],[-23.674,72.393],[-23.208,72.327],[-22.293,72.12],[-22.28,72.345],[-22.075,72.399],[-22.007,72.635],[-22.036,72.918],[-22.852,73.084],[-23.899,73.398],[-24.587,73.423],[-25.268,73.362],[-25.399,73.276],[-26.753,73.121],[-26.407,73.313],[-26.062,73.253],[-25.665,73.293],[-25.45,73.391],[-24.791,73.511],[-25.427,73.794],[-24.677,73.602],[-24.451,73.629],[-24.158,73.764],[-23.761,73.543],[-22.987,73.346],[-22.185,73.27],[-21.548,73.432],[-20.637,73.464],[-20.51,73.493],[-20.367,73.848],[-21.298,73.962],[-21.988,73.971],[-22.335,74.063],[-22.22,74.166],[-22.322,74.303],[-21.581,74.163],[-21.129,74.111],[-20.653,74.137],[-20.231,74.205],[-20.256,74.283],[-19.646,74.258],[-19.369,74.284],[-19.225,74.479],[-19.538,74.625],[-19.985,74.975],[-20.417,74.975],[-20.611,74.728],[-20.986,75.074],[-20.906,75.157],[-20.485,75.314],[-20.199,75.308],[-19.798,75.157],[-19.426,75.23],[-19.366,75.386],[-19.509,75.758],[-19.958,75.997],[-19.863,76.121],[-20.104,76.219],[-20.564,76.24],[-20.887,76.304],[-21.569,76.294],[-21.877,76.573],[-22.295,76.601],[-22.607,76.681],[-22.185,76.794],[-21.615,76.688],[-20.96,76.843],[-20.942,76.887],[-20.064,76.928],[-18.51,76.778],[-18.337,76.921],[-18.339,77.215],[-18.586,77.283],[-19.3,77.222],[-19.809,77.332],[-20.232,77.368],[-20.464,77.447],[-20.681,77.619],[-20.162,77.69],[-19.524,77.572],[-19.297,77.621],[-19.49,77.719],[-20.319,77.862],[-20.863,77.912],[-21.132,77.847],[-21.38,77.698],[-21.748,77.791],[-21.397,78.074],[-21.195,78.38],[-20.956,78.555],[-21.134,78.659],[-20.616,78.804],[-20.05,78.842],[-19.723,79.065],[-19.075,79.152],[-19.152,79.325],[-19.414,79.349],[-19.284,79.683],[-19.392,79.75],[-20.138,79.803],[-20.15,80.011],[-19.429,80.258],[-18.071,80.172],[-16.868,80.198],[-15.933,80.395],[-16.761,80.573],[-16.319,80.65],[-15.543,80.65],[-15.194,80.721],[-14.504,80.763],[-14.229,80.87],[-14.49,80.973],[-13.451,81.038],[-11.529,81.424],[-11.426,81.481],[-12.193,81.649],[-13.704,81.789],[-15.556,81.834],[-16.359,81.729],[-17.226,81.43],[-17.456,81.398],[-18.457,81.498],[-19.153,81.512],[-19.225,81.64],[-20.016,81.564],[-20.756,81.312],[-21.931,81.05],[-22.826,80.913],[-23.072,80.927],[-21.724,81.348],[-21.147,81.695],[-21.13,81.934],[-21.338,82.069],[-22.563,82.053],[-23.104,82.012],[-23.637,81.742],[-24.293,81.701],[-24.589,81.883],[-25.149,82.001],[-27.84,82.049],[-29.544,81.94],[-29.887,82.055],[-29.579,82.161],[-23.862,82.287],[-22.473,82.385],[-21.521,82.595],[-21.692,82.683],[-22.525,82.789],[-23.92,82.885],[-24.47,82.877],[-25.123,83.16],[-27.002,83.067],[-28.151,83.064],[-29.175,83.102],[-30.386,83.094],[-31.516,82.992],[-31.993,83.085],[-30.092,83.157],[-26.183,83.221],[-25.947,83.29],[-27.034,83.377],[-28.484,83.435],[-29.953,83.565]]],[[[-52.731,69.945],[-53.103,70.141],[-53.375,70.221],[-54.372,70.317],[-54.706,70.256],[-54.83,70.161],[-54.665,69.966],[-54.841,69.902],[-54.919,69.714],[-54.804,69.631],[-54.497,69.577],[-54.133,69.565],[-53.783,69.506],[-54.051,69.337],[-53.578,69.257],[-52.77,69.364],[-52.113,69.489],[-51.9,69.605],[-52.045,69.807],[-52.731,69.945]]],[[[-51.014,69.552],[-50.912,69.757],[-50.679,69.849],[-50.94,69.909],[-51.35,69.855],[-51.234,69.552],[-51.014,69.552]]],[[[-53.535,71.041],[-53.441,71.186],[-53.701,71.283],[-53.947,71.156],[-53.898,71.085],[-53.535,71.041]]],[[[-55.017,72.791],[-55.994,72.782],[-56.215,72.719],[-55.524,72.568],[-55.017,72.791]]],[[[-71.667,77.325],[-71.433,77.394],[-72.089,77.467],[-72.495,77.386],[-72.024,77.316],[-71.667,77.325]]],[[[-44.865,82.084],[-44.75,82.401],[-45.411,82.578],[-46.399,82.692],[-47.272,82.657],[-47.308,82.533],[-46.752,82.348],[-44.865,82.084]]],[[[-25.432,70.921],[-25.819,71.044],[-26.337,70.919],[-26.976,70.863],[-27.709,70.897],[-27.714,70.713],[-28.037,70.514],[-27.898,70.454],[-27.105,70.531],[-26.605,70.553],[-26.218,70.454],[-25.911,70.573],[-25.402,70.653],[-25.432,70.921]]],[[[-18.665,81.846],[-19.315,82.123],[-19.594,81.991],[-19.031,81.827],[-18.665,81.846]]],[[[-17.612,79.826],[-17.471,80.029],[-17.983,80.055],[-18.997,79.94],[-19.032,79.773],[-18.662,79.72],[-18.036,79.711],[-17.612,79.826]]],[[[-18.997,77.974],[-18.882,78.115],[-18.935,78.424],[-19.315,78.344],[-19.297,78.185],[-18.997,77.974]]],[[[-18.583,76.042],[-18.733,76.642],[-19.059,76.695],[-19.085,76.43],[-18.697,76.016],[-18.583,76.042]]],[[[-18.001,75.407],[-18.45,75.328],[-18.856,75.319],[-18.891,75.072],[-18.671,75.002],[-17.586,74.993],[-17.392,75.037],[-17.498,75.152],[-17.886,75.204],[-18.001,75.407]]],[[[-37.031,65.532],[-36.953,65.663],[-37.223,65.695],[-37.187,65.531],[-37.031,65.532]]],[[[-46.267,60.781],[-46.205,60.944],[-46.394,60.909],[-46.79,60.78],[-46.553,60.741],[-46.382,60.66],[-46.267,60.781]]],[[[-51.675,70.855],[-51.97,70.976],[-52.119,70.871],[-51.675,70.855]]]]},"properties":{"id":"GRL"}},
{"type":"Feature","geometry":{"type":"Polygon","coordinates":[[[-6.631,62.228],[-6.959,62.316],[-7.172,62.286],[-7.014,62.094],[-6.656,62.094],[-6.631,62.228]]]},"properties":{"id":"FRO"}},
{"type":"Feature","geometry":{"type":"MultiPolygon","coordinates":[[[[12.569,55.785],[12.525,55.918],[12.579,56.064],[12.219,56.119],[11.866,55.968],[11.935,55.896],[11.82,55.698],[11.691,55.729],[11.696,55.908],[11.475,55.943],[11.322,55.753],[10.979,55.722],[11.121,55.601],[11.19,55.466],[11.171,55.329],[11.286,55.204],[11.654,55.187],[11.741,54.915],[11.862,54.773],[12.05,54.815],[12.09,55.188],[12.413,55.286],[12.385,55.386],[12.215,55.467],[12.321,55.588],[12.571,55.685],[12.569,55.785]]],[[[9.74,54.826],[9.645,55.023],[9.454,55.04],[9.671,55.266],[9.591,55.493],[9.899,55.708],[10.024,55.761],[9.904,55.843],[10.183,55.865],[10.319,56.213],[10.539,56.2],[10.856,56.296],[10.926,56.443],[10.846,56.522],[10.49,56.521],[10.283,56.621],[10.296,56.999],[10.524,57.243],[10.537,57.449],[10.445,57.562],[10.533,57.735],[10.259,57.617],[9.962,57.581],[9.815,57.478],[9.554,57.232],[9.299,57.147],[8.952,57.151],[8.619,57.111],[8.284,56.852],[8.268,56.754],[8.468,56.665],[8.772,56.725],[8.993,57.016],[9.255,57.012],[9.196,56.702],[9.067,56.794],[8.888,56.735],[8.736,56.627],[8.553,56.56],[8.281,56.617],[8.164,56.607],[8.121,56.14],[8.202,55.982],[8.132,55.6],[8.616,55.418],[8.67,55.156],[8.67,54.903],[8.903,54.897],[9.342,54.806],[9.616,54.855],[9.74,54.826]]],[[[10.645,55.61],[10.505,55.558],[10.286,55.611],[9.861,55.515],[9.859,55.357],[9.989,55.163],[10.443,55.049],[10.624,55.052],[10.785,55.133],[10.819,55.322],[10.645,55.61]]],[[[11.361,54.892],[11.258,54.952],[11.059,54.941],[11.036,54.773],[11.457,54.629],[11.766,54.679],[11.74,54.807],[11.538,54.83],[11.361,54.892]]],[[[10.734,54.751],[10.857,55.052],[10.622,54.851],[10.734,54.751]]],[[[10.061,54.886],[9.999,54.986],[9.771,55.06],[9.806,54.906],[10.061,54.886]]],[[[15.088,55.022],[15.133,55.145],[14.765,55.297],[14.684,55.102],[14.886,55.033],[15.088,55.022]]]]},"properties":{"id":"DNK"}},
{"type":"Feature","geometry":{"type":"Polygon","coordinates":[[[18.832,49.511],[18.807,49.614],[18.595,49.758],[18.562,49.879],[18.305,49.914],[18.028,50.035],[17.875,49.972],[17.589,50.157],[17.709,50.194],[17.72,50.299],[17.415,50.255],[17.152,50.378],[16.869,50.415],[16.993,50.26],[16.679,50.097],[16.488,50.248],[16.21,50.424],[16.42,50.574],[16.282,50.656],[16.007,50.612],[15.949,50.67],[15.731,50.74],[15.354,50.812],[15.259,50.959],[14.994,51.014],[14.983,50.887],[14.809,50.859],[14.723,50.815],[14.507,51.01],[14.32,51.038],[14.369,50.899],[13.899,50.761],[13.527,50.693],[13.473,50.617],[13.238,50.577],[13.181,50.51],[13.016,50.49],[12.967,50.416],[12.765,50.431],[12.453,50.35],[12.277,50.181],[12.276,50.042],[12.458,49.956],[12.498,49.853],[12.391,49.74],[12.632,49.461],[12.813,49.329],[12.917,49.33],[13.141,49.158],[13.339,49.061],[13.441,48.956],[13.548,48.96],[13.815,48.767],[13.989,48.692],[14.049,48.602],[14.368,48.576],[14.489,48.626],[14.691,48.599],[14.822,48.774],[14.923,48.771],[14.972,48.984],[15.2,48.948],[15.311,48.974],[15.701,48.86],[15.825,48.864],[16.057,48.755],[16.367,48.739],[16.478,48.8],[16.884,48.704],[16.953,48.599],[17.063,48.781],[17.188,48.861],[17.483,48.828],[17.758,48.888],[17.941,49.012],[18.086,49.065],[18.161,49.257],[18.365,49.336],[18.596,49.491],[18.832,49.511]]]},"properties":{"id":"CZE"}},
{"type":"Feature","geometry":{"type":"Polygon","coordinates":[[[32.713,35.171],[32.556,35.156],[32.391,35.05],[32.317,34.953],[32.449,34.729],[32.693,34.649],[32.867,34.661],[32.942,34.576],[33.116,34.696],[33.297,34.718],[33.514,34.806],[33.699,34.97],[34.05,34.988],[34.004,35.065],[33.908,35.202],[33.942,35.292],[34.463,35.594],[34.411,35.629],[34.063,35.474],[33.608,35.354],[33.459,35.336],[33.123,35.358],[32.942,35.39],[32.88,35.181],[32.713,35.171]]]},"properties":{"id":"CYP"}},
{"type":"Feature","geometry":{"type":"MultiPolygon","coordinates":[[[[-81.837,23.163],[-82.101,23.19],[-82.351,23.154],[-82.666,23.044],[-83.258,22.968],[-84.045,22.666],[-84.281,22.474],[-84.361,22.379],[-84.383,22.256],[-84.326,22.074],[-84.373,22.036],[-84.533,22.031],[-84.877,21.894],[-84.838,21.828],[-84.683,21.899],[-84.501,21.93],[-84.449,21.792],[-84.241,21.898],[-84.031,21.943],[-83.901,22.17],[-83.486,22.187],[-83.38,22.223],[-83.144,22.386],[-83.009,22.514],[-82.738,22.689],[-81.903,22.679],[-81.746,22.633],[-81.683,22.535],[-81.757,22.467],[-82.078,22.388],[-81.973,22.291],[-81.816,22.2],[-81.441,22.184],[-81.355,22.104],[-81.222,22.143],[-81.185,22.268],[-81.083,22.098],[-80.962,22.053],[-80.499,22.064],[-80.485,22.123],[-80.231,21.872],[-79.91,21.743],[-79.274,21.563],[-79.189,21.553],[-78.823,21.619],[-78.636,21.516],[-78.537,21.297],[-78.491,21.054],[-78.116,20.762],[-77.997,20.715],[-77.467,20.69],[-77.23,20.644],[-77.108,20.492],[-77.104,20.408],[-77.213,20.3],[-77.554,20.082],[-77.715,19.855],[-77.463,19.861],[-77.212,19.894],[-76.999,19.893],[-76.78,19.94],[-76.158,19.99],[-75.765,19.96],[-75.552,19.891],[-75.29,19.893],[-75.177,19.959],[-75.116,19.901],[-74.85,20.002],[-74.635,20.058],[-74.253,20.08],[-74.154,20.169],[-74.167,20.292],[-74.384,20.33],[-74.513,20.385],[-74.732,20.573],[-74.883,20.651],[-75.213,20.714],[-75.338,20.702],[-75.643,20.733],[-75.74,20.812],[-75.596,20.995],[-75.723,21.111],[-76.074,21.133],[-76.259,21.227],[-76.455,21.274],[-76.647,21.285],[-76.689,21.34],[-76.836,21.4],[-77.099,21.589],[-77.208,21.479],[-77.366,21.613],[-77.181,21.598],[-77.497,21.872],[-77.545,21.775],[-77.865,21.901],[-78.143,22.109],[-78.686,22.367],[-78.902,22.396],[-79.183,22.388],[-79.276,22.408],[-79.549,22.578],[-79.677,22.743],[-80.075,22.942],[-80.365,22.943],[-80.55,23.017],[-80.65,23.103],[-81.008,23.09],[-81.179,23.06],[-81.272,23.129],[-81.575,23.117],[-81.837,23.163]]],[[[-77.669,21.952],[-77.634,22.054],[-77.774,22.083],[-77.9,22.037],[-77.669,21.952]]],[[[-78.027,22.285],[-78.151,22.431],[-78.18,22.322],[-78.027,22.285]]],[[[-78.63,22.552],[-78.548,22.464],[-78.39,22.445],[-78.351,22.539],[-78.63,22.552]]],[[[-82.562,21.572],[-82.629,21.767],[-82.715,21.89],[-82.991,21.943],[-83.083,21.791],[-82.974,21.592],[-83.142,21.532],[-83.067,21.469],[-82.853,21.444],[-82.562,21.572]]]]},"properties":{"id":"CUB"}},
{"type":"Feature","geometry":{"type":"MultiPolygon","coordinates":[[[[13.578,45.517],[13.517,45.482],[13.629,45.108],[13.861,44.837],[13.966,44.836],[14.236,45.16],[14.269,45.283],[14.386,45.342],[14.55,45.298],[14.855,45.081],[14.907,44.971],[14.895,44.707],[14.981,44.603],[15.27,44.383],[15.381,44.328],[15.123,44.257],[15.186,44.172],[15.499,43.909],[15.942,43.657],[15.986,43.52],[16.131,43.506],[16.394,43.543],[16.6,43.464],[16.903,43.392],[17.129,43.211],[17.33,43.115],[17.585,42.938],[17.625,43.043],[17.402,43.199],[17.293,43.306],[17.274,43.446],[17.085,43.517],[16.713,43.779],[16.591,43.913],[16.378,44.06],[16.214,44.215],[16.13,44.474],[15.88,44.682],[15.737,44.766],[15.788,45.179],[15.888,45.216],[16.028,45.19],[16.157,45.072],[16.293,45.009],[16.531,45.217],[16.791,45.197],[16.919,45.277],[17.125,45.172],[17.546,45.123],[17.69,45.158],[17.813,45.078],[17.996,45.142],[18.285,45.134],[18.663,45.077],[18.746,45.027],[18.836,44.883],[19.007,44.869],[19.1,44.974],[19.063,45.137],[19.388,45.173],[19.33,45.268],[19.093,45.337],[19.005,45.4],[19.055,45.527],[18.954,45.558],[18.947,45.656],[18.839,45.836],[18.905,45.932],[18.666,45.907],[18.565,45.813],[18.437,45.767],[17.964,45.77],[17.706,45.827],[17.607,45.914],[17.311,45.996],[17.15,46.14],[16.94,46.254],[16.748,46.416],[16.516,46.5],[16.321,46.535],[16.237,46.484],[16.227,46.373],[16.067,46.371],[16.001,46.305],[15.636,46.201],[15.597,46.109],[15.666,46.048],[15.625,45.834],[15.277,45.733],[15.339,45.467],[15.11,45.451],[14.955,45.5],[14.847,45.467],[14.734,45.508],[14.534,45.645],[14.37,45.481],[14.086,45.478],[13.993,45.509],[13.879,45.428],[13.615,45.477],[13.578,45.517]]],[[[17.194,43.126],[16.697,43.175],[16.679,43.123],[17.194,43.126]]],[[[16.785,43.271],[16.834,43.351],[16.449,43.387],[16.423,43.317],[16.627,43.268],[16.785,43.271]]],[[[14.81,44.977],[14.571,45.225],[14.438,45.099],[14.687,44.956],[14.81,44.977]]],[[[14.488,44.66],[14.467,44.97],[14.303,44.94],[14.42,44.67],[14.488,44.66]]],[[[18.436,42.56],[18.304,42.599],[17.841,42.845],[17.668,42.897],[17.824,42.797],[18.161,42.634],[18.517,42.433],[18.436,42.56]]]]},"properties":{"id":"HRV"}},
{"type":"Feature","geometry":{"type":"Polygon","coordinates":[[[-7.991,10.163],[-8.137,10.022],[-8.137,9.496],[-8.031,9.398],[-7.896,9.416],[-7.918,9.189],[-7.778,9.081],[-7.938,8.98],[-7.951,8.787],[-7.784,8.721],[-7.691,8.563],[-7.681,8.41],[-7.739,8.375],[-7.824,8.468],[-8.049,8.495],[-8.237,8.456],[-8.256,8.254],[-8.017,8.145],[-8.01,8.079],[-8.127,7.868],[-8.115,7.761],[-8.232,7.557],[-8.43,7.602],[-8.486,7.558],[-8.437,7.516],[-8.297,7.074],[-8.333,6.802],[-8.401,6.705],[-8.604,6.508],[-8.45,6.463],[-8.345,6.351],[-8.204,6.291],[-7.982,6.286],[-7.889,6.235],[-7.797,5.975],[-7.73,5.919],[-7.454,5.841],[-7.4,5.551],[-7.43,5.325],[-7.485,5.236],[-7.51,5.108],[-7.569,5.081],[-7.591,4.822],[-7.572,4.386],[-7.545,4.351],[-7.426,4.376],[-7.231,4.486],[-7.058,4.545],[-6.845,4.671],[-6.548,4.762],[-5.914,5.011],[-5.565,5.089],[-5.062,5.131],[-5.024,5.204],[-4.9,5.138],[-4.662,5.173],[-4.037,5.23],[-4.115,5.262],[-4.609,5.236],[-4.553,5.28],[-4.12,5.31],[-3.984,5.293],[-3.871,5.221],[-3.348,5.131],[-3.238,5.335],[-3.151,5.348],[-3.169,5.203],[-3.019,5.131],[-2.948,5.119],[-2.795,5.185],[-2.755,5.433],[-2.794,5.6],[-2.962,5.643],[-2.998,5.711],[-3.106,6.086],[-3.201,6.348],[-3.24,6.536],[-3.236,6.807],[-3.169,6.941],[-2.986,7.205],[-2.959,7.455],[-2.896,7.685],[-2.79,7.932],[-2.613,8.047],[-2.612,8.148],[-2.506,8.209],[-2.6,8.8],[-2.649,8.957],[-2.747,9.11],[-2.674,9.283],[-2.696,9.481],[-2.817,9.426],[-2.988,9.687],[-3.096,9.752],[-3.224,9.895],[-3.29,9.882],[-3.581,9.924],[-3.878,9.895],[-4.267,9.743],[-4.332,9.646],[-4.406,9.648],[-4.527,9.723],[-4.626,9.714],[-4.97,9.93],[-4.994,10.046],[-5.1,10.242],[-5.262,10.32],[-5.382,10.314],[-5.524,10.426],[-5.694,10.433],[-5.844,10.39],[-6.035,10.195],[-6.197,10.232],[-6.241,10.279],[-6.191,10.4],[-6.261,10.724],[-6.426,10.672],[-6.408,10.572],[-6.565,10.586],[-6.654,10.656],[-6.692,10.512],[-6.693,10.349],[-6.95,10.342],[-7.04,10.145],[-7.105,10.204],[-7.363,10.259],[-7.498,10.44],[-7.661,10.427],[-7.814,10.237],[-7.991,10.163]]]},"properties":{"id":"CIV"}},
{"type":"Feature","geometry":{"type":"Polygon","coordinates":[[[-82.564,9.577],[-82.778,9.67],[-83.029,9.991],[-83.125,10.042],[-83.347,10.315],[-83.448,10.466],[-83.575,10.735],[-83.642,10.917],[-83.659,10.837],[-83.811,10.743],[-83.919,10.735],[-84.168,10.78],[-84.348,10.98],[-84.489,10.992],[-84.701,11.052],[-84.909,10.945],[-85.539,11.166],[-85.621,11.184],[-85.744,11.062],[-85.752,10.985],[-85.908,10.898],[-85.667,10.745],[-85.663,10.635],[-85.831,10.398],[-85.85,10.292],[-85.796,10.133],[-85.625,9.902],[-85.315,9.811],[-85.115,9.582],[-84.886,9.821],[-84.963,9.933],[-85.161,10.017],[-85.237,10.107],[-85.198,10.195],[-85.025,10.116],[-84.715,9.899],[-84.643,9.789],[-84.659,9.647],[-84.483,9.526],[-84.222,9.463],[-84.118,9.379],[-83.896,9.276],[-83.737,9.15],[-83.637,9.035],[-83.614,8.804],[-83.734,8.614],[-83.544,8.446],[-83.292,8.406],[-83.298,8.507],[-83.422,8.619],[-83.391,8.718],[-83.162,8.588],[-83.123,8.353],[-82.947,8.182],[-82.879,8.071],[-82.998,8.368],[-82.862,8.454],[-82.856,8.635],[-82.917,8.74],[-82.882,8.805],[-82.74,8.899],[-82.741,8.952],[-82.881,9.056],[-82.94,9.06],[-82.94,9.449],[-82.801,9.592],[-82.644,9.506],[-82.564,9.577]]]},"properties":{"id":"CRI"}},
{"type":"Feature","geometry":{"type":"Polygon","coordinates":[[[30.751,-8.194],[30.721,-8.104],[30.407,-7.461],[30.313,-7.204],[30.213,-7.038],[30.106,-6.915],[29.71,-6.617],[29.541,-6.314],[29.48,-6.025],[29.596,-5.776],[29.594,-5.651],[29.476,-5.317],[29.343,-4.983],[29.326,-4.836],[29.403,-4.449],[29.331,-4.095],[29.223,-3.911],[29.212,-3.834],[29.21,-3.363],[29.224,-3.054],[29.017,-2.8],[29.014,-2.72],[28.922,-2.682],[28.858,-2.447],[28.876,-2.4],[29.106,-2.233],[29.148,-2.132],[29.129,-1.86],[29.197,-1.72],[29.352,-1.518],[29.577,-1.388],[29.562,-0.977],[29.648,-0.535],[29.633,-0.442],[29.718,0.098],[29.778,0.166],[29.934,0.499],[29.924,0.674],[29.943,0.819],[30.047,0.864],[30.183,0.973],[30.24,1.103],[30.321,1.185],[30.478,1.239],[30.943,1.683],[31.253,2.045],[31.274,2.146],[31.176,2.27],[31.082,2.288],[30.962,2.403],[30.83,2.4],[30.729,2.455],[30.77,2.678],[30.847,2.847],[30.821,2.968],[30.754,3.042],[30.828,3.283],[30.906,3.409],[30.839,3.491],[30.757,3.624],[30.559,3.653],[30.508,3.836],[30.195,3.982],[29.87,4.327],[29.78,4.481],[29.677,4.587],[29.552,4.636],[29.47,4.612],[29.385,4.498],[29.225,4.392],[29.151,4.388],[28.939,4.487],[28.727,4.505],[28.428,4.324],[28.192,4.35],[28.079,4.425],[27.981,4.532],[27.788,4.645],[27.664,4.846],[27.491,4.968],[27.403,5.109],[27.115,5.198],[27.021,5.184],[26.822,5.062],[26.633,5.085],[26.174,5.171],[25.714,5.284],[25.525,5.312],[25.4,5.256],[25.249,5.025],[25.065,4.967],[24.978,4.983],[24.766,4.93],[24.437,5.01],[24.32,4.994],[23.848,4.816],[23.682,4.771],[23.417,4.663],[23.313,4.664],[23.116,4.737],[22.865,4.724],[22.756,4.647],[22.617,4.446],[22.506,4.208],[22.422,4.135],[21.908,4.254],[21.687,4.281],[21.538,4.245],[21.35,4.311],[21.23,4.302],[20.956,4.413],[20.793,4.447],[20.647,4.436],[20.558,4.463],[20.394,4.686],[20.226,4.83],[20.002,4.945],[19.807,5.089],[19.686,5.121],[19.501,5.127],[19.323,5.071],[19.069,4.891],[18.832,4.523],[18.7,4.383],[18.594,4.346],[18.567,4.258],[18.62,4.117],[18.634,3.954],[18.597,3.679],[18.61,3.478],[18.622,3.304],[18.491,2.924],[18.212,2.415],[18.072,2.013],[18.058,1.535],[17.902,1.118],[17.886,0.857],[17.925,0.537],[17.888,0.234],[17.773,-0.052],[17.724,-0.278],[17.753,-0.549],[17.543,-0.775],[17.279,-1],[17.108,-1.064],[16.88,-1.226],[16.78,-1.376],[16.541,-1.84],[16.215,-2.178],[16.192,-2.279],[16.217,-3.03],[16.147,-3.464],[15.99,-3.766],[15.872,-3.934],[15.6,-4.031],[15.395,-4.245],[15.267,-4.308],[15.106,-4.461],[14.912,-4.706],[14.779,-4.846],[14.708,-4.882],[14.411,-4.831],[14.365,-4.586],[14.45,-4.45],[14.358,-4.299],[13.941,-4.485],[13.778,-4.434],[13.717,-4.454],[13.685,-4.689],[13.415,-4.837],[13.22,-4.706],[13.137,-4.604],[13.073,-4.635],[12.83,-4.737],[12.574,-4.997],[12.451,-5.071],[12.522,-5.149],[12.504,-5.696],[12.485,-5.719],[12.214,-5.759],[12.412,-5.986],[12.515,-6.004],[12.681,-5.961],[12.792,-5.878],[13.003,-5.836],[13.068,-5.865],[13.979,-5.857],[14.399,-5.893],[14.749,-5.88],[15.727,-5.864],[16.315,-5.866],[16.537,-5.966],[16.718,-6.241],[16.709,-6.472],[16.743,-6.618],[16.813,-6.773],[16.919,-6.934],[16.966,-7.062],[16.985,-7.257],[17.155,-7.461],[17.245,-7.623],[17.536,-8.076],[17.58,-8.099],[17.913,-8.068],[18.009,-8.108],[18.192,-8.024],[18.653,-7.936],[18.898,-7.998],[19.143,-8.001],[19.341,-7.967],[19.372,-7.655],[19.48,-7.472],[19.484,-7.279],[19.528,-7.144],[19.66,-7.037],[19.875,-6.986],[20.482,-6.916],[20.599,-6.935],[20.537,-7.122],[20.608,-7.278],[21.19,-7.285],[21.751,-7.305],[21.842,-7.421],[21.834,-7.602],[21.78,-7.865],[21.801,-8.112],[21.896,-8.341],[21.905,-8.693],[21.829,-9.168],[21.813,-9.469],[21.857,-9.594],[21.949,-9.726],[22.089,-9.863],[22.198,-10.041],[22.302,-10.397],[22.283,-10.552],[22.307,-10.691],[22.28,-10.784],[22.178,-10.892],[22.226,-11.122],[22.279,-11.194],[22.393,-11.159],[22.561,-11.056],[22.815,-11.08],[23.157,-11.075],[23.4,-10.976],[23.56,-10.979],[23.834,-11.014],[23.901,-10.983],[23.967,-10.872],[24.078,-10.892],[24.137,-11.026],[24.32,-11.072],[24.396,-11.255],[24.335,-11.371],[24.378,-11.417],[24.519,-11.438],[24.668,-11.353],[24.877,-11.299],[25.185,-11.243],[25.319,-11.237],[25.283,-11.405],[25.349,-11.623],[25.512,-11.753],[25.619,-11.744],[26.026,-11.89],[26.596,-11.972],[26.73,-11.976],[26.89,-11.944],[26.95,-11.899],[27.046,-11.616],[27.196,-11.605],[27.238,-11.783],[27.424,-11.945],[27.533,-12.195],[27.644,-12.267],[27.857,-12.285],[28.358,-12.482],[28.474,-12.623],[28.551,-12.836],[28.673,-12.861],[28.773,-12.982],[28.922,-13.215],[28.942,-13.307],[29.014,-13.369],[29.202,-13.398],[29.554,-13.249],[29.63,-13.299],[29.652,-13.414],[29.723,-13.454],[29.795,-13.393],[29.795,-12.155],[29.692,-12.198],[29.56,-12.202],[29.492,-12.267],[29.505,-12.386],[29.428,-12.431],[29.064,-12.349],[28.85,-12.121],[28.575,-11.908],[28.483,-11.812],[28.357,-11.483],[28.404,-11.354],[28.544,-10.802],[28.639,-10.669],[28.646,-10.55],[28.607,-10.397],[28.63,-9.831],[28.604,-9.679],[28.541,-9.51],[28.4,-9.275],[28.401,-9.225],[28.617,-9.072],[28.794,-8.891],[28.918,-8.701],[28.934,-8.59],[28.898,-8.485],[28.972,-8.465],[29.766,-8.344],[30.751,-8.194]]]},"properties":{"id":"COD"}},
{"type":"Feature","geometry":{"type":"Polygon","coordinates":[[[11.13,-3.916],[11.364,-4.131],[11.394,-4.2],[11.668,-4.434],[11.778,-4.566],[11.781,-4.677],[11.893,-4.866],[12.018,-5.004],[12.204,-4.779],[12.308,-4.766],[12.385,-4.619],[12.642,-4.531],[12.798,-4.431],[12.881,-4.445],[13.073,-4.635],[13.137,-4.604],[13.22,-4.706],[13.415,-4.837],[13.685,-4.689],[13.717,-4.454],[13.778,-4.434],[13.941,-4.485],[14.358,-4.299],[14.45,-4.45],[14.365,-4.586],[14.411,-4.831],[14.708,-4.882],[14.779,-4.846],[14.912,-4.706],[15.106,-4.461],[15.267,-4.308],[15.395,-4.245],[15.6,-4.031],[15.872,-3.934],[15.99,-3.766],[16.147,-3.464],[16.217,-3.03],[16.192,-2.279],[16.215,-2.178],[16.541,-1.84],[16.78,-1.376],[16.88,-1.226],[17.108,-1.064],[17.279,-1],[17.543,-0.775],[17.753,-0.549],[17.724,-0.278],[17.773,-0.052],[17.888,0.234],[17.925,0.537],[17.886,0.857],[17.902,1.118],[18.058,1.535],[18.072,2.013],[18.212,2.415],[18.491,2.924],[18.622,3.304],[18.61,3.478],[18.474,3.623],[18.318,3.581],[18.161,3.5],[18.111,3.551],[17.88,3.554],[17.438,3.685],[17.298,3.617],[17.003,3.557],[16.673,3.535],[16.57,3.463],[16.496,3.209],[16.46,2.897],[16.469,2.832],[16.183,2.27],[16.177,2.205],[16.08,2.107],[16.088,1.918],[16.136,1.724],[16.059,1.676],[15.975,1.76],[15.742,1.915],[15.6,1.95],[15.339,1.945],[15.204,2.024],[15.1,2.002],[14.902,2.012],[14.875,2.08],[14.763,2.075],[14.579,2.199],[14.484,2.155],[13.294,2.162],[13.209,1.92],[13.163,1.648],[13.274,1.241],[13.851,1.419],[14.181,1.37],[14.24,1.323],[14.303,1.121],[14.386,1.004],[14.434,0.811],[14.324,0.624],[14.231,0.551],[14.088,0.537],[13.95,0.354],[13.885,0.191],[13.891,0.075],[13.86,-0.203],[13.898,-0.243],[14.069,-0.27],[14.207,-0.427],[14.364,-0.469],[14.481,-0.618],[14.411,-0.972],[14.456,-1.413],[14.403,-1.593],[14.423,-1.712],[14.384,-1.89],[14.251,-2.001],[14.202,-2.18],[14.163,-2.218],[14.2,-2.354],[14.087,-2.467],[13.887,-2.465],[13.888,-2.375],[13.784,-2.164],[13.734,-2.138],[13.619,-2.279],[13.465,-2.395],[13.357,-2.405],[13.159,-2.369],[12.992,-2.313],[12.794,-1.932],[12.59,-1.827],[12.432,-1.929],[12.479,-2.112],[12.446,-2.33],[12.064,-2.413],[11.95,-2.345],[11.727,-2.395],[11.605,-2.343],[11.575,-2.397],[11.603,-2.595],[11.538,-2.837],[11.639,-2.855],[11.76,-2.983],[11.689,-3.127],[11.715,-3.177],[11.934,-3.319],[11.833,-3.531],[11.885,-3.625],[11.849,-3.697],[11.686,-3.682],[11.504,-3.52],[11.288,-3.641],[11.19,-3.762],[11.13,-3.916]]]},"properties":{"id":"COG"}},
{"type":"Feature","geometry":{"type":"MultiPolygon","coordinates":[[[[44.476,-12.082],[44.413,-12.093],[44.377,-12.252],[44.46,-12.335],[44.527,-12.22],[44.476,-12.082]]],[[[43.466,-11.901],[43.492,-11.862],[43.379,-11.614],[43.393,-11.409],[43.256,-11.432],[43.227,-11.752],[43.303,-11.844],[43.466,-11.901]]]]},"properties":{"id":"COM"}},
{"type":"Feature","geometry":{"type":"Polygon","coordinates":[[[-71.32,11.862],[-71.137,12.046],[-71.155,12.164],[-71.262,12.335],[-71.494,12.432],[-71.715,12.42],[-71.919,12.309],[-71.97,12.238],[-72.136,12.189],[-72.165,12.06],[-72.275,11.889],[-72.447,11.802],[-72.722,11.712],[-73.313,11.296],[-73.796,11.276],[-74.059,11.341],[-74.2,11.266],[-74.219,11.105],[-74.35,10.814],[-74.401,10.765],[-74.516,10.863],[-74.454,10.989],[-74.845,11.11],[-75.281,10.727],[-75.446,10.611],[-75.554,10.328],[-75.671,10.196],[-75.596,10.126],[-75.593,9.993],[-75.68,9.73],[-75.604,9.538],[-75.639,9.45],[-75.756,9.416],[-75.905,9.431],[-76.027,9.366],[-76.135,9.266],[-76.277,8.989],[-76.689,8.695],[-76.888,8.62],[-76.92,8.574],[-76.819,8.465],[-76.772,8.311],[-76.742,8.002],[-76.787,7.932],[-76.925,7.973],[-76.852,8.09],[-76.936,8.147],[-76.992,8.25],[-77.13,8.401],[-77.262,8.494],[-77.374,8.658],[-77.479,8.498],[-77.407,8.427],[-77.346,8.27],[-77.212,8.034],[-77.216,7.933],[-77.346,7.837],[-77.351,7.706],[-77.587,7.543],[-77.732,7.711],[-77.769,7.668],[-77.744,7.537],[-77.828,7.443],[-77.901,7.229],[-77.804,7.137],[-77.602,6.837],[-77.526,6.693],[-77.439,6.69],[-77.36,6.504],[-77.398,6.275],[-77.469,6.177],[-77.345,5.995],[-77.249,5.78],[-77.325,5.676],[-77.534,5.537],[-77.402,5.416],[-77.359,5.215],[-77.367,5.077],[-77.339,4.839],[-77.286,4.722],[-77.354,4.398],[-77.446,4.301],[-77.409,4.248],[-77.427,4.06],[-77.358,3.945],[-77.167,3.862],[-77.077,3.913],[-77.243,3.585],[-77.324,3.475],[-77.357,3.349],[-77.417,3.342],[-77.559,3.076],[-77.694,3.04],[-77.67,2.879],[-77.875,2.726],[-77.932,2.629],[-78.12,2.488],[-78.296,2.51],[-78.535,2.424],[-78.617,2.307],[-78.629,2.056],[-78.55,1.924],[-78.577,1.774],[-78.793,1.849],[-78.958,1.752],[-79.025,1.624],[-78.888,1.524],[-78.86,1.455],[-78.682,1.283],[-78.512,1.199],[-78.312,1.046],[-78.037,0.899],[-77.83,0.825],[-77.703,0.838],[-77.649,0.724],[-77.468,0.637],[-77.423,0.425],[-77.293,0.36],[-77.114,0.355],[-76.92,0.269],[-76.768,0.242],[-76.729,0.272],[-76.495,0.235],[-76.427,0.261],[-76.413,0.379],[-76.311,0.448],[-76.068,0.346],[-75.88,0.151],[-75.777,0.089],[-75.617,0.063],[-75.464,-0.038],[-75.284,-0.107],[-75.225,-0.042],[-75.138,-0.05],[-74.945,-0.188],[-74.802,-0.2],[-74.755,-0.299],[-74.616,-0.37],[-74.418,-0.581],[-74.334,-0.851],[-74.246,-0.971],[-74.054,-1.029],[-73.863,-1.197],[-73.664,-1.249],[-73.494,-1.537],[-73.496,-1.693],[-73.35,-1.784],[-73.266,-1.772],[-73.197,-1.83],[-73.127,-2.081],[-73.173,-2.208],[-73.154,-2.278],[-72.99,-2.34],[-72.887,-2.408],[-72.714,-2.392],[-72.625,-2.352],[-72.396,-2.429],[-72.137,-2.381],[-71.984,-2.327],[-71.803,-2.166],[-71.753,-2.153],[-71.559,-2.224],[-71.397,-2.334],[-71.196,-2.313],[-71.113,-2.245],[-70.915,-2.219],[-70.576,-2.418],[-70.295,-2.553],[-70.244,-2.607],[-70.096,-2.658],[-70.074,-2.75],[-70.735,-3.782],[-70.53,-3.866],[-70.34,-3.814],[-70.24,-3.883],[-70.168,-4.05],[-70.017,-4.162],[-69.966,-4.236],[-69.948,-4.201],[-69.85,-3.66],[-69.669,-2.668],[-69.479,-1.622],[-69.4,-1.195],[-69.449,-0.999],[-69.544,-0.917],[-69.621,-0.721],[-69.592,-0.639],[-69.667,-0.482],[-69.747,-0.453],[-69.923,-0.317],[-70.071,-0.139],[-70.054,0.579],[-69.807,0.607],[-69.472,0.73],[-69.283,0.627],[-69.174,0.635],[-69.163,0.864],[-69.259,1.015],[-69.361,1.064],[-69.621,1.073],[-69.852,1.06],[-69.849,1.709],[-69.581,1.771],[-69.32,1.721],[-68.177,1.72],[-68.256,1.846],[-68.194,1.987],[-68.13,1.956],[-67.99,1.753],[-67.815,1.79],[-67.609,2.035],[-67.5,2.108],[-67.352,2.086],[-67.119,1.704],[-67.09,1.616],[-67.094,1.21],[-67.065,1.178],[-66.876,1.223],[-66.884,1.358],[-66.982,1.601],[-66.988,1.68],[-67.09,1.94],[-67.114,2.051],[-67.215,2.275],[-67.211,2.39],[-67.486,2.644],[-67.597,2.769],[-67.766,2.833],[-67.835,2.893],[-67.354,3.323],[-67.311,3.416],[-67.499,3.691],[-67.603,3.769],[-67.662,3.864],[-67.783,4.198],[-67.795,4.381],[-67.855,4.507],[-67.855,4.665],[-67.814,4.931],[-67.804,5.133],[-67.825,5.27],[-67.788,5.375],[-67.695,5.448],[-67.642,5.559],[-67.631,5.709],[-67.575,5.833],[-67.474,5.93],[-67.439,6.026],[-67.482,6.18],[-67.568,6.242],[-67.727,6.285],[-67.859,6.29],[-67.939,6.242],[-68.143,6.198],[-68.472,6.157],[-68.736,6.157],[-68.937,6.198],[-69.09,6.184],[-69.268,6.1],[-69.439,6.135],[-69.739,6.494],[-70.095,6.938],[-70.387,6.973],[-70.655,7.083],[-70.811,7.078],[-71.013,6.994],[-71.218,6.985],[-71.457,7.026],[-71.621,7.033],[-71.893,6.99],[-72.084,7.097],[-72.208,7.37],[-72.395,7.415],[-72.443,7.455],[-72.479,7.613],[-72.446,7.966],[-72.358,8.087],[-72.417,8.382],[-72.665,8.628],[-72.796,9.109],[-72.96,9.135],[-73.058,9.26],[-73.193,9.194],[-73.337,9.168],[-73.356,9.227],[-73.224,9.444],[-73.064,9.668],[-73.007,9.789],[-72.94,10.196],[-72.869,10.491],[-72.69,10.836],[-72.518,11.054],[-72.446,11.114],[-72.248,11.196],[-72.012,11.602],[-71.958,11.666],[-71.536,11.774],[-71.32,11.862]]]},"properties":{"id":"COL"}},
{"type":"Feature","geometry":{"type":"MultiPolygon","coordinates":[[[[121.863,31.492],[121.808,31.552],[121.577,31.637],[121.464,31.756],[121.339,31.797],[121.227,31.758],[121.336,31.644],[121.52,31.55],[121.78,31.464],[121.863,31.492]]],[[[122.296,29.963],[122.284,30.068],[122.111,30.14],[121.969,30.143],[122.024,30.013],[122.296,29.963]]],[[[119.821,25.457],[119.829,25.607],[119.723,25.639],[119.7,25.433],[119.821,25.457]]],[[[107.973,21.508],[108.146,21.565],[108.246,21.558],[108.325,21.694],[108.444,21.607],[108.526,21.671],[108.48,21.905],[108.594,21.901],[108.616,21.77],[108.772,21.63],[109.031,21.627],[109.133,21.544],[109.149,21.426],[109.347,21.454],[109.544,21.538],[109.594,21.672],[109.687,21.525],[109.759,21.56],[109.83,21.484],[109.931,21.481],[109.921,21.376],[109.78,21.337],[109.76,21.228],[109.681,21.132],[109.704,21.053],[109.663,20.917],[109.805,20.711],[109.792,20.622],[109.861,20.514],[109.946,20.474],[109.883,20.364],[109.938,20.295],[110.123,20.264],[110.345,20.295],[110.45,20.355],[110.512,20.518],[110.313,20.672],[110.388,20.791],[110.365,20.838],[110.18,20.859],[110.154,20.945],[110.194,21.038],[110.458,21.231],[110.567,21.214],[110.771,21.387],[110.997,21.43],[111.101,21.485],[111.319,21.486],[111.392,21.535],[111.603,21.559],[111.776,21.719],[111.873,21.717],[111.944,21.85],[112.025,21.843],[112.193,21.763],[112.305,21.742],[112.495,21.818],[112.586,21.777],[112.661,21.859],[112.809,21.945],[112.904,21.881],[112.984,21.938],[113.008,22.119],[113.089,22.208],[113.149,22.075],[113.266,22.089],[113.328,22.145],[113.479,22.196],[113.494,22.242],[113.527,22.246],[113.589,22.35],[113.551,22.404],[113.553,22.594],[113.331,22.912],[113.442,22.941],[113.445,23.055],[113.621,23.127],[113.586,23.02],[113.62,22.861],[113.754,22.734],[113.828,22.607],[114.015,22.512],[114.188,22.565],[114.266,22.541],[114.341,22.593],[114.496,22.527],[114.652,22.755],[114.75,22.626],[114.854,22.617],[115.196,22.817],[115.383,22.719],[115.498,22.719],[115.561,22.825],[115.64,22.853],[115.852,22.802],[116.063,22.879],[116.157,22.887],[116.252,22.981],[116.346,22.941],[116.471,22.946],[116.52,23.007],[116.538,23.18],[116.669,23.228],[116.682,23.327],[116.861,23.453],[116.911,23.647],[117.083,23.579],[117.331,23.709],[117.417,23.621],[117.466,23.841],[117.628,23.837],[117.742,24.015],[117.839,24.012],[118.056,24.246],[118.024,24.38],[117.879,24.396],[117.843,24.474],[118.006,24.482],[118.087,24.627],[118.195,24.626],[118.295,24.573],[118.412,24.601],[118.56,24.58],[118.657,24.621],[118.719,24.746],[118.637,24.836],[118.909,24.929],[118.956,25.005],[118.914,25.127],[119.025,25.223],[119.236,25.206],[119.244,25.307],[119.146,25.414],[119.263,25.468],[119.422,25.46],[119.593,25.368],[119.619,25.437],[119.539,25.591],[119.553,25.699],[119.648,25.919],[119.619,26.004],[119.501,26.009],[119.418,25.954],[119.264,25.975],[119.313,26.063],[119.463,26.055],[119.693,26.236],[119.881,26.334],[119.785,26.547],[119.638,26.621],[119.588,26.785],[119.71,26.729],[119.815,26.798],[119.882,26.61],[119.968,26.586],[120.087,26.672],[120.139,26.886],[120.279,27.097],[120.385,27.156],[120.54,27.318],[120.629,27.482],[120.588,27.581],[120.665,27.639],[120.685,27.745],[120.959,28.037],[121.098,28.291],[121.217,28.346],[121.272,28.222],[121.355,28.23],[121.602,28.367],[121.475,28.641],[121.63,28.768],[121.665,29.011],[121.521,29.118],[121.534,29.237],[121.717,29.256],[121.854,29.129],[121.918,29.135],[121.968,29.491],[121.941,29.606],[121.677,29.584],[121.906,29.78],[121.944,29.894],[121.678,29.979],[121.433,30.227],[121.341,30.282],[121.159,30.302],[120.904,30.161],[120.633,30.133],[120.495,30.303],[120.353,30.247],[120.246,30.284],[120.45,30.388],[120.63,30.391],[120.821,30.355],[120.897,30.393],[120.998,30.558],[121.31,30.7],[121.528,30.841],[121.769,30.87],[121.878,30.917],[121.786,31.163],[121.661,31.32],[121.351,31.485],[121.205,31.628],[121.055,31.719],[120.788,31.82],[120.716,31.984],[120.497,32.02],[120.192,31.906],[120.184,31.966],[120.52,32.106],[120.792,32.032],[120.974,31.869],[121.146,31.842],[121.352,31.859],[121.681,31.712],[121.866,31.704],[121.832,31.9],[121.674,32.051],[121.491,32.121],[121.404,32.206],[121.401,32.372],[121.293,32.457],[120.99,32.567],[120.853,32.661],[120.897,32.843],[120.871,33.017],[120.734,33.237],[120.616,33.491],[120.505,33.638],[120.323,34.169],[120.201,34.326],[119.964,34.448],[119.77,34.496],[119.583,34.582],[119.351,34.749],[119.201,34.748],[119.165,34.849],[119.216,35.012],[119.353,35.114],[119.43,35.301],[119.526,35.359],[119.72,35.589],[119.866,35.644],[119.979,35.74],[120.055,35.861],[120.219,35.935],[120.094,36.119],[120.183,36.202],[120.328,36.228],[120.33,36.11],[120.393,36.054],[120.681,36.168],[120.682,36.341],[120.776,36.456],[120.896,36.444],[120.879,36.635],[120.99,36.598],[121.67,36.836],[121.933,36.959],[122.162,36.959],[122.274,36.834],[122.341,36.832],[122.52,36.947],[122.447,37.068],[122.587,37.181],[122.602,37.426],[122.338,37.405],[122.169,37.456],[122.057,37.529],[121.965,37.445],[121.64,37.46],[121.388,37.579],[121.22,37.6],[121.049,37.725],[120.75,37.834],[120.37,37.701],[120.156,37.495],[119.883,37.351],[119.888,37.253],[119.761,37.155],[119.45,37.125],[119.287,37.138],[119.112,37.201],[118.953,37.331],[118.991,37.641],[119.089,37.701],[119.028,37.904],[118.94,38.043],[118.8,38.127],[118.543,38.095],[118.015,38.183],[117.767,38.312],[117.656,38.424],[117.558,38.625],[117.617,38.853],[117.785,39.134],[117.866,39.191],[118.041,39.227],[118.148,39.195],[118.298,39.067],[118.626,39.177],[118.912,39.166],[119.04,39.222],[119.225,39.408],[119.261,39.561],[119.391,39.752],[119.591,39.903],[119.85,39.987],[120.369,40.204],[120.479,40.231],[120.771,40.589],[120.922,40.683],[121.175,40.901],[121.859,40.842],[122.14,40.688],[122.275,40.542],[122.191,40.358],[121.801,39.951],[121.517,39.845],[121.474,39.755],[121.518,39.639],[121.267,39.545],[121.275,39.385],[121.513,39.375],[121.785,39.401],[121.628,39.22],[121.68,39.109],[121.263,38.96],[121.107,38.921],[121.164,38.732],[121.32,38.808],[121.65,38.865],[121.677,39.003],[121.864,38.996],[122.121,39.152],[122.335,39.366],[122.84,39.601],[123.032,39.674],[123.227,39.687],[123.348,39.763],[123.581,39.786],[123.651,39.882],[123.76,39.822],[124.106,39.841],[124.362,40.004],[124.387,40.104],[124.712,40.319],[124.889,40.46],[125.314,40.645],[125.417,40.66],[125.728,40.867],[125.989,40.905],[126.145,41.078],[126.254,41.138],[126.412,41.321],[126.49,41.358],[126.601,41.641],[126.904,41.781],[127.007,41.742],[127.18,41.531],[127.688,41.44],[127.919,41.461],[128.111,41.389],[128.2,41.433],[128.291,41.563],[128.033,41.898],[128.045,41.988],[128.308,42.026],[128.427,42.011],[128.923,42.038],[129.196,42.218],[129.218,42.313],[129.314,42.414],[129.424,42.436],[129.524,42.385],[129.72,42.475],[129.779,42.777],[129.898,42.998],[130.083,42.974],[130.24,42.892],[130.247,42.745],[130.361,42.631],[130.527,42.535],[130.577,42.623],[130.425,42.727],[130.577,42.812],[131.069,42.902],[131.086,43.038],[131.176,43.142],[131.262,43.433],[131.182,43.506],[131.174,43.705],[131.213,44.003],[131.255,44.072],[131.061,44.66],[130.968,44.8],[131.082,44.91],[131.228,44.92],[131.447,44.984],[131.579,45.084],[131.654,45.205],[131.852,45.327],[131.978,45.244],[132.936,45.03],[133.113,45.131],[133.113,45.321],[133.186,45.495],[133.436,45.605],[133.513,45.879],[133.686,46.009],[133.701,46.14],[133.861,46.248],[133.903,46.367],[133.867,46.499],[134.023,46.713],[134.039,46.858],[134.137,47.069],[134.202,47.128],[134.168,47.302],[134.291,47.414],[134.483,47.447],[134.596,47.524],[134.752,47.715],[134.566,48.023],[134.669,48.153],[134.665,48.254],[134.564,48.322],[134.293,48.373],[133.842,48.274],[133.468,48.097],[133.144,48.106],[132.877,47.979],[132.707,47.947],[132.562,47.769],[132.38,47.729],[131.785,47.681],[131.557,47.682],[131.319,47.728],[131.003,47.691],[130.849,47.929],[130.733,48.019],[130.712,48.128],[130.804,48.342],[130.552,48.602],[130.617,48.773],[130.553,48.861],[130.196,48.892],[130.037,48.972],[129.793,49.199],[129.534,49.323],[129.498,49.389],[129.12,49.362],[128.819,49.464],[128.704,49.6],[128.237,49.559],[128,49.569],[127.711,49.672],[127.502,49.873],[127.512,50.072],[127.59,50.209],[127.395,50.299],[127.306,50.454],[127.347,50.55],[127.307,50.708],[126.925,51.1],[126.834,51.315],[126.805,51.506],[126.709,51.566],[126.701,51.703],[126.511,51.926],[126.456,52.126],[126.313,52.4],[126.157,52.547],[126.016,52.61],[126.048,52.739],[125.872,52.872],[125.728,52.891],[125.649,53.042],[125.422,53.084],[125.226,53.166],[124.971,53.197],[124.812,53.134],[124.64,53.211],[124.466,53.23],[124.291,53.341],[123.995,53.406],[123.608,53.547],[123.154,53.545],[122.745,53.469],[122.516,53.457],[122.338,53.485],[122.089,53.451],[121.405,53.317],[120.985,53.285],[120.704,53.172],[120.421,52.968],[120.095,52.787],[120.068,52.633],[120.36,52.627],[120.656,52.567],[120.699,52.494],[120.665,52.3],[120.745,52.205],[120.75,52.097],[120.681,51.973],[120.511,51.849],[120.237,51.723],[120.067,51.601],[119.967,51.422],[119.813,51.267],[119.746,51.108],[119.573,50.947],[119.446,50.703],[119.281,50.561],[119.192,50.38],[119.346,50.279],[119.26,50.066],[118.979,49.979],[118.756,49.963],[118.452,49.844],[117.873,49.513],[117.698,49.536],[117.477,49.609],[117.246,49.625],[116.889,49.738],[116.683,49.824],[116.243,49.17],[115.954,48.689],[115.821,48.577],[115.786,48.248],[115.525,48.131],[115.558,47.945],[115.712,47.799],[115.898,47.687],[116.231,47.858],[116.513,47.84],[116.761,47.87],[117.07,47.806],[117.351,47.652],[117.768,47.988],[118.147,48.029],[118.498,47.984],[118.76,47.758],[119.082,47.654],[119.123,47.558],[119.527,47.256],[119.711,47.15],[119.788,46.979],[119.898,46.858],[119.867,46.672],[119.707,46.606],[119.162,46.639],[118.844,46.76],[118.723,46.692],[118.309,46.717],[117.91,46.619],[117.813,46.538],[117.671,46.522],[117.547,46.588],[117.406,46.571],[117.333,46.362],[116.979,46.362],[116.859,46.388],[116.563,46.29],[116.517,46.209],[116.358,46.097],[116.213,45.887],[116.241,45.796],[116.11,45.687],[115.934,45.626],[115.681,45.458],[115.163,45.39],[114.919,45.378],[114.739,45.42],[114.517,45.365],[114.419,45.203],[114.03,44.943],[113.877,44.896],[113.587,44.746],[113.049,44.81],[112.597,44.918],[112.411,45.058],[111.898,45.064],[111.751,44.97],[111.621,44.827],[111.489,44.512],[111.402,44.367],[111.52,44.192],[111.837,43.935],[111.932,43.815],[111.933,43.711],[111.771,43.665],[111.547,43.496],[111.007,43.341],[110.43,42.814],[110.4,42.774],[109.698,42.554],[109.443,42.456],[108.687,42.416],[108.171,42.447],[107.091,42.322],[106.77,42.289],[105.868,41.994],[105.314,41.771],[105.197,41.738],[105.051,41.616],[104.86,41.644],[104.498,41.659],[104.498,41.877],[103.711,41.751],[103.073,42.006],[102.157,42.158],[101.973,42.216],[101.714,42.466],[101.495,42.539],[101.092,42.551],[99.984,42.677],[99.468,42.568],[98.947,42.616],[97.719,42.736],[97.206,42.79],[96.385,42.72],[96.3,42.929],[95.913,43.206],[95.842,43.384],[95.526,43.954],[95.356,44.006],[95.326,44.105],[95.35,44.278],[95.05,44.259],[94.712,44.351],[94.365,44.519],[94.199,44.645],[93.958,44.675],[93.656,44.901],[93.294,44.983],[92.788,45.036],[92.424,45.009],[92.03,45.069],[91.584,45.077],[91.441,45.125],[91.312,45.118],[91.05,45.217],[90.877,45.196],[90.662,45.525],[90.71,45.731],[90.796,45.854],[91.002,46.036],[90.912,46.271],[91.034,46.529],[90.986,46.749],[90.87,46.954],[90.716,47.004],[90.496,47.285],[90.425,47.504],[90.313,47.676],[90.103,47.745],[90.028,47.878],[89.778,47.827],[89.561,48.004],[89.33,48.025],[89.196,47.981],[89.048,48.003],[88.576,48.22],[88.517,48.384],[88.31,48.472],[87.98,48.555],[88.028,48.736],[87.832,48.792],[87.743,48.882],[87.86,48.966],[87.814,49.162],[87.323,49.086],[87.049,49.11],[86.886,49.091],[86.753,49.009],[86.718,48.697],[86.549,48.529],[86.266,48.455],[85.749,48.385],[85.626,48.204],[85.526,47.916],[85.587,47.494],[85.67,47.338],[85.657,47.255],[85.485,47.064],[85.233,47.036],[85.012,46.909],[84.786,46.831],[84.667,46.972],[84.339,46.996],[84.016,46.971],[83.634,47.043],[83.193,47.187],[83.029,47.186],[83.004,47.033],[82.692,46.387],[82.555,46.159],[82.43,45.812],[82.315,45.595],[82.327,45.52],[82.583,45.443],[82.621,45.293],[82.559,45.155],[82.479,45.124],[82.267,45.219],[81.989,45.162],[81.79,45.226],[81.692,45.349],[81.602,45.311],[80.853,45.129],[80.635,45.127],[80.059,45.006],[79.872,44.884],[79.997,44.797],[80.255,44.808],[80.455,44.746],[80.401,44.677],[80.336,44.438],[80.355,44.097],[80.496,43.892],[80.704,43.427],[80.668,43.31],[80.786,43.162],[80.617,43.128],[80.39,43.043],[80.383,42.974],[80.544,42.912],[80.25,42.797],[80.165,42.666],[80.206,42.399],[80.259,42.235],[80.209,42.19],[80.216,42.032],[79.84,41.996],[79.766,41.899],[79.354,41.781],[79.294,41.783],[78.743,41.56],[78.362,41.372],[78.346,41.281],[78.123,41.076],[77.815,41.056],[77.582,40.993],[77.182,41.011],[76.987,41.039],[76.824,40.982],[76.64,40.742],[76.578,40.578],[76.48,40.45],[76.319,40.352],[76.258,40.431],[76.062,40.388],[75.872,40.303],[75.656,40.329],[75.583,40.605],[75.521,40.628],[75.241,40.48],[75.004,40.45],[74.866,40.494],[74.801,40.429],[74.842,40.345],[74.68,40.311],[74.412,40.137],[73.992,40.043],[73.835,39.8],[73.915,39.606],[73.823,39.489],[73.632,39.449],[73.607,39.229],[73.796,39.002],[73.696,38.854],[73.802,38.607],[74.026,38.54],[74.131,38.661],[74.277,38.66],[74.514,38.6],[74.745,38.51],[74.836,38.404],[74.772,38.275],[74.79,38.104],[74.891,37.926],[74.938,37.773],[74.894,37.601],[75.097,37.451],[75.119,37.386],[74.891,37.232],[74.727,37.291],[74.372,37.158],[74.541,37.022],[74.692,37.036],[74.889,36.952],[75.054,36.987],[75.347,36.913],[75.424,36.738],[75.667,36.742],[75.84,36.65],[75.933,36.522],[75.974,36.382],[75.969,36.169],[75.905,36.088],[75.945,36.018],[76.071,35.983],[76.148,35.829],[76.252,35.811],[76.551,35.887],[76.563,35.773],[76.767,35.662],[77.09,35.552],[77.446,35.476],[77.799,35.496],[77.895,35.449],[78.047,35.449],[78.012,35.251],[78.076,35.135],[78.282,34.654],[78.327,34.606],[78.671,34.518],[78.936,34.352],[78.971,34.228],[78.753,34.088],[78.727,34.013],[78.784,33.809],[78.802,33.5],[78.948,33.347],[79.113,33.226],[79.109,33.023],[79.202,32.946],[79.234,32.703],[79.219,32.501],[79.127,32.476],[79.067,32.388],[78.919,32.358],[78.771,32.468],[78.701,32.597],[78.413,32.558],[78.39,32.52],[78.496,32.216],[78.735,31.958],[78.693,31.74],[78.803,31.618],[78.727,31.472],[78.744,31.324],[78.792,31.294],[78.974,31.329],[79.011,31.414],[79.107,31.403],[79.339,31.106],[79.565,30.949],[79.795,30.968],[80.081,30.782],[80.194,30.759],[80.191,30.568],[80.261,30.561],[80.682,30.415],[80.985,30.237],[81.01,30.165],[81.11,30.037],[81.255,30.093],[81.417,30.338],[81.642,30.388],[82.043,30.327],[82.159,30.115],[82.221,30.064],[82.487,29.942],[82.854,29.683],[83.014,29.618],[83.155,29.613],[83.355,29.439],[83.583,29.184],[83.671,29.188],[83.936,29.279],[84.101,29.22],[84.229,28.912],[84.465,28.753],[84.651,28.66],[84.714,28.596],[84.855,28.554],[85.069,28.61],[85.159,28.592],[85.089,28.372],[85.122,28.316],[85.411,28.276],[85.678,28.277],[85.84,28.135],[85.954,27.928],[86.064,27.935],[86.079,28.084],[86.409,27.929],[86.517,27.964],[86.554,28.085],[86.691,28.095],[86.75,28.022],[87.02,27.929],[87.141,27.838],[87.291,27.822],[87.683,27.821],[87.861,27.886],[88.11,27.871],[88.109,27.933],[88.426,28.012],[88.621,28.092],[88.804,28.007],[88.849,27.869],[88.749,27.522],[88.765,27.43],[88.891,27.316],[88.948,27.464],[89.102,27.593],[89.16,27.711],[89.537,28.107],[89.75,28.188],[89.817,28.256],[89.981,28.311],[90.348,28.244],[90.353,28.08],[90.716,28.072],[91.078,27.974],[91.226,28.071],[91.606,27.952],[91.632,27.76],[91.978,27.73],[92.101,27.808],[92.415,27.825],[92.664,27.949],[92.643,28.062],[92.702,28.147],[92.882,28.228],[93.119,28.402],[93.207,28.591],[93.361,28.654],[93.665,28.69],[93.902,28.803],[94.293,29.145],[94.468,29.216],[94.623,29.312],[94.733,29.252],[94.769,29.176],[94.999,29.149],[95.279,29.05],[95.42,29.054],[95.516,29.206],[95.71,29.314],[96.035,29.447],[96.129,29.381],[96.235,29.246],[96.34,29.21],[96.122,29.082],[96.162,28.91],[96.347,29.027],[96.436,29.051],[96.581,28.764],[96.396,28.607],[96.279,28.428],[96.428,28.406],[96.603,28.46],[96.776,28.367],[96.981,28.338],[97.075,28.369],[97.322,28.218],[97.538,28.51],[97.695,28.469],[97.769,28.356],[97.865,28.364],[98.099,28.142],[98.13,27.968],[98.299,27.55],[98.409,27.639],[98.504,27.648],[98.651,27.572],[98.677,27.422],[98.675,27.191],[98.717,27.045],[98.738,26.786],[98.732,26.583],[98.672,26.299],[98.663,26.139],[98.572,26.114],[98.655,25.918],[98.625,25.827],[98.466,25.789],[98.334,25.587],[98.173,25.595],[98.1,25.416],[98.011,25.293],[97.918,25.236],[97.82,25.252],[97.715,25.034],[97.724,24.842],[97.583,24.775],[97.529,24.631],[97.531,24.492],[97.667,24.38],[97.708,24.229],[97.691,24.131],[97.568,23.988],[97.565,23.911],[97.686,23.898],[98.017,24.065],[98.213,24.111],[98.499,24.116],[98.583,24.07],[98.764,24.116],[98.834,24.091],[98.702,23.964],[98.681,23.842],[98.788,23.738],[98.832,23.624],[98.798,23.52],[98.859,23.44],[98.886,23.307],[98.864,23.191],[99.055,23.131],[99.341,23.096],[99.465,23.046],[99.507,22.959],[99.385,22.825],[99.338,22.689],[99.338,22.498],[99.243,22.37],[99.172,22.192],[99.193,22.126],[99.593,22.089],[99.918,22.028],[99.948,21.988],[99.926,21.821],[99.978,21.702],[100.096,21.661],[100.089,21.558],[100.215,21.463],[100.351,21.501],[100.531,21.458],[100.677,21.505],[100.835,21.655],[101.019,21.736],[101.121,21.746],[101.139,21.567],[101.197,21.522],[101.175,21.408],[101.224,21.224],[101.281,21.184],[101.542,21.234],[101.705,21.15],[101.802,21.236],[101.723,21.315],[101.747,21.606],[101.737,21.827],[101.603,21.99],[101.525,22.254],[101.62,22.327],[101.671,22.462],[101.76,22.49],[101.842,22.388],[102.024,22.439],[102.127,22.379],[102.237,22.466],[102.428,22.733],[102.517,22.741],[102.83,22.587],[102.935,22.466],[103.005,22.453],[103.136,22.542],[103.138,22.593],[103.266,22.714],[103.356,22.755],[103.471,22.597],[103.525,22.612],[103.62,22.782],[103.915,22.538],[103.971,22.55],[104.054,22.752],[104.213,22.809],[104.298,22.712],[104.372,22.704],[104.527,22.804],[104.687,22.822],[104.796,22.911],[104.827,23.1],[104.865,23.136],[105.189,23.281],[105.275,23.345],[105.495,23.181],[105.548,23.073],[105.691,23.03],[105.843,22.923],[106.001,22.975],[106.148,22.97],[106.249,22.869],[106.542,22.908],[106.78,22.779],[106.702,22.638],[106.582,22.573],[106.536,22.395],[106.654,22.241],[106.664,21.979],[106.729,22],[107.006,21.893],[107.02,21.835],[107.179,21.717],[107.272,21.711],[107.351,21.609],[107.471,21.598],[107.802,21.645],[107.973,21.508]]],[[[110.889,19.992],[110.809,20.014],[110.679,20.137],[110.598,20.098],[110.588,19.976],[110.418,20.055],[110.172,20.054],[110.083,19.993],[109.906,19.963],[109.651,19.984],[109.514,19.904],[109.315,19.904],[109.219,19.843],[109.179,19.674],[109.063,19.614],[108.694,19.338],[108.65,19.265],[108.636,18.908],[108.702,18.535],[109.03,18.368],[109.4,18.281],[109.519,18.218],[109.703,18.259],[109.816,18.397],[110.067,18.448],[110.049,18.505],[110.252,18.656],[110.451,18.748],[110.566,19.099],[110.572,19.172],[110.822,19.558],[111.014,19.655],[110.971,19.883],[110.889,19.992]]]]},"properties":{"id":"CHN"}},
{"type":"Feature","geometry":{"type":"Polygon","coordinates":[[[113.479,22.196],[113.527,22.246],[113.494,22.242],[113.479,22.196]]]},"properties":{"id":"MAC"}},
{"type":"Feature","geometry":{"type":"Polygon","coordinates":[[[114.015,22.512],[113.896,22.428],[114.268,22.296],[114.291,22.374],[114.266,22.541],[114.188,22.565],[114.015,22.512]]]},"properties":{"id":"HKG"}},
{"type":"Feature","geometry":{"type":"MultiPolygon","coordinates":[[[[-70.418,-18.346],[-70.362,-18.398],[-70.336,-18.595],[-70.335,-18.828],[-70.276,-19.268],[-70.21,-19.487],[-70.148,-19.805],[-70.147,-20.23],[-70.194,-20.531],[-70.197,-20.725],[-70.088,-21.253],[-70.088,-21.493],[-70.13,-21.641],[-70.155,-21.867],[-70.229,-22.193],[-70.26,-22.556],[-70.332,-22.849],[-70.45,-23.034],[-70.563,-23.057],[-70.588,-23.368],[-70.512,-23.483],[-70.392,-23.566],[-70.488,-23.782],[-70.52,-23.969],[-70.507,-24.13],[-70.546,-24.332],[-70.574,-24.644],[-70.559,-24.779],[-70.445,-25.173],[-70.49,-25.376],[-70.633,-25.546],[-70.714,-25.784],[-70.635,-25.993],[-70.662,-26.225],[-70.647,-26.329],[-70.708,-26.597],[-70.803,-26.841],[-70.813,-26.951],[-70.898,-27.187],[-70.926,-27.589],[-71.053,-27.727],[-71.154,-28.064],[-71.186,-28.378],[-71.267,-28.508],[-71.307,-28.672],[-71.384,-28.779],[-71.494,-28.855],[-71.519,-28.926],[-71.486,-29.198],[-71.353,-29.35],[-71.316,-29.65],[-71.348,-29.933],[-71.4,-30.143],[-71.669,-30.33],[-71.709,-30.628],[-71.706,-30.759],[-71.654,-30.987],[-71.662,-31.17],[-71.577,-31.496],[-71.526,-31.806],[-71.513,-32.208],[-71.421,-32.387],[-71.461,-32.538],[-71.452,-32.66],[-71.592,-32.97],[-71.743,-33.095],[-71.697,-33.289],[-71.696,-33.429],[-71.636,-33.519],[-71.664,-33.653],[-71.831,-33.82],[-72.003,-34.165],[-71.992,-34.288],[-72.056,-34.616],[-72.182,-34.92],[-72.224,-35.096],[-72.387,-35.24],[-72.505,-35.447],[-72.624,-35.586],[-72.587,-35.76],[-72.778,-35.979],[-72.875,-36.39],[-73.007,-36.643],[-73.118,-36.688],[-73.173,-37.054],[-73.216,-37.167],[-73.375,-37.224],[-73.602,-37.188],[-73.662,-37.341],[-73.603,-37.479],[-73.665,-37.59],[-73.662,-37.699],[-73.517,-37.911],[-73.465,-38.04],[-73.533,-38.367],[-73.481,-38.624],[-73.226,-39.224],[-73.25,-39.422],[-73.41,-39.789],[-73.671,-39.963],[-73.669,-40.082],[-73.742,-40.263],[-73.784,-40.468],[-73.92,-40.872],[-73.984,-40.974],[-73.966,-41.118],[-73.811,-41.517],[-73.688,-41.639],[-73.735,-41.742],[-73.521,-41.797],[-73.242,-41.781],[-73.174,-41.747],[-73.015,-41.544],[-72.805,-41.544],[-72.67,-41.659],[-72.542,-41.691],[-72.744,-41.801],[-72.824,-41.909],[-72.738,-41.995],[-72.499,-41.981],[-72.412,-42.388],[-72.631,-42.2],[-72.785,-42.301],[-72.632,-42.51],[-72.774,-42.505],[-72.848,-42.669],[-72.845,-42.808],[-72.766,-42.908],[-72.758,-43.039],[-72.878,-43.048],[-72.94,-43.211],[-73.076,-43.324],[-73.101,-43.455],[-72.997,-43.632],[-73.069,-43.862],[-73.224,-43.898],[-73.265,-44.169],[-72.828,-44.395],[-72.664,-44.436],[-72.68,-44.594],[-72.739,-44.734],[-73.078,-44.92],[-73.362,-44.978],[-73.445,-45.238],[-73.226,-45.255],[-72.941,-45.417],[-72.978,-45.451],[-73.202,-45.354],[-73.379,-45.383],[-73.55,-45.484],[-73.731,-45.48],[-73.78,-45.628],[-73.757,-45.703],[-73.594,-45.777],[-73.662,-46.297],[-73.77,-46.5],[-73.935,-46.501],[-73.811,-46.377],[-73.708,-46.07],[-73.695,-45.86],[-73.879,-45.847],[-73.968,-46.154],[-74.061,-45.947],[-73.96,-45.835],[-73.825,-45.447],[-74.038,-45.418],[-74.123,-45.496],[-74.083,-45.645],[-74.158,-45.767],[-74.463,-45.841],[-74.763,-45.824],[-75.067,-45.875],[-75.075,-46.004],[-74.924,-46.16],[-75.075,-46.235],[-75.247,-46.369],[-75.657,-46.61],[-75.708,-46.775],[-75.497,-46.94],[-75.386,-46.863],[-75.478,-46.662],[-75.146,-46.6],[-75.053,-46.628],[-75.006,-46.741],[-74.691,-46.864],[-74.512,-46.885],[-74.454,-46.767],[-74.314,-46.788],[-74.152,-46.974],[-74.208,-47.083],[-74.158,-47.183],[-74.403,-47.328],[-74.483,-47.43],[-74.324,-47.531],[-74.134,-47.591],[-74.243,-47.679],[-74.534,-47.568],[-74.655,-47.702],[-74.609,-47.758],[-74.376,-47.83],[-74.351,-47.944],[-74.227,-47.969],[-73.941,-47.929],[-73.847,-47.867],[-73.716,-47.655],[-73.61,-47.994],[-73.501,-48.107],[-73.528,-48.198],[-73.854,-48.042],[-74.25,-48.045],[-74.585,-47.999],[-74.577,-48.274],[-74.474,-48.464],[-74.176,-48.494],[-74.341,-48.596],[-74.382,-48.794],[-74.367,-49.4],[-74.221,-49.501],[-74.14,-49.25],[-74.023,-49.244],[-74.094,-49.43],[-73.892,-49.523],[-73.892,-49.624],[-74.102,-49.555],[-74.291,-49.604],[-74.324,-49.783],[-74.019,-50.023],[-74.334,-49.975],[-74.63,-50.194],[-74.425,-50.35],[-74.186,-50.485],[-74.197,-50.61],[-73.978,-50.827],[-73.892,-50.783],[-73.75,-50.54],[-73.614,-50.628],[-73.741,-50.697],[-73.847,-50.94],[-74.19,-50.778],[-74.366,-50.488],[-74.644,-50.361],[-74.776,-50.47],[-74.649,-50.618],[-74.686,-50.662],[-75.095,-50.681],[-75.055,-50.786],[-74.815,-51.063],[-74.332,-51.195],[-74.121,-51.195],[-73.94,-51.266],[-73.896,-51.331],[-73.93,-51.618],[-74.07,-51.579],[-74.197,-51.681],[-73.973,-51.784],[-73.753,-51.796],[-73.65,-51.856],[-73.518,-52.041],[-73.383,-52.07],[-72.928,-51.86],[-72.6,-51.799],[-72.583,-51.737],[-72.789,-51.614],[-73.197,-51.478],[-73.127,-51.44],[-72.761,-51.573],[-72.49,-51.764],[-72.523,-51.891],[-72.695,-51.985],[-72.843,-51.961],[-72.944,-52.047],[-73.137,-52.13],[-73.327,-52.166],[-73.532,-52.153],[-73.834,-52.234],[-74.04,-52.159],[-74.296,-52.118],[-74.151,-52.383],[-74.037,-52.403],[-74.014,-52.639],[-73.915,-52.688],[-73.711,-52.662],[-73.586,-52.686],[-73.382,-52.595],[-73.244,-52.624],[-73.241,-52.707],[-73.645,-52.837],[-73.508,-52.904],[-73.338,-53.055],[-73.122,-53.074],[-73.023,-53.022],[-73.02,-52.892],[-72.932,-52.782],[-72.802,-52.712],[-72.777,-52.577],[-72.645,-52.529],[-72.438,-52.626],[-72.226,-52.521],[-71.812,-52.537],[-71.511,-52.605],[-71.591,-52.661],[-71.797,-52.683],[-72.118,-52.65],[-72.453,-52.814],[-72.627,-52.818],[-72.728,-52.762],[-72.889,-52.872],[-72.916,-53.122],[-73.053,-53.243],[-72.727,-53.42],[-72.549,-53.461],[-72.458,-53.254],[-72.129,-53.064],[-71.898,-53.002],[-71.388,-52.764],[-71.155,-52.846],[-71.18,-52.921],[-71.4,-53.107],[-71.853,-53.286],[-71.942,-53.234],[-72.306,-53.254],[-72.413,-53.35],[-72.377,-53.471],[-72.174,-53.632],[-71.872,-53.723],[-71.694,-53.803],[-71.298,-53.883],[-70.996,-53.779],[-70.948,-53.57],[-70.985,-53.448],[-70.952,-53.227],[-70.821,-52.963],[-70.795,-52.769],[-70.563,-52.673],[-70.391,-52.661],[-69.907,-52.514],[-69.763,-52.506],[-69.561,-52.422],[-69.447,-52.269],[-69.241,-52.205],[-69.007,-52.263],[-68.443,-52.357],[-68.461,-52.29],[-68.715,-52.255],[-69.206,-52.136],[-69.488,-52.136],[-69.96,-52.008],[-70.483,-52.002],[-71.919,-51.99],[-71.953,-51.88],[-72.137,-51.744],[-72.269,-51.691],[-72.408,-51.541],[-72.303,-51.299],[-72.377,-51.095],[-72.276,-50.91],[-72.34,-50.682],[-72.51,-50.608],[-72.62,-50.648],[-72.804,-50.638],[-73.082,-50.76],[-73.153,-50.738],[-73.252,-50.558],[-73.387,-50.231],[-73.501,-50.125],[-73.529,-49.911],[-73.47,-49.795],[-73.576,-49.583],[-73.554,-49.464],[-73.462,-49.314],[-73.135,-49.301],[-73.149,-49.188],[-72.982,-48.977],[-72.728,-48.896],[-72.614,-48.793],[-72.608,-48.519],[-72.498,-48.417],[-72.355,-48.366],[-72.293,-48.229],[-72.328,-48.11],[-72.509,-47.973],[-72.518,-47.876],[-72.342,-47.572],[-72.346,-47.493],[-72.103,-47.343],[-72.042,-47.241],[-71.905,-47.202],[-71.963,-47.016],[-71.94,-46.831],[-71.733,-46.706],[-71.695,-46.578],[-71.778,-46.28],[-71.876,-46.161],[-71.684,-46.042],[-71.632,-45.954],[-71.751,-45.839],[-71.773,-45.724],[-71.693,-45.535],[-71.508,-45.513],[-71.49,-45.438],[-71.349,-45.332],[-71.354,-45.23],[-71.443,-45.168],[-71.596,-44.979],[-72.042,-44.904],[-71.957,-44.792],[-71.455,-44.75],[-71.261,-44.763],[-71.151,-44.494],[-71.213,-44.441],[-71.82,-44.383],[-71.812,-44.106],[-71.68,-43.93],[-71.795,-43.753],[-71.751,-43.59],[-71.905,-43.44],[-71.905,-43.348],[-71.764,-43.295],[-71.781,-43.167],[-72.055,-43.102],[-72.146,-42.99],[-72.114,-42.777],[-72.144,-42.577],[-72.053,-42.473],[-72.125,-42.298],[-72.026,-42.148],[-71.944,-42.167],[-71.761,-42.101],[-71.77,-41.969],[-71.911,-41.65],[-71.871,-41.561],[-71.892,-41.393],[-71.873,-40.893],[-71.941,-40.789],[-71.932,-40.692],[-71.805,-40.439],[-71.695,-40.335],[-71.818,-40.177],[-71.66,-40.021],[-71.638,-39.887],[-71.72,-39.635],[-71.539,-39.602],[-71.42,-39.287],[-71.426,-38.986],[-71.286,-38.845],[-71.087,-38.758],[-70.952,-38.738],[-70.848,-38.542],[-70.968,-38.446],[-71.028,-38.041],[-71.168,-37.762],[-71.187,-37.631],[-71.135,-37.445],[-71.2,-37.3],[-71.118,-37.114],[-71.192,-36.844],[-71.066,-36.644],[-71.056,-36.524],[-70.905,-36.42],[-70.749,-36.393],[-70.722,-36.283],[-70.563,-36.146],[-70.405,-36.062],[-70.416,-35.879],[-70.38,-35.772],[-70.47,-35.326],[-70.555,-35.247],[-70.393,-35.147],[-70.29,-34.733],[-70.101,-34.432],[-70.052,-34.301],[-69.852,-34.224],[-69.894,-33.731],[-69.883,-33.601],[-69.798,-33.399],[-69.82,-33.284],[-70.02,-33.271],[-70.085,-33.202],[-70.093,-33.027],[-70.022,-32.885],[-70.116,-32.807],[-70.177,-32.626],[-70.17,-32.472],[-70.258,-32.31],[-70.32,-32.267],[-70.364,-32.083],[-70.254,-31.958],[-70.331,-31.881],[-70.45,-31.842],[-70.585,-31.569],[-70.52,-31.148],[-70.388,-31.121],[-70.309,-31.023],[-70.348,-30.902],[-70.269,-30.677],[-70.161,-30.44],[-69.956,-30.358],[-69.863,-30.12],[-69.96,-30.078],[-69.928,-29.769],[-70.027,-29.324],[-69.996,-29.25],[-69.828,-29.103],[-69.743,-28.784],[-69.735,-28.641],[-69.657,-28.414],[-69.437,-28.193],[-69.251,-27.974],[-69.174,-27.925],[-68.999,-27.449],[-68.942,-27.405],[-68.846,-27.154],[-68.71,-27.104],[-68.652,-27.148],[-68.537,-27.085],[-68.346,-27.028],[-68.319,-26.878],[-68.581,-26.518],[-68.592,-26.418],[-68.53,-26.277],[-68.415,-26.154],[-68.511,-25.741],[-68.6,-25.486],[-68.541,-25.237],[-68.384,-25.092],[-68.466,-24.925],[-68.562,-24.838],[-68.507,-24.63],[-68.3,-24.46],[-68.25,-24.392],[-67.356,-24.034],[-67.009,-23.001],[-67.195,-22.822],[-67.58,-22.892],[-67.794,-22.879],[-67.879,-22.823],[-67.882,-22.493],[-67.95,-22.334],[-67.988,-22.057],[-68.077,-21.983],[-68.112,-21.753],[-68.186,-21.619],[-68.197,-21.3],[-68.435,-20.948],[-68.534,-20.924],[-68.563,-20.72],[-68.5,-20.612],[-68.745,-20.459],[-68.759,-20.378],[-68.689,-20.31],[-68.735,-20.225],[-68.727,-20.07],[-68.6,-20.045],[-68.561,-19.967],[-68.578,-19.857],[-68.698,-19.721],[-68.463,-19.433],[-68.858,-19.093],[-68.968,-18.968],[-68.979,-18.813],[-69.027,-18.656],[-69.092,-18.282],[-69.145,-18.144],[-69.094,-18.05],[-69.313,-17.943],[-69.358,-17.772],[-69.495,-17.62],[-69.511,-17.506],[-69.685,-17.65],[-69.852,-17.704],[-69.802,-17.9],[-69.84,-18.093],[-69.926,-18.206],[-70.184,-18.325],[-70.418,-18.346]]],[[[-68.63,-52.653],[-68.79,-52.577],[-69.08,-52.674],[-69.167,-52.668],[-69.414,-52.486],[-69.498,-52.491],[-69.764,-52.731],[-69.994,-52.821],[-70.19,-52.724],[-70.38,-52.752],[-70.131,-52.943],[-70.391,-53.026],[-70.46,-53.206],[-70.329,-53.378],[-70.09,-53.418],[-69.874,-53.35],[-69.637,-53.334],[-69.394,-53.373],[-69.352,-53.48],[-69.95,-53.672],[-70.149,-53.761],[-70.151,-53.888],[-69.988,-54.109],[-69.044,-54.407],[-69.253,-54.557],[-69.419,-54.407],[-69.742,-54.306],[-69.867,-54.367],[-70.169,-54.379],[-70.38,-54.181],[-70.535,-54.136],[-70.63,-54.006],[-70.38,-53.987],[-70.443,-53.893],[-70.531,-53.627],[-70.696,-53.727],[-70.644,-53.823],[-70.868,-53.884],[-70.863,-54.11],[-70.76,-54.241],[-70.54,-54.303],[-70.298,-54.486],[-70.701,-54.485],[-70.699,-54.349],[-70.898,-54.338],[-70.966,-54.42],[-71.159,-54.451],[-71.355,-54.395],[-71.606,-54.497],[-71.716,-54.444],[-71.928,-54.529],[-71.832,-54.626],[-71.441,-54.62],[-71.229,-54.694],[-70.925,-54.714],[-70.497,-54.81],[-70.282,-54.752],[-70.031,-54.816],[-69.723,-54.712],[-69.486,-54.859],[-69.082,-54.91],[-68.653,-54.854],[-68.64,-54.324],[-68.633,-53.242],[-68.63,-52.653]]],[[[-67.08,-55.154],[-67.107,-55.064],[-67.245,-54.978],[-67.874,-54.93],[-68.107,-54.929],[-68.301,-54.981],[-68.174,-55.071],[-68.07,-55.221],[-67.768,-55.26],[-67.463,-55.182],[-67.399,-55.272],[-67.257,-55.282],[-67.08,-55.154]]],[[[-73.773,-43.346],[-73.75,-43.159],[-73.541,-43.074],[-73.436,-42.937],[-73.568,-42.762],[-73.789,-42.586],[-73.471,-42.466],[-73.533,-42.314],[-73.439,-42.278],[-73.528,-41.896],[-73.731,-41.877],[-74.037,-41.796],[-74.019,-41.891],[-74.072,-42.106],[-74.16,-42.216],[-74.199,-42.481],[-74.156,-42.591],[-74.209,-42.879],[-74.289,-43.079],[-74.373,-43.186],[-74.355,-43.264],[-74.114,-43.358],[-73.919,-43.372],[-73.773,-43.346]]],[[[-74.476,-49.148],[-74.531,-48.813],[-74.567,-48.755],[-74.793,-48.705],[-74.981,-48.819],[-74.949,-48.96],[-75.184,-49.084],[-75.086,-49.27],[-75.327,-49.269],[-75.467,-49.359],[-75.306,-49.494],[-75.337,-49.628],[-75.521,-49.622],[-75.57,-49.697],[-75.3,-49.847],[-75.066,-49.852],[-74.994,-49.752],[-74.96,-49.533],[-74.805,-49.516],[-74.88,-49.726],[-74.763,-50.011],[-74.595,-50.007],[-74.496,-49.859],[-74.459,-49.691],[-74.522,-49.623],[-74.467,-49.295],[-74.476,-49.148]]],[[[-75.51,-48.763],[-75.225,-48.671],[-75.158,-48.623],[-75.156,-48.425],[-75.391,-48.02],[-75.561,-48.071],[-75.518,-48.329],[-75.651,-48.586],[-75.623,-48.765],[-75.51,-48.763]]],[[[-74.386,-52.922],[-74.27,-53.082],[-73.994,-53.076],[-73.794,-53.121],[-73.617,-53.23],[-73.583,-53.3],[-73.226,-53.358],[-73.451,-53.144],[-74.066,-52.965],[-74.386,-52.922]]],[[[-74.567,-48.592],[-74.729,-48.126],[-74.846,-48.021],[-74.827,-47.85],[-74.975,-47.923],[-75.198,-47.975],[-75.213,-48.142],[-75.052,-48.391],[-75.013,-48.536],[-74.923,-48.626],[-74.567,-48.592]]],[[[-72.923,-53.482],[-73.099,-53.512],[-73.366,-53.47],[-73.447,-53.41],[-73.687,-53.427],[-73.845,-53.546],[-73.642,-53.57],[-73.471,-53.736],[-73.314,-53.729],[-73.305,-53.944],[-73.12,-54.009],[-72.984,-53.861],[-72.764,-53.865],[-72.882,-54.042],[-72.871,-54.127],[-72.563,-54.074],[-72.369,-53.981],[-72.306,-53.862],[-72.205,-53.807],[-72.482,-53.588],[-72.685,-53.558],[-72.882,-53.578],[-72.923,-53.482]]],[[[-74.823,-51.63],[-74.91,-51.65],[-75.105,-51.789],[-75.017,-52.038],[-74.852,-52.271],[-74.694,-52.279],[-74.666,-52.16],[-74.532,-51.992],[-74.647,-51.866],[-74.78,-51.825],[-74.823,-51.63]]],[[[-69.703,-54.919],[-69.884,-54.882],[-69.98,-55.147],[-69.824,-55.237],[-69.68,-55.219],[-69.61,-55.34],[-69.412,-55.444],[-69.181,-55.475],[-69.359,-55.301],[-69.297,-55.166],[-68.889,-55.263],[-68.931,-55.371],[-68.867,-55.45],[-68.594,-55.45],[-68.293,-55.521],[-68.23,-55.602],[-68.048,-55.643],[-68.058,-55.518],[-68.305,-55.357],[-68.283,-55.255],[-68.598,-55.128],[-68.4,-55.042],[-68.458,-54.96],[-68.654,-54.958],[-68.901,-55.018],[-69.703,-54.919]]],[[[-71.39,-54.033],[-71.554,-53.956],[-71.996,-53.885],[-72.146,-53.939],[-72.21,-54.048],[-71.972,-54.207],[-71.473,-54.231],[-71.143,-54.374],[-71.005,-54.247],[-71.022,-54.112],[-71.169,-54.113],[-71.39,-54.033]]],[[[-73.735,-44.395],[-73.703,-44.274],[-73.818,-44.235],[-73.9,-44.135],[-74.083,-44.186],[-74.097,-44.389],[-74.301,-44.396],[-74.502,-44.474],[-74.481,-44.585],[-74.618,-44.648],[-74.35,-44.911],[-74.195,-45.145],[-74.089,-45.196],[-74.099,-45.325],[-73.849,-45.341],[-73.752,-45.267],[-73.727,-45.119],[-73.786,-45.034],[-73.828,-44.84],[-73.919,-44.655],[-74.002,-44.591],[-73.983,-44.495],[-73.735,-44.395]]],[[[-72.986,-44.78],[-72.764,-44.549],[-72.842,-44.458],[-73.208,-44.335],[-73.315,-44.531],[-73.445,-44.641],[-73.35,-44.833],[-73.228,-44.86],[-72.986,-44.78]]],[[[-75.302,-50.68],[-75.156,-50.497],[-75.428,-50.481],[-75.477,-50.654],[-75.302,-50.68]]],[[[-75.107,-48.837],[-75.119,-48.773],[-75.619,-48.886],[-75.488,-49.082],[-75.641,-49.195],[-75.506,-49.231],[-75.263,-49.069],[-75.115,-48.916],[-75.107,-48.837]]],[[[-75.112,-47.838],[-74.916,-47.757],[-75.09,-47.691],[-75.261,-47.764],[-75.112,-47.838]]],[[[-73.632,-44.821],[-73.641,-44.611],[-73.779,-44.559],[-73.8,-44.684],[-73.695,-44.831],[-73.632,-44.821]]],[[[-74.559,-51.277],[-74.737,-51.208],[-75.04,-51.318],[-75.154,-51.279],[-75.3,-51.556],[-75.146,-51.524],[-75.047,-51.398],[-74.853,-51.434],[-74.731,-51.367],[-74.561,-51.361],[-74.559,-51.277]]],[[[-75.055,-50.296],[-74.839,-50.197],[-74.876,-50.11],[-75.327,-50.012],[-75.449,-50.343],[-75.25,-50.376],[-75.055,-50.296]]],[[[-73.811,-43.827],[-74.14,-43.821],[-74.118,-43.887],[-73.956,-43.922],[-73.811,-43.827]]],[[[-74.142,-51.931],[-74.133,-51.871],[-74.362,-51.751],[-74.424,-51.845],[-74.142,-51.931]]],[[[-74.313,-45.692],[-74.24,-45.575],[-74.315,-45.464],[-74.285,-45.277],[-74.311,-45.173],[-74.502,-45.285],[-74.495,-45.426],[-74.69,-45.663],[-74.466,-45.757],[-74.313,-45.692]]],[[[-70.992,-54.868],[-71.411,-54.839],[-71.389,-54.934],[-71.203,-54.893],[-70.991,-54.99],[-70.94,-55.062],[-70.543,-55.161],[-70.404,-55.166],[-70.283,-55.066],[-70.418,-54.909],[-70.805,-54.968],[-70.992,-54.868]]],[[[-67.289,-55.777],[-67.351,-55.612],[-67.56,-55.725],[-67.289,-55.777]]]]},"properties":{"id":"CHL"}},
{"type":"Feature","geometry":{"type":"Polygon","coordinates":[[[23.98,19.497],[23.022,19.97],[22.543,20.206],[21.585,20.679],[20.627,21.153],[19.669,21.626],[19.189,21.862],[18.231,22.336],[17.752,22.572],[16.794,23.045],[15.984,23.445],[14.979,22.996],[15.089,22.418],[15.172,21.922],[15.182,21.523],[15.294,21.412],[15.607,20.954],[15.54,20.875],[15.587,20.733],[15.668,20.672],[15.929,20.4],[15.949,20.303],[15.735,19.904],[15.638,18.811],[15.562,17.937],[15.474,16.908],[14.747,16.147],[14.368,15.75],[13.807,14.966],[13.642,14.631],[13.448,14.381],[13.606,13.705],[14.064,13.079],[14.245,13.077],[14.462,13.022],[14.516,12.98],[14.545,12.82],[14.623,12.73],[14.761,12.656],[14.847,12.502],[14.881,12.269],[14.974,12.108],[15.081,11.846],[15.078,11.643],[15.122,11.541],[15.055,11.369],[15.03,11.114],[15.069,10.851],[15.201,10.485],[15.276,10.357],[15.532,10.088],[15.655,10.008],[15.541,9.96],[15.32,9.954],[15.193,9.981],[14.836,9.942],[14.598,9.953],[14.377,9.985],[14.243,9.98],[14.14,9.902],[13.977,9.692],[14.005,9.589],[14.178,9.406],[14.332,9.204],[14.733,8.866],[14.861,8.799],[15.116,8.557],[15.252,8.322],[15.443,7.852],[15.55,7.788],[15.553,7.665],[15.48,7.524],[15.845,7.475],[16.031,7.572],[16.379,7.684],[16.404,7.772],[16.523,7.86],[16.589,7.743],[16.785,7.551],[16.89,7.634],[17.118,7.702],[17.247,7.813],[17.649,7.984],[17.761,7.974],[18.455,8.032],[18.592,8.061],[18.634,8.168],[18.747,8.244],[18.906,8.405],[19.109,8.656],[19.064,8.715],[18.886,8.836],[18.888,8.89],[19.048,8.995],[19.146,9.016],[19.668,9.021],[19.954,9.075],[20.073,9.133],[20.342,9.127],[20.773,9.406],[20.984,9.636],[21.009,9.713],[21.264,9.975],[21.396,10.001],[21.528,10.208],[21.633,10.238],[21.726,10.367],[21.707,10.575],[21.771,10.643],[21.965,10.737],[22.043,10.823],[22.156,10.826],[22.236,10.894],[22.494,10.996],[22.86,10.92],[22.938,11.192],[22.923,11.345],[22.783,11.41],[22.641,11.516],[22.556,11.67],[22.581,11.99],[22.49,12.045],[22.39,12.463],[22.414,12.546],[22.352,12.66],[22.233,12.709],[22.001,12.672],[21.878,12.699],[21.825,12.791],[21.908,13.001],[21.99,13.113],[22.158,13.215],[22.228,13.33],[22.202,13.538],[22.108,13.73],[22.173,13.911],[22.51,14.127],[22.528,14.203],[22.449,14.284],[22.382,14.55],[22.468,14.633],[22.671,14.722],[22.679,14.851],[22.763,14.999],[22.932,15.162],[22.97,15.311],[22.934,15.533],[23.105,15.703],[23.243,15.697],[23.708,15.745],[23.946,15.704],[23.983,15.78],[23.983,16.374],[23.982,17.266],[23.981,18.158],[23.98,19.497]]]},"properties":{"id":"TCD"}},
{"type":"Feature","geometry":{"type":"Polygon","coordinates":[[[24.147,8.666],[23.922,8.71],[23.679,8.732],[23.537,8.816],[23.552,8.943],[23.489,8.993],[23.468,9.115],[23.596,9.262],[23.623,9.341],[23.656,9.71],[23.646,9.823],[23.545,10.03],[23.312,10.388],[22.964,10.752],[22.86,10.92],[22.494,10.996],[22.236,10.894],[22.156,10.826],[22.043,10.823],[21.965,10.737],[21.771,10.643],[21.707,10.575],[21.726,10.367],[21.633,10.238],[21.528,10.208],[21.396,10.001],[21.264,9.975],[21.009,9.713],[20.984,9.636],[20.773,9.406],[20.342,9.127],[20.073,9.133],[19.954,9.075],[19.668,9.021],[19.146,9.016],[19.048,8.995],[18.888,8.89],[18.886,8.836],[19.064,8.715],[19.109,8.656],[18.906,8.405],[18.747,8.244],[18.634,8.168],[18.592,8.061],[18.455,8.032],[17.761,7.974],[17.649,7.984],[17.247,7.813],[17.118,7.702],[16.89,7.634],[16.785,7.551],[16.589,7.743],[16.523,7.86],[16.404,7.772],[16.379,7.684],[16.031,7.572],[15.845,7.475],[15.48,7.524],[15.379,7.358],[15.246,7.264],[15.035,6.784],[14.983,6.745],[14.862,6.556],[14.739,6.28],[14.512,6.162],[14.431,6.039],[14.503,5.917],[14.617,5.865],[14.617,5.496],[14.563,5.28],[14.641,5.179],[14.709,4.666],[14.77,4.558],[15.023,4.359],[15.137,4.069],[15.035,4.016],[15.129,3.827],[15.458,3.457],[15.775,3.127],[15.905,3.096],[16.063,2.909],[16.059,2.773],[16.107,2.473],[16.183,2.27],[16.469,2.832],[16.46,2.897],[16.496,3.209],[16.57,3.463],[16.673,3.535],[17.003,3.557],[17.298,3.617],[17.438,3.685],[17.88,3.554],[18.111,3.551],[18.161,3.5],[18.318,3.581],[18.474,3.623],[18.61,3.478],[18.597,3.679],[18.634,3.954],[18.62,4.117],[18.567,4.258],[18.594,4.346],[18.7,4.383],[18.832,4.523],[19.069,4.891],[19.323,5.071],[19.501,5.127],[19.686,5.121],[19.807,5.089],[20.002,4.945],[20.226,4.83],[20.394,4.686],[20.558,4.463],[20.647,4.436],[20.793,4.447],[20.956,4.413],[21.23,4.302],[21.35,4.311],[21.538,4.245],[21.687,4.281],[21.908,4.254],[22.422,4.135],[22.506,4.208],[22.617,4.446],[22.756,4.647],[22.865,4.724],[23.116,4.737],[23.313,4.664],[23.417,4.663],[23.682,4.771],[23.848,4.816],[24.32,4.994],[24.437,5.01],[24.766,4.93],[24.978,4.983],[25.065,4.967],[25.249,5.025],[25.4,5.256],[25.525,5.312],[25.714,5.284],[26.174,5.171],[26.633,5.085],[26.822,5.062],[27.021,5.184],[27.115,5.198],[27.403,5.109],[27.257,5.29],[27.213,5.619],[27.083,5.777],[26.726,5.998],[26.594,6.018],[26.514,6.069],[26.421,6.274],[26.309,6.455],[26.362,6.635],[26.169,6.782],[26.037,6.955],[25.889,7.065],[25.381,7.333],[25.19,7.519],[25.247,7.725],[25.2,7.808],[25.007,7.965],[24.853,8.138],[24.737,8.192],[24.456,8.239],[24.291,8.291],[24.208,8.369],[24.18,8.461],[24.221,8.608],[24.147,8.666]]]},"properties":{"id":"CAF"}},
{"type":"Feature","geometry":{"type":"MultiPolygon","coordinates":[[[[-25.17,16.946],[-24.98,17.095],[-25.113,17.194],[-25.337,17.091],[-25.308,16.936],[-25.17,16.946]]],[[[-23.444,15.008],[-23.535,15.139],[-23.701,15.272],[-23.754,15.244],[-23.785,15.077],[-23.705,14.961],[-23.505,14.916],[-23.444,15.008]]],[[[-24.887,16.818],[-24.936,16.922],[-25.07,16.871],[-25.02,16.797],[-24.887,16.818]]],[[[-22.918,16.237],[-22.959,16.045],[-22.821,15.986],[-22.71,16.043],[-22.693,16.169],[-22.749,16.222],[-22.918,16.237]]],[[[-24.308,14.856],[-24.329,15.019],[-24.497,14.98],[-24.492,14.874],[-24.386,14.818],[-24.308,14.856]]],[[[-24.088,16.623],[-24.377,16.678],[-24.398,16.618],[-24.322,16.493],[-24.243,16.599],[-24.088,16.623]]],[[[-22.888,16.659],[-22.905,16.844],[-22.991,16.809],[-22.981,16.701],[-22.888,16.659]]],[[[-23.182,15.137],[-23.116,15.167],[-23.138,15.318],[-23.21,15.324],[-23.252,15.178],[-23.182,15.137]]]]},"properties":{"id":"CPV"}},
{"type":"Feature","geometry":{"type":"MultiPolygon","coordinates":[[[[-132.656,54.127],[-133.064,54.144],[-133.098,53.92],[-133.052,53.778],[-132.845,53.508],[-132.67,53.459],[-132.748,53.31],[-132.52,53.194],[-132.347,53.189],[-132.011,53.265],[-131.928,53.379],[-131.922,53.588],[-131.821,53.842],[-131.703,53.986],[-131.668,54.141],[-131.941,54.042],[-132.134,54.034],[-132.111,53.9],[-132.187,53.685],[-132.535,53.652],[-132.565,53.688],[-132.215,53.815],[-132.166,53.955],[-132.344,54.106],[-132.564,54.069],[-132.656,54.127]]],[[[-131.754,53.196],[-131.893,53.231],[-132.036,53.179],[-132.345,53.136],[-132.469,53.072],[-132.144,52.999],[-132.258,52.934],[-132.165,52.783],[-131.81,52.542],[-131.562,52.4],[-131.422,52.238],[-131.222,52.154],[-131.143,52.291],[-131.327,52.318],[-131.383,52.416],[-131.591,52.578],[-131.455,52.702],[-131.727,52.756],[-131.904,52.867],[-131.635,52.922],[-131.652,53.103],[-131.754,53.196]]],[[[-127.197,50.64],[-127.713,50.821],[-127.918,50.861],[-128.242,50.828],[-128.346,50.744],[-128.267,50.609],[-128.058,50.498],[-127.731,50.536],[-127.751,50.607],[-127.526,50.597],[-127.489,50.427],[-127.641,50.479],[-127.906,50.445],[-127.963,50.346],[-127.851,50.314],[-127.864,50.128],[-127.467,50.163],[-127.349,50.052],[-127.208,49.992],[-127.114,49.88],[-126.903,49.944],[-126.683,49.876],[-126.593,49.764],[-126.348,49.661],[-126.542,49.59],[-126.549,49.419],[-126.244,49.443],[-126.02,49.368],[-125.952,49.248],[-125.835,49.277],[-125.702,49.139],[-125.829,49.092],[-125.46,48.941],[-125.363,48.998],[-124.927,49.014],[-124.935,48.956],[-125.136,48.822],[-125.121,48.761],[-124.689,48.597],[-123.917,48.387],[-123.595,48.334],[-123.446,48.427],[-123.284,48.455],[-123.39,48.67],[-123.497,48.582],[-123.627,48.824],[-123.752,48.951],[-123.82,49.083],[-123.996,49.224],[-124.186,49.301],[-124.643,49.429],[-124.831,49.53],[-124.931,49.643],[-124.935,49.732],[-125.233,50.012],[-125.482,50.317],[-126.204,50.454],[-126.701,50.516],[-127.197,50.64]]],[[[-130.025,55.888],[-130.093,55.632],[-129.985,55.359],[-129.838,55.319],[-129.701,55.439],[-129.561,55.463],[-129.89,55.165],[-130.219,54.73],[-130.37,54.62],[-130.43,54.421],[-130.29,54.27],[-130.043,54.134],[-130.086,53.976],[-130.233,53.867],[-130.335,53.724],[-130.074,53.576],[-129.912,53.551],[-129.822,53.413],[-129.564,53.251],[-129.462,53.347],[-129.284,53.393],[-129.208,53.642],[-128.959,53.841],[-128.705,53.919],[-128.751,53.661],[-128.676,53.555],[-128.47,53.471],[-128.542,53.421],[-128.833,53.549],[-128.85,53.665],[-128.936,53.715],[-129.114,53.641],[-129.172,53.534],[-129.081,53.367],[-128.869,53.328],[-128.652,53.244],[-128.525,53.141],[-128.452,52.877],[-128.365,52.826],[-128.109,52.858],[-128.275,52.435],[-128.06,52.428],[-128.037,52.318],[-128.358,52.159],[-128.194,51.998],[-128.102,51.788],[-127.902,52.151],[-127.792,52.289],[-127.519,52.359],[-127.187,52.538],[-127.242,52.395],[-127.438,52.356],[-127.795,52.191],[-127.859,51.99],[-127.869,51.775],[-127.819,51.604],[-127.645,51.478],[-127.714,51.269],[-127.708,51.151],[-127.441,50.989],[-127.058,50.868],[-126.632,50.915],[-126.397,50.807],[-126.517,50.724],[-126.37,50.667],[-126.404,50.53],[-125.965,50.487],[-125.772,50.508],[-125.698,50.465],[-125.476,50.497],[-125.21,50.476],[-125.057,50.419],[-124.784,50.073],[-124.782,50.02],[-124.483,49.808],[-124.281,49.772],[-124.142,49.793],[-123.972,49.892],[-123.874,49.737],[-124.054,49.662],[-123.859,49.483],[-123.531,49.397],[-123.336,49.459],[-123.325,49.578],[-123.223,49.59],[-123.277,49.344],[-123.196,49.148],[-123.049,48.993],[-122.924,49.075],[-122.789,48.993],[-121.834,48.993],[-120.981,48.993],[-119.702,48.993],[-117.996,48.993],[-116.717,48.993],[-115.438,48.993],[-113.732,48.993],[-112.027,48.993],[-110.748,48.993],[-109.469,48.993],[-107.763,48.993],[-106.91,48.993],[-105.631,48.993],[-104.778,48.993],[-103.499,48.993],[-102.22,48.993],[-101.367,48.993],[-100.088,48.993],[-99.235,48.993],[-97.956,48.993],[-96.677,48.993],[-95.162,48.992],[-95.155,49.37],[-94.939,49.349],[-94.854,49.305],[-94.803,49.003],[-94.621,48.743],[-94.055,48.659],[-93.852,48.607],[-93.708,48.525],[-93.464,48.561],[-93.258,48.629],[-92.996,48.612],[-92.501,48.435],[-92.415,48.277],[-92.172,48.338],[-92.005,48.302],[-91.858,48.198],[-91.518,48.058],[-91.221,48.105],[-91.043,48.194],[-90.84,48.201],[-90.744,48.105],[-90.32,48.099],[-90.092,48.118],[-89.994,48.015],[-89.456,47.996],[-89.186,48.047],[-88.612,48.264],[-88.378,48.303],[-87.494,47.962],[-86.429,47.54],[-85.458,47.14],[-84.876,46.9],[-84.779,46.637],[-84.562,46.457],[-84.192,46.55],[-84.088,46.227],[-83.978,46.085],[-83.616,46.117],[-83.469,45.995],[-83.593,45.817],[-82.551,45.347],[-82.281,44.192],[-82.138,43.571],[-82.408,43.073],[-82.488,42.74],[-82.545,42.625],[-82.868,42.385],[-83.073,42.3],[-83.15,42.142],[-83.142,41.976],[-83.03,41.833],[-82.69,41.675],[-82.439,41.675],[-81.278,42.209],[-80.248,42.366],[-79.174,42.749],[-79.037,42.802],[-78.915,42.909],[-79.066,43.106],[-79.059,43.278],[-79.172,43.467],[-78.72,43.625],[-77.879,43.63],[-76.82,43.629],[-76.465,44.058],[-76.151,44.304],[-75.876,44.417],[-75.792,44.497],[-75.401,44.772],[-75.179,44.899],[-74.857,45.004],[-74.709,45.004],[-74.358,45.206],[-74.098,45.324],[-73.974,45.345],[-74.038,45.502],[-73.897,45.564],[-73.712,45.711],[-73.477,45.738],[-73.284,45.9],[-73.145,46.066],[-73.022,46.12],[-72.981,46.21],[-72.68,46.287],[-72.257,46.485],[-72.205,46.559],[-71.88,46.687],[-71.757,46.674],[-71.268,46.796],[-71.116,46.925],[-70.706,47.14],[-70.448,47.423],[-70.3,47.503],[-69.994,47.74],[-69.906,47.832],[-69.775,48.098],[-69.866,48.172],[-70.501,48.354],[-70.839,48.367],[-71.018,48.456],[-70.384,48.367],[-69.852,48.207],[-69.674,48.199],[-69.55,48.251],[-69.375,48.386],[-69.231,48.574],[-68.929,48.829],[-68.669,48.94],[-68.628,49.007],[-68.414,49.1],[-68.282,49.197],[-68.056,49.257],[-67.372,49.348],[-67.262,49.451],[-67.234,49.602],[-66.941,49.994],[-66.741,50.066],[-66.496,50.212],[-66.126,50.201],[-65.955,50.294],[-65.762,50.259],[-65.269,50.32],[-64.868,50.275],[-64.509,50.309],[-64.17,50.269],[-64.016,50.304],[-63.734,50.305],[-63.587,50.258],[-63.239,50.243],[-63.136,50.294],[-62.715,50.302],[-62.362,50.277],[-62.165,50.239],[-61.92,50.233],[-61.725,50.104],[-61.29,50.202],[-60.956,50.205],[-60.807,50.25],[-60.608,50.221],[-60.08,50.255],[-59.886,50.316],[-59.815,50.418],[-59.612,50.492],[-59.378,50.675],[-59.165,50.78],[-59.055,50.879],[-58.638,51.172],[-58.51,51.295],[-58.023,51.322],[-57.77,51.426],[-57.299,51.478],[-56.976,51.458],[-56.549,51.681],[-56.017,51.929],[-55.695,52.138],[-55.691,52.242],[-55.834,52.31],[-55.706,52.428],[-55.84,52.508],[-56.167,52.575],[-55.848,52.623],[-55.873,52.736],[-55.83,52.878],[-55.892,53],[-55.798,53.212],[-55.859,53.344],[-56.11,53.588],[-56.354,53.624],[-56.465,53.765],[-56.841,53.739],[-57.012,53.673],[-57.332,53.469],[-57.489,53.633],[-57.157,53.757],[-57.149,53.848],[-57.416,54.163],[-57.615,54.191],[-58.192,54.228],[-58.31,54.202],[-58.327,54.052],[-58.652,53.978],[-58.92,53.875],[-59.322,53.644],[-59.621,53.537],[-59.829,53.505],[-60.148,53.307],[-60.29,53.391],[-60.1,53.487],[-60.145,53.596],[-60.014,53.762],[-59.823,53.834],[-59.497,53.834],[-59.039,53.964],[-58.841,54.044],[-58.633,54.05],[-58.435,54.228],[-58.22,54.286],[-58.151,54.35],[-57.699,54.387],[-57.563,54.44],[-57.404,54.57],[-57.483,54.64],[-57.725,54.674],[-57.929,54.773],[-57.962,54.876],[-58.195,54.866],[-58.398,54.774],[-58.78,54.838],[-58.997,55.149],[-59.26,55.2],[-59.429,55.056],[-59.518,55.197],[-59.689,55.196],[-59.759,55.31],[-59.93,55.259],[-60.45,55.2],[-60.361,55.366],[-60.192,55.481],[-60.408,55.65],[-60.341,55.785],[-60.593,55.815],[-60.832,55.958],[-61.089,55.866],[-61.301,56.047],[-61.365,56.216],[-61.713,56.231],[-61.707,56.289],[-61.499,56.328],[-61.515,56.39],[-61.94,56.424],[-61.855,56.584],[-61.992,56.591],[-62.062,56.699],[-61.532,56.655],[-61.372,56.681],[-61.39,56.853],[-61.334,57.011],[-61.629,57.183],[-61.861,57.198],[-61.977,57.248],[-61.851,57.381],[-62.088,57.453],[-62.339,57.485],[-61.968,57.612],[-61.995,57.769],[-61.899,57.861],[-62.117,57.964],[-62.306,57.972],[-62.486,58.154],[-62.981,58.093],[-62.674,58.319],[-62.594,58.474],[-62.837,58.479],[-63.076,58.415],[-63.102,58.546],[-62.874,58.672],[-63.05,58.878],[-63.185,58.858],[-63.326,59.082],[-63.568,59.047],[-63.415,59.194],[-63.54,59.333],[-63.945,59.38],[-63.75,59.513],[-63.929,59.645],[-64.283,60.064],[-64.528,60.095],[-64.42,60.171],[-64.499,60.268],[-64.706,60.336],[-64.931,60.252],[-65.172,59.908],[-65.159,59.83],[-65.433,59.777],[-65.475,59.617],[-65.35,59.479],[-65.489,59.448],[-65.607,59.213],[-65.606,59.111],[-66.043,58.821],[-65.928,58.611],[-66.045,58.606],[-66.168,58.727],[-66.362,58.791],[-66.515,58.697],[-66.608,58.549],[-66.722,58.491],[-67.019,58.433],[-67.57,58.213],[-67.856,58.273],[-67.981,58.461],[-68.111,58.473],[-68.326,58.595],[-68.414,58.783],[-68.698,58.905],[-69.173,58.897],[-69.382,58.851],[-69.651,58.728],[-69.879,58.697],[-70.16,58.789],[-69.868,58.856],[-69.677,58.831],[-69.532,58.869],[-69.414,59.087],[-69.45,59.18],[-69.4,59.338],[-69.682,59.342],[-69.692,59.488],[-69.579,59.675],[-69.63,59.822],[-69.963,60.018],[-69.674,60.076],[-69.633,60.22],[-69.756,60.389],[-69.721,60.567],[-69.64,60.69],[-69.433,60.814],[-69.472,61.011],[-69.624,61.05],[-69.708,60.915],[-69.909,60.86],[-70.095,60.88],[-70.187,61.041],[-70.279,61.069],[-70.723,61.055],[-71.175,61.147],[-71.423,61.159],[-71.743,61.337],[-71.841,61.466],[-71.638,61.617],[-72.081,61.728],[-72.226,61.832],[-72.506,61.923],[-72.671,62.114],[-72.882,62.125],[-73.195,62.279],[-73.63,62.454],[-73.764,62.469],[-74.205,62.321],[-74.69,62.183],[-75.341,62.312],[-75.676,62.25],[-75.817,62.316],[-76.879,62.525],[-77.372,62.573],[-77.604,62.531],[-78.068,62.355],[-78.133,62.282],[-78.137,62.107],[-78.077,61.923],[-77.948,61.762],[-77.514,61.556],[-77.736,61.437],[-77.727,61.231],[-77.83,61.084],[-78.16,60.852],[-77.872,60.786],[-77.661,60.79],[-77.791,60.64],[-77.516,60.563],[-77.681,60.427],[-77.453,60.146],[-77.547,60.061],[-77.312,60.042],[-77.373,59.925],[-77.332,59.797],[-77.485,59.685],[-77.726,59.676],[-77.733,59.581],[-77.859,59.476],[-77.761,59.38],[-77.988,59.246],[-78.431,58.902],[-78.515,58.682],[-78.014,58.399],[-77.684,58.291],[-77.157,58.019],[-76.891,57.758],[-76.655,57.381],[-76.573,57.181],[-76.52,56.707],[-76.546,56.359],[-76.65,56.107],[-76.762,55.996],[-77.325,55.556],[-77.891,55.236],[-78.304,55.069],[-78.909,54.881],[-79.666,54.697],[-79.431,54.337],[-79.296,54.217],[-79.242,54.099],[-78.996,54.002],[-79.075,53.932],[-79.003,53.837],[-79.113,53.717],[-78.992,53.41],[-78.898,53.043],[-78.722,52.856],[-78.766,52.76],[-78.724,52.628],[-78.557,52.492],[-78.492,52.252],[-78.702,52.033],[-78.828,51.963],[-78.978,51.734],[-78.731,51.497],[-78.827,51.43],[-78.898,51.272],[-79.091,51.502],[-79.264,51.552],[-79.339,51.628],[-79.498,51.57],[-79.689,51.347],[-79.737,51.186],[-79.836,51.173],[-80.104,51.283],[-80.368,51.33],[-80.658,51.758],[-80.969,51.972],[-81.285,52.089],[-81.661,52.294],[-81.599,52.433],[-82.02,52.812],[-82.26,52.961],[-82.292,53.066],[-82.159,53.264],[-82.191,53.611],[-82.141,53.818],[-82.24,54.045],[-82.394,54.18],[-82.418,54.356],[-82.219,54.813],[-82.308,54.998],[-82.577,55.149],[-82.868,55.161],[-82.986,55.231],[-83.214,55.215],[-83.668,55.265],[-83.911,55.315],[-84.706,55.259],[-85.061,55.286],[-85.407,55.431],[-85.677,55.601],[-85.984,55.696],[-86.377,55.773],[-86.919,55.915],[-87.287,55.975],[-87.561,56.056],[-87.878,56.342],[-88.075,56.467],[-88.447,56.609],[-88.826,56.814],[-88.948,56.851],[-89.791,56.981],[-90.075,57.052],[-90.592,57.224],[-90.897,57.257],[-91.111,57.241],[-92.249,57.009],[-92.303,57.046],[-92.614,57.039],[-92.44,57.275],[-92.49,57.469],[-92.702,57.778],[-92.842,58.076],[-93.1,58.49],[-93.155,58.695],[-93.278,58.756],[-93.486,58.744],[-93.78,58.773],[-94.287,58.716],[-94.419,58.746],[-94.579,58.868],[-94.713,58.903],[-94.87,59.088],[-94.788,59.268],[-94.786,59.953],[-94.647,60.416],[-94.762,60.498],[-94.569,60.542],[-94.068,61.139],[-94.061,61.318],[-93.889,61.344],[-93.941,61.444],[-93.71,61.603],[-93.421,61.706],[-93.372,61.929],[-93.016,62.093],[-92.866,62.306],[-92.595,62.47],[-92.551,62.547],[-92.207,62.585],[-92.008,62.541],[-91.956,62.645],[-92.243,62.684],[-92.361,62.819],[-92.034,62.863],[-91.449,62.804],[-91.115,62.922],[-90.871,62.946],[-90.691,63.111],[-90.747,63.352],[-90.97,63.443],[-91.33,63.507],[-91.842,63.698],[-92.157,63.692],[-92.529,63.761],[-93.379,63.948],[-93.416,63.838],[-93.664,63.941],[-93.597,64.041],[-92.97,63.938],[-92.55,63.83],[-92.195,63.776],[-91.539,63.726],[-90.946,63.588],[-90.707,63.597],[-90.596,63.661],[-90.245,63.642],[-90.013,63.804],[-90.142,63.982],[-89.861,63.979],[-89.954,64.081],[-89.764,64.1],[-89.616,64.031],[-89.404,64.04],[-89.215,63.984],[-89.06,64.034],[-88.653,64.009],[-88.106,64.183],[-87.885,64.4],[-87.281,64.826],[-87.029,65.064],[-87.028,65.198],[-87.392,65.261],[-88.198,65.28],[-88.974,65.348],[-89.242,65.446],[-89.788,65.737],[-90.048,65.806],[-90.983,65.919],[-91.01,65.966],[-90.117,65.882],[-89.848,65.872],[-89.749,65.936],[-89.42,65.861],[-89.088,65.739],[-88.744,65.679],[-88.672,65.612],[-87.97,65.349],[-87.291,65.355],[-86.953,65.528],[-86.043,66.023],[-86.001,66.187],[-86.585,66.322],[-86.747,66.417],[-86.633,66.531],[-86.063,66.52],[-85.604,66.568],[-85.442,66.537],[-85.096,66.325],[-84.478,66.179],[-84.293,66.292],[-83.905,66.212],[-83.826,66.29],[-84.094,66.526],[-84.223,66.682],[-84.738,66.934],[-84.538,66.973],[-84.273,66.839],[-84.324,66.782],[-83.92,66.679],[-83.523,66.369],[-83.298,66.392],[-82.949,66.551],[-82.642,66.588],[-82.198,66.765],[-81.874,66.988],[-81.63,67.002],[-81.468,67.07],[-81.27,67.46],[-81.412,67.595],[-81.976,67.862],[-82.1,67.99],[-82.013,68.173],[-82.222,68.145],[-82.553,68.446],[-82.21,68.506],[-82.006,68.463],[-81.527,68.556],[-81.282,68.657],[-81.264,68.781],[-81.381,68.85],[-81.952,68.909],[-81.611,69.003],[-81.329,69.12],[-81.412,69.198],[-81.952,69.276],[-82.151,69.249],[-82.31,69.41],[-82.642,69.458],[-82.374,69.642],[-82.618,69.691],[-83.665,69.7],[-84.242,69.835],[-84.645,69.85],[-85.02,69.805],[-85.507,69.845],[-85.502,69.652],[-85.416,69.548],[-85.387,69.232],[-84.862,69.074],[-84.916,68.962],[-85.275,68.741],[-85.518,68.77],[-85.734,68.63],[-85.731,68.445],[-85.953,68.072],[-86.37,67.825],[-86.476,67.713],[-86.536,67.516],[-87.266,67.184],[-87.418,67.214],[-87.499,67.355],[-87.997,67.626],[-88.196,67.766],[-88.314,67.95],[-88.347,68.288],[-87.991,68.242],[-87.853,68.267],[-87.81,68.404],[-88.041,68.812],[-88.316,68.954],[-88.638,69.059],[-89.057,69.266],[-89.352,69.227],[-89.667,69.015],[-89.879,68.522],[-90.005,68.398],[-90.248,68.267],[-90.574,68.475],[-90.468,68.864],[-90.745,69.106],[-91.237,69.286],[-90.822,69.29],[-90.555,69.504],[-91.288,69.543],[-91.384,69.649],[-91.724,69.546],[-91.912,69.531],[-92.312,69.673],[-92.751,69.714],[-92.285,69.892],[-91.977,70.039],[-92.512,70.104],[-92.29,70.24],[-91.995,70.143],[-91.564,70.178],[-91.82,70.342],[-92.049,70.39],[-92.388,70.65],[-92.981,70.852],[-92.883,71.069],[-92.949,71.262],[-93.256,71.461],[-93.763,71.638],[-93.81,71.766],[-94.308,71.765],[-94.479,71.849],[-94.557,71.979],[-95.201,71.904],[-95.838,71.598],[-95.83,71.526],[-95.406,71.492],[-95.564,71.337],[-96.14,71.396],[-96.406,71.274],[-96.549,70.809],[-96.226,70.542],[-96.546,70.327],[-96.492,70.125],[-96.119,69.872],[-95.292,69.667],[-94.823,69.578],[-94.634,69.65],[-94.271,69.455],[-94.015,69.447],[-93.65,69.519],[-93.613,69.403],[-94.255,69.314],[-94.255,69.151],[-94.084,69.123],[-94.563,68.912],[-94.6,68.803],[-94.478,68.743],[-93.992,68.821],[-93.896,68.982],[-93.681,68.887],[-93.652,68.543],[-93.928,68.474],[-94.255,68.297],[-94.744,68.071],[-95.126,68.083],[-95.461,68.021],[-95.65,67.737],[-95.463,67.61],[-95.259,67.263],[-95.783,67.194],[-96.013,67.271],[-96.371,67.554],[-96.199,67.718],[-96.036,68.158],[-96.076,68.237],[-96.439,68.151],[-96.48,68.243],[-96.977,68.255],[-97.266,68.453],[-97.939,68.51],[-97.794,68.388],[-98.219,68.317],[-98.469,68.382],[-98.633,68.331],[-98.381,68.132],[-98.438,68.065],[-98.11,67.903],[-97.739,67.978],[-97.547,67.961],[-97.207,67.855],[-97.155,67.726],[-97.455,67.617],[-97.931,67.711],[-98.415,67.988],[-98.704,67.966],[-98.417,67.826],[-98.92,67.726],[-99.147,67.724],[-99.773,67.815],[-100.456,67.839],[-100.856,67.799],[-101.555,67.693],[-101.884,67.745],[-102.21,67.733],[-102.692,67.812],[-103.474,68.115],[-103.657,68.069],[-104.194,68.031],[-104.487,68.063],[-104.636,68.214],[-105.195,68.33],[-105.429,68.458],[-105.54,68.719],[-105.798,68.865],[-106.164,68.92],[-107.436,68.689],[-108.313,68.611],[-108.641,68.379],[-108.687,68.277],[-108.261,68.15],[-107.734,68.174],[-107.619,68.331],[-107.146,68.304],[-106.946,68.374],[-106.608,68.357],[-106.458,68.516],[-105.932,68.637],[-105.781,68.527],[-106.039,68.407],[-106.404,68.319],[-106.424,68.201],[-106.668,68.216],[-106.836,68.129],[-107.351,68.061],[-107.761,68.032],[-107.763,67.907],[-107.958,67.819],[-107.972,67.732],[-107.65,67.511],[-107.644,67.385],[-107.348,67.055],[-107.156,66.882],[-107.626,67.003],[-107.746,66.961],[-107.71,66.74],[-107.761,66.684],[-108.455,67.063],[-108.088,67.07],[-107.909,67.163],[-107.989,67.256],[-108.347,67.403],[-108.593,67.591],[-108.95,67.494],[-109.081,67.711],[-109.63,67.733],[-110.042,67.977],[-110.372,67.954],[-110.99,67.791],[-111.192,67.823],[-111.576,67.757],[-112.237,67.731],[-112.435,67.685],[-113.893,67.707],[-114.429,67.751],[-114.663,67.795],[-115.133,67.819],[-115.427,67.924],[-115.167,68.019],[-115.127,68.132],[-114.852,68.195],[-114.765,68.27],[-114.275,68.248],[-114.096,68.267],[-113.964,68.399],[-114.414,68.66],[-114.994,68.85],[-115.631,68.973],[-116.252,68.958],[-116.065,68.855],[-117.026,68.916],[-117.132,68.907],[-118.095,69.043],[-118.869,69.257],[-119.853,69.342],[-120.293,69.421],[-120.962,69.66],[-121.531,69.776],[-122.07,69.816],[-123.026,69.81],[-123.214,69.542],[-123.609,69.377],[-124.426,69.379],[-124.481,69.425],[-124.138,69.653],[-124.407,69.767],[-124.472,69.919],[-124.444,70.111],[-124.555,70.151],[-124.952,70.042],[-124.768,69.99],[-125.357,69.626],[-125.167,69.48],[-125.387,69.349],[-125.728,69.38],[-126.064,69.467],[-126.612,69.73],[-127.138,70.239],[-127.753,70.517],[-127.991,70.574],[-128.17,70.418],[-127.765,70.222],[-128.279,70.108],[-128.387,69.96],[-128.971,69.712],[-129.265,69.855],[-129.572,69.827],[-130.354,69.656],[-130.982,69.253],[-131.013,69.429],[-131.563,69.461],[-131.788,69.432],[-131.92,69.291],[-132.719,69.079],[-132.77,69.012],[-132.706,68.815],[-133.304,68.847],[-133.379,68.887],[-132.687,69.26],[-132.331,69.308],[-131.863,69.549],[-130.96,69.632],[-129.648,69.998],[-129.538,70.105],[-129.73,70.192],[-129.945,70.091],[-130.175,70.086],[-130.498,70.143],[-130.926,70.052],[-131.136,69.907],[-131.441,69.918],[-131.934,69.753],[-132.163,69.705],[-132.334,69.752],[-132.84,69.651],[-133.163,69.434],[-133.476,69.405],[-134.165,69.281],[-133.88,69.508],[-134.242,69.669],[-134.451,69.665],[-134.494,69.468],[-135.141,69.468],[-135.255,69.324],[-135.691,69.311],[-135.91,69.111],[-135.876,68.917],[-135.407,68.829],[-135.362,68.696],[-136.122,68.882],[-136.717,68.889],[-137.26,68.964],[-138.128,69.152],[-138.69,69.317],[-139.182,69.516],[-139.977,69.622],[-140.405,69.602],[-141.002,69.651],[-141.002,69.066],[-141.002,68.19],[-141.002,67.313],[-141.002,66.729],[-141.002,65.852],[-141.002,64.976],[-141.002,64.099],[-141.002,63.514],[-141.002,62.346],[-141.002,61.761],[-141.002,60.885],[-141.002,60.3],[-140.525,60.218],[-140.453,60.3],[-139.973,60.183],[-139.676,60.328],[-139.079,60.344],[-139.185,60.084],[-139.043,59.993],[-138.705,59.901],[-138.632,59.778],[-137.593,59.226],[-137.439,58.903],[-137.278,58.988],[-136.813,59.15],[-136.579,59.152],[-136.467,59.28],[-136.466,59.459],[-136.247,59.533],[-136.322,59.605],[-135.935,59.663],[-135.476,59.793],[-135.051,59.579],[-135.071,59.441],[-134.944,59.288],[-134.441,59.085],[-134.219,58.85],[-133.821,58.705],[-133.401,58.411],[-133.423,58.337],[-133.275,58.223],[-132.55,57.5],[-132.232,57.199],[-132.338,57.079],[-132.032,57.027],[-132.104,56.857],[-131.866,56.793],[-131.824,56.59],[-131.575,56.599],[-131.083,56.405],[-130.742,56.341],[-130.649,56.264],[-130.477,56.231],[-130.413,56.123],[-130.023,56.015],[-130.025,55.888]]],[[[-109.816,78.65],[-110.408,78.757],[-111.071,78.708],[-111.709,78.575],[-112.641,78.5],[-113.15,78.408],[-113.173,78.284],[-112.131,78.366],[-111.76,78.283],[-111.435,78.287],[-111.169,78.386],[-110.418,78.295],[-109.391,78.337],[-109.362,78.493],[-109.816,78.65]]],[[[-110.458,78.103],[-111.207,78.088],[-112.305,78.007],[-113.215,77.904],[-113.271,77.778],[-113.164,77.53],[-112.373,77.364],[-111.952,77.344],[-111.226,77.429],[-110.683,77.446],[-110.198,77.525],[-110.153,77.763],[-110.719,77.781],[-110.751,77.857],[-109.772,77.957],[-109.657,78.079],[-110.458,78.103]]],[[[-115.551,77.363],[-116.363,77.543],[-116.835,77.529],[-117.149,77.361],[-117.419,77.317],[-118.005,77.381],[-119.09,77.305],[-120.358,76.887],[-120.485,76.793],[-120.998,76.691],[-121.614,76.441],[-122.365,76.401],[-122.774,76.228],[-122.4,75.944],[-121.908,76.035],[-121.428,75.981],[-121.019,76.02],[-120.772,76.166],[-120.409,75.826],[-119.913,75.859],[-119.55,76.052],[-119.725,76.1],[-119.368,76.222],[-118.994,76.145],[-118.643,76.335],[-118.821,76.486],[-118.468,76.547],[-118.301,76.737],[-117.78,76.784],[-118.02,76.447],[-117.841,76.345],[-117.492,76.273],[-117.154,76.298],[-116.999,76.532],[-116.22,76.611],[-115.945,76.736],[-116.234,76.874],[-115.857,76.969],[-116.286,77.102],[-116.214,77.178],[-115.624,77.266],[-115.551,77.363]]],[[[-108.292,76.057],[-108.382,76.116],[-108.123,76.233],[-108.194,76.33],[-108.512,76.439],[-108.628,76.587],[-108.467,76.738],[-108.832,76.821],[-109.339,76.76],[-109.865,76.522],[-110.27,76.417],[-110.201,76.289],[-109.487,76.145],[-109.455,76.021],[-109.871,75.929],[-109.796,75.863],[-108.945,75.699],[-108.947,75.542],[-109.086,75.506],[-110.459,75.555],[-111.053,75.549],[-111.276,75.613],[-111.513,75.811],[-112.057,75.834],[-111.865,75.939],[-112.698,76.202],[-113.171,76.258],[-113.823,76.207],[-114.059,76.301],[-114.194,76.451],[-114.535,76.502],[-114.998,76.497],[-115.581,76.438],[-115.832,76.296],[-115.664,76.24],[-115.025,76.211],[-114.939,76.166],[-116.21,76.194],[-116.61,76.074],[-116.654,75.929],[-116.39,75.808],[-116.973,75.746],[-117.025,75.602],[-116.426,75.585],[-115.335,75.618],[-116.077,75.493],[-117.154,75.473],[-117.388,75.421],[-117.6,75.272],[-117.502,75.204],[-117.005,75.156],[-116.476,75.172],[-116.143,75.042],[-115.729,74.968],[-115.478,75.104],[-115.28,75.102],[-115.02,74.976],[-114.452,75.088],[-114.168,75.24],[-114.053,75.417],[-113.759,75.322],[-113.886,75.211],[-113.712,75.069],[-112.951,75.108],[-112.597,75.212],[-112.256,75.134],[-111.033,75.227],[-111.671,75.019],[-112.836,74.976],[-113.324,74.875],[-114.132,74.766],[-114.377,74.671],[-114.268,74.604],[-113.514,74.43],[-113.017,74.402],[-112.519,74.417],[-111.729,74.502],[-110.941,74.639],[-110.625,74.753],[-110.176,74.84],[-109.503,74.883],[-108.831,75.065],[-108.594,74.96],[-108.354,74.943],[-107.82,75],[-107.153,74.927],[-106.093,75.089],[-105.863,75.192],[-105.481,75.746],[-105.604,75.93],[-105.905,76.009],[-106.397,76.06],[-107.136,75.879],[-107.755,75.94],[-107.852,76.058],[-108.292,76.057]]],[[[-114.522,72.593],[-114.109,72.861],[-114.052,73.071],[-114.127,73.231],[-114.302,73.331],[-114.638,73.373],[-115.552,73.213],[-116.573,73.055],[-117.552,72.831],[-118.375,72.534],[-118.481,72.428],[-118.213,72.263],[-118.59,72.167],[-118.945,71.986],[-118.988,71.764],[-118.868,71.687],[-118.372,71.64],[-117.742,71.659],[-117.878,71.561],[-118.148,71.526],[-118.188,71.436],[-117.723,71.391],[-117.337,71.435],[-115.98,71.469],[-116.228,71.359],[-117.314,71.212],[-117.814,71.158],[-118.269,71.035],[-118.264,70.888],[-117.587,70.63],[-116.993,70.604],[-116.327,70.624],[-115.991,70.586],[-114.841,70.621],[-114.331,70.675],[-113.757,70.691],[-113.146,70.616],[-112.114,70.447],[-111.726,70.352],[-111.784,70.273],[-112.19,70.276],[-112.638,70.225],[-114.592,70.312],[-115.529,70.257],[-116.554,70.175],[-117.135,70.1],[-117.195,70.054],[-117.104,69.804],[-116.513,69.425],[-116.102,69.337],[-115.618,69.283],[-115.159,69.265],[-114.323,69.269],[-113.694,69.195],[-113.593,68.96],[-113.617,68.838],[-113.338,68.599],[-113.128,68.494],[-112.864,68.477],[-112.305,68.516],[-111.311,68.542],[-111.128,68.588],[-110.848,68.578],[-109.959,68.63],[-109.472,68.677],[-108.946,68.76],[-108.365,68.935],[-107.863,68.954],[-107.44,69.002],[-107.033,69.181],[-106.856,69.347],[-106.659,69.44],[-106.361,69.381],[-106.341,69.224],[-106.141,69.162],[-105.533,69.134],[-105.02,69.081],[-105.106,68.92],[-104.571,68.872],[-104.353,68.928],[-104.067,68.866],[-103.468,68.809],[-102.895,68.824],[-102.488,68.889],[-101.857,69.024],[-101.823,69.217],[-102.064,69.281],[-101.976,69.407],[-102.151,69.488],[-102.447,69.476],[-102.884,69.341],[-103.04,69.368],[-103.142,69.497],[-103.465,69.644],[-103.359,69.685],[-102.92,69.565],[-102.621,69.552],[-102.596,69.718],[-102.182,69.846],[-101.648,69.699],[-101.4,69.749],[-101.216,69.68],[-100.935,69.715],[-100.909,69.869],[-100.973,70.029],[-101.149,70.148],[-101.562,70.135],[-101.627,70.248],[-101.99,70.285],[-102.75,70.522],[-103.105,70.51],[-103.585,70.631],[-103.953,70.763],[-104.167,70.927],[-104.57,71.104],[-104.35,71.434],[-104.386,71.577],[-104.767,71.868],[-105.234,72.415],[-105.415,72.788],[-105.813,73.011],[-106.482,73.196],[-106.951,73.276],[-107.113,73.192],[-107.72,73.329],[-108.089,73.304],[-107.98,73.207],[-108.238,73.106],[-107.933,72.52],[-107.824,72.443],[-107.696,72.149],[-107.306,71.895],[-107.347,71.819],[-107.925,71.639],[-108.21,71.751],[-108.698,72.499],[-109.122,72.726],[-109.469,72.808],[-110.008,72.984],[-110.661,73.008],[-110.554,72.861],[-110.197,72.759],[-110.205,72.661],[-110.782,72.534],[-111.14,72.365],[-111.311,72.455],[-111.675,72.3],[-111.895,72.356],[-111.611,72.436],[-111.356,72.572],[-111.27,72.714],[-112.048,72.888],[-112.754,72.986],[-113.208,72.981],[-113.45,72.863],[-113.5,72.694],[-114.342,72.591],[-114.522,72.593]]],[[[-119.736,74.113],[-119.563,74.233],[-119.944,74.254],[-120.554,74.353],[-121.315,74.53],[-121.748,74.541],[-122.623,74.464],[-123.468,74.436],[-124.696,74.348],[-124.261,73.953],[-123.797,73.768],[-124.114,73.527],[-124.424,73.419],[-124.836,73.076],[-124.588,73.005],[-124.583,72.926],[-125,72.813],[-124.987,72.588],[-125.383,72.424],[-125.763,72.138],[-125.767,71.961],[-125.297,71.973],[-124.76,71.835],[-124.008,71.677],[-123.595,71.423],[-123.393,71.219],[-123.211,71.123],[-122.937,71.088],[-122.157,71.266],[-121.749,71.445],[-121.472,71.389],[-120.619,71.506],[-120.443,71.631],[-120.366,71.888],[-120.18,72.213],[-119.767,72.244],[-119.408,72.36],[-119.132,72.609],[-118.962,72.684],[-117.983,72.902],[-117.464,73.038],[-117.065,73.107],[-116.483,73.253],[-115.992,73.323],[-115.447,73.439],[-115.511,73.619],[-115.958,73.748],[-116.722,74.027],[-117.199,74.171],[-117.966,74.266],[-118.544,74.245],[-119.026,74.045],[-119.206,74.198],[-119.471,74.201],[-119.736,74.113]]],[[[-69.489,83.017],[-69.97,83.116],[-70.871,83.098],[-71.424,83.021],[-71.983,83.101],[-72.812,83.081],[-73.331,82.999],[-75.745,83.047],[-77.125,83.009],[-76.908,82.919],[-75.566,82.609],[-76.146,82.55],[-76.421,82.671],[-77.48,82.883],[-78.525,82.891],[-79.886,82.939],[-80.141,82.894],[-79.207,82.733],[-80.076,82.706],[-80.657,82.769],[-82.123,82.602],[-81.681,82.519],[-82.451,82.427],[-81.998,82.278],[-80.13,82.028],[-80.55,82.005],[-82.537,82.247],[-83.01,82.142],[-83.591,82.326],[-84.897,82.449],[-86.581,82.187],[-85.311,82.044],[-85.646,81.953],[-86.627,82.051],[-87.218,82],[-87.639,82.085],[-88.567,82.061],[-89.381,81.917],[-90.49,81.877],[-91.219,81.788],[-91.648,81.684],[-91.403,81.578],[-90.626,81.656],[-89.845,81.612],[-90.554,81.464],[-90.304,81.401],[-88.978,81.542],[-88.622,81.501],[-89.427,81.387],[-89.636,81.302],[-89.209,81.25],[-89.947,81.173],[-89.623,81.032],[-87.275,81.081],[-86.623,81.123],[-85.875,81.241],[-85.083,81.247],[-86.477,81.036],[-87.389,80.988],[-88.413,81],[-89.263,80.914],[-88.921,80.806],[-87.712,80.656],[-87.33,80.67],[-85.781,81.035],[-83.289,81.148],[-83.349,81.103],[-84.68,81.042],[-85.246,80.988],[-86.252,80.79],[-86.603,80.664],[-86.25,80.566],[-85.726,80.581],[-85.307,80.526],[-84.076,80.556],[-83.401,80.714],[-82.337,80.729],[-82.884,80.578],[-82.368,80.561],[-81.007,80.655],[-80.134,80.764],[-79.607,80.882],[-79.198,81.118],[-78.629,81.043],[-78.551,80.921],[-76.85,80.878],[-78.386,80.784],[-79.629,80.648],[-80.051,80.529],[-80.98,80.445],[-82.536,80.376],[-82.961,80.278],[-82.332,80.066],[-81.86,79.957],[-81.01,79.693],[-81.856,79.723],[-82.377,79.908],[-83.724,80.229],[-84.057,80.262],[-85.16,80.272],[-86.307,80.319],[-86.615,80.124],[-86.421,79.845],[-86.031,79.722],[-85.457,79.69],[-85.09,79.612],[-84.197,79.225],[-84.53,79.101],[-84.316,78.975],[-83.059,78.94],[-82.99,78.844],[-83.271,78.77],[-83.908,78.839],[-85.23,78.902],[-85.691,78.844],[-86.808,78.774],[-86.953,78.664],[-87.491,78.417],[-87.552,78.177],[-86.913,78.127],[-86.427,78.197],[-86.218,78.081],[-85.586,78.11],[-84.91,78.24],[-84.615,78.196],[-85.548,77.928],[-85.292,77.764],[-85.289,77.559],[-84.861,77.5],[-84.486,77.562],[-83.779,77.533],[-83.608,77.442],[-83.974,77.391],[-84.739,77.361],[-85.588,77.461],[-86.173,77.746],[-87.018,77.892],[-87.497,77.872],[-88.017,77.785],[-88.095,77.719],[-87.78,77.493],[-87.43,77.348],[-87.101,77.308],[-86.874,77.2],[-87.362,77.136],[-88.398,77.104],[-89.5,76.827],[-89.57,76.492],[-88.804,76.457],[-88.396,76.405],[-87.498,76.386],[-87.354,76.448],[-86.68,76.377],[-86.562,76.517],[-86.296,76.492],[-85.681,76.349],[-85.141,76.305],[-84.275,76.357],[-84.224,76.675],[-83.886,76.453],[-83.389,76.439],[-82.233,76.466],[-82.357,76.636],[-82.034,76.629],[-81.592,76.484],[-81.171,76.513],[-80.835,76.369],[-80.997,76.215],[-80.69,76.176],[-79.511,76.31],[-78.284,76.571],[-77.983,76.755],[-77.999,76.852],[-78.289,76.978],[-78.792,76.884],[-79.221,76.936],[-79.341,77.158],[-79.924,77.194],[-80.274,77.151],[-80.673,77.244],[-80.573,77.315],[-79.906,77.3],[-78.87,77.333],[-78.284,77.413],[-78.076,77.519],[-78.084,77.846],[-78.013,77.946],[-76.974,77.927],[-75.866,78.01],[-75.551,78.221],[-75.193,78.328],[-75.488,78.404],[-76.373,78.521],[-74.879,78.545],[-74.547,78.62],[-74.433,78.724],[-75.099,78.858],[-75.795,78.89],[-76.256,79.007],[-76.825,79.018],[-77.883,78.942],[-78.582,79.075],[-77.398,79.057],[-75.912,79.118],[-75.233,79.036],[-74.532,79.053],[-74.481,79.229],[-75.094,79.204],[-75.603,79.24],[-76.116,79.326],[-76.296,79.414],[-75.259,79.421],[-73.466,79.495],[-73.229,79.644],[-73.448,79.827],[-72.437,79.694],[-71.388,79.762],[-71.11,79.848],[-71.356,79.911],[-70.758,79.998],[-70.568,80.094],[-71.47,80.146],[-70.265,80.234],[-70.144,80.398],[-69.4,80.423],[-68.63,80.679],[-66.727,81.041],[-65.484,81.285],[-64.78,81.493],[-65.736,81.494],[-68.318,81.261],[-68.689,81.293],[-66.914,81.485],[-66.626,81.616],[-65.495,81.668],[-65.226,81.744],[-64.574,81.734],[-63.592,81.846],[-62.177,82.043],[-61.274,82.28],[-61.392,82.442],[-61.697,82.489],[-63.085,82.565],[-63.593,82.694],[-63.473,82.771],[-64.777,82.876],[-65.727,82.842],[-67.397,82.668],[-68.358,82.677],[-66.836,82.818],[-66.592,82.944],[-68.107,82.961],[-69.489,83.017]]],[[[-95.484,77.792],[-96.143,77.714],[-96.264,77.595],[-95.987,77.484],[-93.52,77.474],[-93.301,77.74],[-93.583,77.771],[-94.667,77.776],[-95.233,77.754],[-95.484,77.792]]],[[[-93.543,75.028],[-93.498,75.137],[-93.751,75.349],[-94.427,75.593],[-95.05,75.622],[-95.671,75.529],[-96.125,75.358],[-96.18,75.24],[-96.566,75.099],[-96.27,74.92],[-95.865,74.83],[-95.286,74.794],[-94.697,74.642],[-93.985,74.644],[-93.547,74.691],[-93.463,74.856],[-93.543,75.028]]],[[[-100.002,73.946],[-100.484,73.844],[-100.915,73.805],[-100.976,73.6],[-101.323,73.572],[-101.451,73.431],[-100.889,73.275],[-100.439,73.255],[-100.531,73.138],[-100.283,73.12],[-100.097,72.963],[-100.396,72.977],[-100.485,72.773],[-101.088,72.713],[-101.351,72.746],[-101.544,72.883],[-101.922,73.057],[-102.204,73.077],[-102.504,73.006],[-102.714,72.783],[-102.402,72.595],[-101.974,72.486],[-101.724,72.315],[-101.498,72.278],[-101.209,72.317],[-100.984,72.21],[-100.594,72.152],[-100.326,72.004],[-99.735,71.757],[-99.167,71.367],[-98.663,71.302],[-98.199,71.441],[-98.181,71.662],[-97.582,71.63],[-97.222,71.673],[-96.946,71.792],[-96.613,71.834],[-96.624,71.968],[-96.766,72.046],[-96.593,72.204],[-96.796,72.314],[-96.52,72.393],[-96.44,72.487],[-96.542,72.699],[-97.052,72.637],[-97.083,72.763],[-97.378,72.865],[-97.329,72.938],[-97.725,73.037],[-98.437,73],[-97.796,73.285],[-97.273,73.387],[-97.395,73.564],[-97.002,73.667],[-97.225,73.844],[-97.582,73.888],[-98.152,73.818],[-99.158,73.732],[-100.002,73.946]]],[[[-84.92,65.261],[-85.056,65.437],[-85.24,65.51],[-85.105,65.623],[-85.241,65.796],[-85.555,65.919],[-85.814,65.832],[-85.962,65.704],[-86.114,65.417],[-86.188,65.01],[-86.374,64.566],[-86.354,64.377],[-86.252,64.137],[-86.422,64.052],[-86.886,63.924],[-87.189,63.672],[-87.177,63.595],[-86.847,63.575],[-86.576,63.662],[-86.302,63.657],[-85.805,63.707],[-85.714,63.658],[-85.496,63.139],[-85.393,63.12],[-84.962,63.197],[-84.633,63.309],[-84.308,63.586],[-84.022,63.66],[-83.728,63.813],[-83.617,64.013],[-83.494,64.099],[-83.065,64.159],[-83.034,64.023],[-82.467,63.927],[-82.378,63.707],[-81.963,63.664],[-81.046,63.462],[-80.302,63.762],[-80.261,63.802],[-80.579,63.909],[-80.829,64.09],[-81.005,64.033],[-81.336,64.076],[-81.716,64.022],[-81.676,64.213],[-81.787,64.426],[-82.05,64.644],[-82.272,64.721],[-82.668,64.78],[-83.222,64.968],[-83.407,65.104],[-84.085,65.218],[-84.266,65.367],[-84.612,65.447],[-84.842,65.256],[-84.92,65.261]]],[[[-97.701,76.467],[-98.711,76.694],[-99.024,76.615],[-98.89,76.466],[-99.17,76.454],[-99.669,76.624],[-100.388,76.614],[-100.83,76.524],[-100.651,76.396],[-100.175,76.359],[-100.358,76.271],[-99.978,76.029],[-100.02,75.94],[-101.056,76.246],[-101.34,76.41],[-101.858,76.439],[-102.138,76.285],[-101.529,76.217],[-101.872,76.083],[-101.431,75.992],[-101.6,75.833],[-102.145,75.875],[-102.252,75.778],[-102.798,75.6],[-102.541,75.514],[-101.461,75.608],[-101.207,75.59],[-99.915,75.681],[-99.591,75.655],[-100.28,75.461],[-100.712,75.406],[-100.364,75.29],[-100.459,75.219],[-100.234,75.008],[-99.627,74.984],[-99.421,75.044],[-98.569,75.009],[-98.121,75.033],[-97.799,75.117],[-97.878,75.416],[-97.41,75.552],[-97.408,75.673],[-97.863,75.738],[-97.602,75.851],[-97.652,75.94],[-97.531,76.182],[-97.707,76.304],[-97.701,76.467]]],[[[-103.426,79.316],[-103.706,79.352],[-104.847,79.311],[-105.388,79.324],[-105.571,79.164],[-105.536,79.033],[-104.901,79.051],[-104.735,78.991],[-103.876,78.903],[-104.155,78.814],[-103.518,78.769],[-103.483,78.594],[-103.764,78.52],[-104.727,78.579],[-104.996,78.519],[-104.764,78.352],[-104.324,78.269],[-102.731,78.371],[-102.607,78.249],[-102.057,78.28],[-101.074,78.194],[-100.586,77.892],[-99.956,77.794],[-99.166,77.857],[-99,77.997],[-99.132,78.118],[-99.751,78.303],[-99.848,78.438],[-99.609,78.583],[-100.435,78.82],[-100.917,78.783],[-101.034,78.915],[-101.873,79.088],[-102.731,78.969],[-102.652,79.095],[-102.914,79.231],[-103.426,79.316]]],[[[-91.886,81.133],[-92.413,81.278],[-93.333,81.364],[-94.06,81.349],[-94.194,81.241],[-93.407,81.209],[-93.236,81.129],[-94.519,81.031],[-95.27,81.001],[-95.515,80.838],[-94.788,80.751],[-94.596,80.641],[-95.714,80.725],[-96.133,80.691],[-96.152,80.553],[-95.614,80.396],[-96.334,80.353],[-96.368,80.293],[-95.405,80.135],[-94.59,80.202],[-94.646,80.049],[-95.782,80.066],[-96.773,80.136],[-96.463,79.848],[-95.858,79.674],[-95.297,79.653],[-95.663,79.527],[-95.733,79.418],[-95.103,79.29],[-94.405,79.391],[-93.94,79.386],[-93.933,79.291],[-92.822,79.45],[-92.485,79.439],[-91.868,79.317],[-92.547,79.283],[-92.684,79.186],[-93.294,79.14],[-94.163,78.994],[-93.902,78.872],[-93.336,78.808],[-93.634,78.751],[-93.267,78.608],[-91.935,78.562],[-92.726,78.487],[-92.678,78.389],[-91.899,78.237],[-90.614,78.15],[-90.327,78.185],[-90.297,78.328],[-89.651,78.193],[-88.791,78.192],[-88.606,78.392],[-87.983,78.537],[-88.228,78.653],[-87.617,78.676],[-87.016,78.899],[-86.092,79.1],[-85.29,79.208],[-85.064,79.328],[-85.501,79.53],[-86.649,79.646],[-87.144,79.663],[-86.977,79.894],[-87.202,80.043],[-87.922,80.098],[-87.625,80.187],[-87.675,80.372],[-88.125,80.429],[-88.644,80.387],[-88.538,80.131],[-89.198,80.263],[-89.167,80.48],[-89.862,80.498],[-90.643,80.594],[-90.683,80.688],[-91.272,80.85],[-91.886,81.133]]],[[[-94.295,76.912],[-95.638,77.064],[-96.061,77.05],[-96.758,76.972],[-96.814,76.913],[-96.433,76.811],[-96.64,76.703],[-95.789,76.537],[-96.04,76.487],[-95.447,76.363],[-95.274,76.264],[-94.737,76.293],[-93.665,76.273],[-93.092,76.354],[-92.883,76.214],[-92.185,75.847],[-92.069,75.658],[-92.427,75.346],[-92.347,75.23],[-92.076,75.124],[-92.174,75.051],[-91.962,74.793],[-91.508,74.651],[-90.784,74.696],[-90.553,74.613],[-89.844,74.549],[-89.559,74.555],[-89.196,74.638],[-89.219,74.732],[-88.778,74.715],[-88.682,74.802],[-88.34,74.785],[-88.538,74.609],[-88.423,74.494],[-87.593,74.47],[-87.364,74.502],[-86.666,74.489],[-86.11,74.54],[-85.808,74.499],[-85.339,74.543],[-84.426,74.508],[-83.532,74.586],[-83.341,74.765],[-82.931,74.566],[-81.809,74.477],[-81.226,74.567],[-80.278,74.582],[-80.213,74.749],[-79.944,74.834],[-79.508,74.88],[-79.525,74.99],[-80.036,74.991],[-80.358,75.052],[-79.634,75.199],[-79.508,75.295],[-79.66,75.45],[-80.1,75.467],[-80.322,75.629],[-81.001,75.643],[-81.151,75.736],[-82.154,75.831],[-83.237,75.751],[-83.932,75.819],[-84.605,75.653],[-84.987,75.645],[-86.069,75.502],[-86.236,75.406],[-86.814,75.491],[-87.257,75.618],[-88.201,75.512],[-88.569,75.645],[-89.28,75.564],[-89.361,75.646],[-89.205,75.762],[-90.033,75.971],[-90.251,76.053],[-90.712,76.076],[-91.279,76.16],[-91.26,76.23],[-90.312,76.158],[-89.407,76.189],[-89.285,76.302],[-90.855,76.437],[-90.622,76.465],[-90.738,76.581],[-91.305,76.681],[-91.789,76.676],[-92.716,76.603],[-93.201,76.669],[-93.212,76.755],[-93.811,76.914],[-94.295,76.912]]],[[[-96.204,78.531],[-96.587,78.687],[-97.382,78.783],[-98.212,78.805],[-98.29,78.692],[-98.06,78.558],[-98.255,78.429],[-97.819,78.231],[-97.323,78.203],[-97.041,78.117],[-97.658,78.091],[-97.427,77.982],[-97.093,77.933],[-96.99,77.806],[-96.012,77.887],[-95.087,77.993],[-94.936,78.106],[-95.329,78.225],[-94.887,78.345],[-95.031,78.43],[-95.561,78.517],[-96.204,78.531]]],[[[-93.171,74.161],[-93.41,74.179],[-93.785,74.118],[-94.483,74.113],[-95.04,74.024],[-95.149,73.906],[-94.817,73.663],[-95.386,73.755],[-95.633,73.695],[-95.589,73.174],[-95.613,72.942],[-95.548,72.782],[-95.251,72.502],[-95.167,72.18],[-95.193,72.027],[-94.497,72.044],[-94.038,72.029],[-93.871,72.253],[-93.555,72.421],[-93.572,72.559],[-93.771,72.668],[-94.211,72.757],[-93.341,72.802],[-92.392,72.718],[-92.118,72.754],[-91.621,73.026],[-90.934,73.528],[-90.566,73.686],[-90.355,73.869],[-90.627,73.952],[-91.088,74.009],[-91.63,74.028],[-92.223,73.972],[-92.493,74.062],[-93.171,74.161]]],[[[-97.439,69.643],[-97.411,69.738],[-97.791,69.862],[-98.081,69.833],[-98.268,69.754],[-98.289,69.629],[-98.548,69.545],[-98.456,69.335],[-98.912,69.168],[-99.456,69.131],[-99.564,69.034],[-99.441,68.918],[-99.254,68.863],[-98.904,68.932],[-98.83,68.839],[-98.54,68.798],[-98.321,68.843],[-98.235,68.739],[-97.885,68.672],[-97.472,68.544],[-97.008,68.539],[-96.599,68.461],[-96.402,68.471],[-95.686,68.736],[-95.466,68.747],[-95.951,69.024],[-96.3,69.344],[-96.875,69.51],[-97.236,69.673],[-97.439,69.643]]],[[[-61.105,45.945],[-60.912,46.045],[-60.577,46.172],[-60.495,46.27],[-60.482,46.414],[-60.332,46.768],[-60.425,46.923],[-60.408,47.004],[-60.617,46.976],[-60.87,46.797],[-61.241,46.303],[-61.409,46.17],[-61.495,45.941],[-61.45,45.716],[-61.284,45.574],[-60.872,45.611],[-60.673,45.591],[-60.386,45.655],[-60.205,45.743],[-60.016,45.88],[-59.842,45.942],[-59.934,46.019],[-59.865,46.16],[-60.092,46.206],[-60.226,46.196],[-60.298,46.311],[-60.505,46.204],[-60.573,46.061],[-60.705,45.933],[-60.472,45.947],[-60.699,45.773],[-60.806,45.738],[-61.092,45.748],[-60.972,45.838],[-61.105,45.945]]],[[[-67.125,45.169],[-66.919,45.146],[-66.872,45.067],[-66.511,45.143],[-66.44,45.096],[-66.107,45.257],[-65.884,45.223],[-65.545,45.337],[-65.282,45.473],[-65.057,45.544],[-64.898,45.626],[-64.779,45.638],[-64.536,45.867],[-64.482,45.806],[-64.315,45.836],[-64.56,45.625],[-64.827,45.476],[-64.913,45.375],[-64.747,45.324],[-64.6,45.41],[-64.336,45.39],[-64.087,45.411],[-63.906,45.378],[-63.748,45.311],[-64.093,45.217],[-64.235,45.114],[-64.354,45.138],[-64.449,45.256],[-64.903,45.121],[-65.657,44.76],[-65.682,44.651],[-65.868,44.569],[-66.1,44.367],[-66.193,44.144],[-66.126,43.814],[-65.887,43.795],[-65.738,43.561],[-65.482,43.518],[-65.344,43.55],[-65.33,43.668],[-65.235,43.727],[-65.087,43.727],[-64.862,43.868],[-64.578,44.142],[-64.469,44.185],[-64.378,44.304],[-64.276,44.334],[-64.339,44.445],[-64.286,44.55],[-64,44.645],[-63.761,44.486],[-63.61,44.48],[-63.544,44.655],[-63.306,44.643],[-63.156,44.711],[-63.032,44.715],[-62.514,44.844],[-62.265,44.936],[-62.027,44.994],[-61.569,45.154],[-61.284,45.235],[-61.101,45.233],[-61.107,45.349],[-61.461,45.367],[-61.282,45.441],[-61.35,45.574],[-61.492,45.687],[-61.657,45.642],[-61.877,45.714],[-61.956,45.868],[-62.218,45.731],[-62.483,45.622],[-62.701,45.741],[-63.108,45.782],[-63.293,45.752],[-63.509,45.875],[-63.703,45.858],[-63.875,45.959],[-64.056,46.021],[-63.832,46.107],[-63.916,46.166],[-64.212,46.22],[-64.542,46.24],[-64.648,46.356],[-64.726,46.671],[-64.817,46.699],[-64.906,46.888],[-64.831,47.061],[-65.042,47.089],[-65.192,47.05],[-65.319,47.101],[-65.086,47.234],[-64.912,47.369],[-64.852,47.57],[-64.703,47.725],[-64.874,47.797],[-65.228,47.811],[-65.483,47.687],[-65.666,47.696],[-65.756,47.86],[-65.849,47.911],[-66.21,47.989],[-66.36,48.061],[-66.249,48.117],[-66.083,48.103],[-65.927,48.189],[-65.755,48.112],[-65.476,48.031],[-65.259,48.021],[-64.765,48.228],[-64.633,48.36],[-64.349,48.423],[-64.254,48.55],[-64.209,48.806],[-64.262,48.922],[-64.568,49.105],[-64.836,49.192],[-65.523,49.266],[-65.883,49.226],[-66.178,49.213],[-66.598,49.126],[-67.117,48.964],[-67.561,48.856],[-67.889,48.731],[-68.238,48.626],[-68.552,48.457],[-68.816,48.366],[-68.987,48.275],[-69.306,48.047],[-69.471,47.967],[-69.581,47.824],[-69.802,47.623],[-70.017,47.471],[-70.07,47.378],[-70.218,47.29],[-70.388,47.117],[-70.519,47.033],[-71.261,46.756],[-71.671,46.654],[-71.901,46.632],[-72.187,46.512],[-72.24,46.442],[-72.496,46.353],[-72.733,46.182],[-72.99,46.104],[-73.16,46.01],[-73.253,45.864],[-73.465,45.632],[-73.558,45.425],[-73.765,45.395],[-74.05,45.241],[-74.269,45.188],[-74.566,45.042],[-74.709,45.004],[-73.182,45.006],[-72.35,45.007],[-71.518,45.008],[-71.419,45.2],[-71.327,45.29],[-71.135,45.263],[-71,45.337],[-70.898,45.262],[-70.799,45.405],[-70.69,45.428],[-70.702,45.551],[-70.421,45.738],[-70.296,45.906],[-70.304,46.057],[-70.248,46.251],[-70.067,46.441],[-70.008,46.709],[-69.243,47.463],[-69.05,47.427],[-69.049,47.274],[-68.829,47.203],[-68.48,47.286],[-68.311,47.354],[-68.097,47.275],[-67.807,47.083],[-67.796,46.498],[-67.785,45.702],[-67.596,45.621],[-67.433,45.603],[-67.494,45.474],[-67.428,45.378],[-67.473,45.276],[-67.367,45.174],[-67.125,45.169]]],[[[-55.459,51.537],[-55.666,51.579],[-55.69,51.471],[-56.026,51.568],[-56.207,51.489],[-56.518,51.399],[-56.75,51.275],[-56.805,51.144],[-56.976,51.028],[-57.132,50.787],[-57.298,50.699],[-57.331,50.605],[-57.466,50.464],[-57.712,50.025],[-57.926,49.701],[-57.856,49.474],[-58.016,49.542],[-58.213,49.387],[-58.191,49.259],[-58.049,49.18],[-58.099,49.077],[-58.404,49.084],[-58.494,49.003],[-58.716,48.598],[-58.906,48.65],[-59.168,48.558],[-59.167,48.522],[-58.723,48.541],[-58.492,48.513],[-58.711,48.325],[-58.961,48.159],[-59.272,47.996],[-59.362,47.866],[-59.26,47.634],[-59.117,47.571],[-58.941,47.58],[-58.333,47.677],[-57.926,47.675],[-57.66,47.625],[-57.473,47.631],[-56.952,47.574],[-56.46,47.617],[-56.221,47.671],[-56.151,47.775],[-55.844,47.788],[-55.862,47.53],[-55.576,47.465],[-55.435,47.501],[-55.366,47.661],[-55.075,47.658],[-54.87,47.571],[-55.191,47.449],[-55.361,47.259],[-55.492,47.161],[-55.838,47.072],[-55.95,46.928],[-55.789,46.867],[-55.531,46.914],[-55.316,46.906],[-55.14,47.046],[-55.09,47.174],[-54.857,47.385],[-54.542,47.425],[-54.434,47.462],[-54.405,47.556],[-54.192,47.86],[-53.989,47.756],[-53.869,47.387],[-54.093,47.086],[-54.174,46.88],[-54.076,46.82],[-53.86,46.939],[-53.636,47.138],[-53.581,46.957],[-53.616,46.68],[-53.536,46.633],[-53.291,46.717],[-53.167,46.646],[-53.07,46.681],[-52.889,46.974],[-52.912,47.103],[-52.684,47.426],[-52.654,47.549],[-52.711,47.745],[-52.782,47.769],[-52.945,47.553],[-53.122,47.455],[-53.176,47.653],[-53.111,47.812],[-52.955,48.029],[-52.921,48.147],[-53.283,47.998],[-53.504,47.744],[-53.604,47.662],[-53.765,47.65],[-53.862,47.799],[-53.695,47.921],[-53.569,48.088],[-53.531,48.232],[-53.334,48.356],[-53.136,48.402],[-53.021,48.572],[-53.057,48.659],[-53.22,48.578],[-53.411,48.562],[-53.552,48.482],[-53.795,48.526],[-53.698,48.68],[-53.966,48.707],[-53.853,48.811],[-53.845,48.925],[-53.758,49.035],[-53.573,49.141],[-53.619,49.322],[-53.958,49.442],[-54.317,49.424],[-54.579,49.491],[-54.718,49.389],[-55.026,49.305],[-55.245,49.2],[-55.2,49.408],[-55.355,49.381],[-55.376,49.49],[-55.678,49.435],[-55.892,49.58],[-55.87,49.67],[-56.04,49.705],[-55.718,49.829],[-55.527,49.937],[-55.765,49.96],[-55.927,50.018],[-56.164,49.957],[-56.122,50.063],[-56.247,50.09],[-56.376,49.934],[-56.501,49.87],[-56.757,49.652],[-56.849,49.765],[-56.754,49.883],[-56.694,50.06],[-56.484,50.271],[-56.382,50.417],[-56.136,50.651],[-56.078,50.781],[-55.871,50.907],[-55.8,51.033],[-55.815,51.191],[-56,51.199],[-56.031,51.328],[-55.583,51.389],[-55.459,51.537]]],[[[-86.589,71.011],[-85.945,71.163],[-85.405,71.227],[-85.023,71.353],[-86.036,71.771],[-86.218,71.899],[-86.341,72.123],[-86.323,72.461],[-86.595,72.661],[-86.629,72.871],[-86.086,73.26],[-85.682,73.461],[-84.975,73.695],[-85.11,73.808],[-85.951,73.85],[-86.769,73.834],[-87.72,73.723],[-88.705,73.403],[-89.263,73.069],[-89.358,72.804],[-89.862,72.412],[-89.823,72.208],[-89.664,72.158],[-89.931,72.049],[-90.025,71.949],[-89.846,71.492],[-89.693,71.423],[-89.079,71.288],[-88.59,71.24],[-87.872,71.209],[-87.182,70.988],[-87.845,70.944],[-88.517,71.031],[-89.366,71.067],[-89.208,70.76],[-88.848,70.523],[-88.402,70.442],[-87.901,70.252],[-87.502,70.326],[-87.063,70.325],[-87.122,70.412],[-86.624,70.401],[-86.322,70.145],[-85.78,70.037],[-85.432,70.111],[-84.909,70.078],[-84.522,70.005],[-83.859,69.963],[-83.091,70.004],[-82.488,69.866],[-82.139,69.841],[-81.565,69.943],[-80.922,69.731],[-80.925,69.851],[-81.197,69.983],[-81.098,70.091],[-80.162,69.996],[-79.616,69.895],[-79.303,69.895],[-78.89,69.977],[-78.778,70.048],[-78.81,70.179],[-79.018,70.325],[-79.347,70.372],[-79.397,70.437],[-79.066,70.604],[-78.621,70.353],[-78.283,70.229],[-77.843,70.247],[-77.722,70.171],[-77.635,69.9],[-77.494,69.836],[-76.962,69.825],[-76.869,69.745],[-77.129,69.653],[-76.52,69.517],[-76.408,69.441],[-75.787,69.319],[-75.668,69.159],[-75.954,69.031],[-76.381,69.052],[-76.557,69.009],[-76.619,68.721],[-76.403,68.692],[-75.623,68.888],[-75.523,68.953],[-75.213,68.909],[-74.917,68.983],[-74.752,68.892],[-74.648,68.708],[-74.27,68.541],[-73.966,68.579],[-74.118,68.701],[-73.852,68.701],[-73.783,68.578],[-73.879,68.429],[-73.644,68.295],[-73.328,68.267],[-73.063,68.107],[-72.576,67.659],[-72.353,67.342],[-72.22,67.254],[-72.365,67.133],[-72.789,67.031],[-73.033,66.728],[-73.281,66.675],[-73.584,66.507],[-73.934,66.358],[-74.375,66.208],[-74.434,66.139],[-74.033,65.877],[-73.746,65.767],[-73.561,65.543],[-74.237,65.484],[-74.391,65.398],[-74.665,65.367],[-74.982,65.381],[-75.166,65.284],[-75.709,65.316],[-75.828,65.227],[-76.482,65.37],[-76.779,65.414],[-77.327,65.453],[-77.461,65.328],[-77.364,65.22],[-77.447,65.162],[-77.876,65.073],[-78.096,64.939],[-78.19,64.752],[-78.175,64.618],[-78.045,64.499],[-77.791,64.367],[-77.628,64.363],[-77.283,64.28],[-76.724,64.242],[-76.118,64.376],[-75.767,64.392],[-75.715,64.524],[-75.488,64.541],[-75.067,64.457],[-74.695,64.497],[-74.64,64.557],[-74.919,64.766],[-74.634,64.824],[-74.512,64.67],[-74.13,64.608],[-74.099,64.444],[-73.95,64.466],[-73.91,64.578],[-73.627,64.603],[-73.278,64.56],[-73.444,64.423],[-72.913,64.117],[-72.639,63.989],[-72.586,63.901],[-72.223,63.709],[-71.725,63.706],[-71.456,63.512],[-71.697,63.43],[-71.973,63.43],[-71.617,63.187],[-71.254,63.043],[-70.236,62.763],[-69.8,62.79],[-69.545,62.745],[-69.366,62.572],[-69.082,62.405],[-68.379,62.235],[-67.44,62.151],[-67.181,62.073],[-66.803,62.013],[-66.551,61.926],[-66.257,61.868],[-66.059,61.914],[-66.133,62.102],[-65.98,62.209],[-66.281,62.303],[-66.645,62.602],[-66.98,62.701],[-67.213,62.844],[-67.468,62.948],[-67.737,63.01],[-67.676,63.094],[-68.141,63.172],[-68.374,63.352],[-68.671,63.514],[-68.911,63.703],[-68.859,63.752],[-68.494,63.725],[-67.838,63.449],[-67.821,63.635],[-67.709,63.634],[-67.495,63.481],[-67.18,63.305],[-66.975,63.256],[-66.636,63.08],[-66.414,63.027],[-65.979,63.001],[-65.74,62.932],[-65.266,62.715],[-65.047,62.701],[-65.163,62.933],[-64.923,62.889],[-64.672,62.922],[-65.069,63.263],[-65.005,63.333],[-65.089,63.606],[-64.886,63.549],[-64.696,63.269],[-64.514,63.264],[-64.499,63.463],[-64.562,63.68],[-64.411,63.706],[-64.678,64.028],[-65.011,64.009],[-65.507,64.318],[-65.213,64.303],[-65.075,64.437],[-65.179,64.51],[-65.513,64.526],[-65.275,64.632],[-65.513,64.706],[-65.768,64.854],[-65.939,64.886],[-66.224,64.854],[-66.861,65.092],[-66.97,65.085],[-67.067,65.244],[-67.326,65.357],[-67.303,65.483],[-67.4,65.588],[-67.57,65.644],[-67.906,65.563],[-67.954,65.623],[-67.866,65.774],[-68.115,65.828],[-68.257,65.939],[-68.147,66.13],[-67.828,65.965],[-67.551,65.922],[-67.273,65.956],[-67.183,66.034],[-67.704,66.269],[-67.883,66.467],[-67.56,66.4],[-67.311,66.304],[-67.192,66.433],[-67.318,66.52],[-66.787,66.556],[-66.477,66.28],[-65.857,66.086],[-65.826,65.997],[-65.305,66.008],[-65.004,66.078],[-64.854,66.016],[-65.185,65.94],[-65.402,65.764],[-65.108,65.464],[-64.665,65.169],[-64.47,65.253],[-64.152,65.066],[-63.896,65.109],[-63.607,64.928],[-63.402,65.118],[-63.363,65.23],[-63.364,65.543],[-63.421,65.709],[-62.969,65.622],[-62.659,65.64],[-62.61,65.724],[-62.382,65.833],[-62.497,65.974],[-61.992,66.035],[-62.242,66.148],[-62.534,66.227],[-62.406,66.316],[-62.158,66.338],[-61.863,66.313],[-61.571,66.373],[-61.653,66.503],[-62.089,66.626],[-61.904,66.678],[-61.528,66.558],[-61.3,66.649],[-61.969,67.019],[-62.124,67.047],[-62.38,66.905],[-62.962,66.949],[-63.702,66.822],[-63.258,67.025],[-63.04,67.235],[-63.316,67.336],[-63.592,67.378],[-63.836,67.264],[-64.356,67.256],[-64.303,67.353],[-64.008,67.347],[-64.077,67.496],[-63.85,67.566],[-64.156,67.623],[-64.528,67.813],[-65.021,67.788],[-65.026,67.892],[-64.835,67.99],[-64.977,68.043],[-65.3,67.94],[-65.702,67.987],[-65.864,67.923],[-66.225,67.959],[-66.275,68.041],[-66.212,68.28],[-66.531,68.25],[-66.729,68.129],[-67.033,68.326],[-66.762,68.425],[-67.456,68.498],[-67.656,68.551],[-68.038,68.551],[-68.152,68.681],[-68.725,68.81],[-68.324,68.844],[-67.883,68.784],[-67.751,68.934],[-67.752,69.039],[-68.304,69.166],[-67.938,69.248],[-67.484,69.167],[-67.332,69.185],[-66.803,69.153],[-66.679,69.191],[-66.771,69.337],[-67.361,69.473],[-68.058,69.476],[-68.513,69.577],[-69.075,69.518],[-69.125,69.575],[-68.67,69.644],[-68.372,69.644],[-68.114,69.754],[-67.806,69.777],[-67.259,69.721],[-67.173,69.799],[-67.364,70.034],[-67.855,70.282],[-68.204,70.281],[-68.319,70.161],[-68.744,69.941],[-69.008,69.979],[-68.723,70.146],[-68.919,70.207],[-69.483,70.16],[-69.796,70.047],[-70.061,70.071],[-69.699,70.189],[-69.299,70.277],[-68.794,70.324],[-68.364,70.481],[-68.496,70.61],[-69.169,70.764],[-69.696,70.786],[-69.95,70.845],[-70.561,70.738],[-70.98,70.581],[-71.313,70.209],[-71.276,70.5],[-71.586,70.566],[-71.022,70.674],[-70.655,70.871],[-70.636,71.007],[-70.792,71.103],[-71.186,70.978],[-71.743,71.047],[-71.495,71.105],[-71.219,71.239],[-71.256,71.362],[-71.46,71.464],[-71.875,71.561],[-72.581,71.607],[-72.902,71.678],[-73.482,71.479],[-73.713,71.588],[-73.714,71.72],[-73.992,71.75],[-74.139,71.682],[-74.701,71.676],[-74.893,71.726],[-74.316,71.843],[-74.266,72.038],[-74.903,72.1],[-75.394,72.04],[-75.053,72.226],[-75.186,72.434],[-75.704,72.572],[-76.189,72.572],[-76.894,72.721],[-77.567,72.737],[-78.001,72.688],[-78.35,72.6],[-78.479,72.509],[-78.287,72.36],[-77.536,72.219],[-77.726,72.18],[-78.116,72.28],[-78.429,72.28],[-78.699,72.351],[-79,72.272],[-79.323,72.391],[-79.654,72.332],[-79.778,72.439],[-80.042,72.394],[-80.116,72.214],[-80.386,72.149],[-80.802,71.929],[-80.921,72.072],[-80.691,72.103],[-80.941,72.21],[-80.605,72.426],[-80.675,72.559],[-80.275,72.746],[-80.592,72.928],[-80.603,73.121],[-81.152,73.314],[-81.406,73.635],[-81.946,73.73],[-82.66,73.73],[-83.73,73.576],[-84.089,73.459],[-84.416,73.456],[-85.018,73.335],[-85.455,73.105],[-85.262,72.954],[-85.455,72.925],[-85.645,72.774],[-85.638,72.633],[-85.341,72.422],[-84.849,72.406],[-84.842,72.308],[-84.643,72.19],[-85.406,72.215],[-85.546,72.102],[-85.912,71.987],[-85.596,71.866],[-85.25,71.675],[-84.84,71.659],[-84.66,71.586],[-84.79,71.093],[-85.095,71.152],[-85.644,71.152],[-86.127,71.049],[-86.589,71.011]]],[[[-61.801,49.094],[-61.696,49.139],[-61.817,49.284],[-62.133,49.407],[-62.633,49.624],[-62.859,49.705],[-63.292,49.817],[-63.76,49.875],[-64.131,49.942],[-64.373,49.926],[-64.44,49.828],[-63.885,49.658],[-63.676,49.534],[-63.566,49.399],[-63.042,49.225],[-62.8,49.171],[-62.22,49.079],[-61.801,49.094]]],[[[-63.811,46.469],[-63.906,46.509],[-63.903,46.639],[-64.088,46.775],[-63.981,46.913],[-63.994,47.062],[-64.223,46.901],[-64.355,46.769],[-64.388,46.641],[-64.236,46.631],[-64.107,46.562],[-64.111,46.425],[-63.861,46.408],[-63.641,46.23],[-63.277,46.153],[-63.117,46.253],[-62.895,46.124],[-62.878,46.001],[-62.743,45.967],[-62.531,45.977],[-62.552,46.166],[-62.024,46.422],[-62.164,46.487],[-63.129,46.422],[-63.369,46.508],[-63.681,46.562],[-63.811,46.469]]],[[[-82,62.954],[-82.235,62.977],[-82.46,62.936],[-82.706,62.945],[-82.966,62.874],[-83.376,62.905],[-83.739,62.569],[-83.899,62.476],[-83.699,62.16],[-83.377,62.238],[-83.016,62.21],[-82.568,62.403],[-82.114,62.652],[-81.949,62.884],[-82,62.954]]],[[[-79.545,62.412],[-79.868,62.404],[-80.022,62.343],[-80.235,62.153],[-80.276,61.859],[-79.816,61.595],[-79.714,61.613],[-79.324,62.026],[-79.286,62.248],[-79.545,62.412]]],[[[-75.676,68.323],[-76.364,68.319],[-76.74,68.231],[-77.229,67.85],[-77.306,67.706],[-77.157,67.408],[-77.005,67.267],[-76.694,67.236],[-75.78,67.284],[-75.4,67.367],[-75.127,67.537],[-75.086,67.751],[-75.127,67.965],[-75.063,68.141],[-75.154,68.234],[-75.676,68.323]]],[[[-79.537,73.654],[-80.12,73.707],[-80.412,73.765],[-80.849,73.721],[-80.824,73.381],[-80.618,73.271],[-80.183,73.225],[-79.937,72.864],[-79.501,72.756],[-79.134,72.772],[-78.314,72.882],[-77.836,72.897],[-76.401,72.821],[-76.09,72.881],[-76.31,72.998],[-76.29,73.081],[-76.57,73.159],[-76.759,73.31],[-77.005,73.356],[-77.207,73.5],[-78.287,73.666],[-79.367,73.641],[-79.537,73.654]]],[[[-80.732,52.747],[-80.765,52.923],[-81.136,53.206],[-81.335,53.224],[-81.847,53.186],[-82.039,53.05],[-81.839,52.958],[-81.01,52.761],[-80.732,52.747]]],[[[-78.827,56.145],[-78.657,56.317],[-78.799,56.383],[-78.857,56.232],[-78.827,56.145]]],[[[-78.936,56.266],[-78.963,56.422],[-79.272,56.6],[-79.393,56.276],[-79.596,56.244],[-80.001,55.932],[-79.905,55.871],[-79.565,56.121],[-79.497,56.093],[-79.765,55.807],[-79.407,55.935],[-79.222,56.176],[-79.142,56.136],[-79.274,55.922],[-79.175,55.885],[-79.084,56.068],[-78.936,56.266]]],[[[-79.978,56.207],[-79.688,56.327],[-79.681,56.404],[-80.005,56.318],[-79.978,56.207]]],[[[-89.833,77.268],[-89.719,77.442],[-90.172,77.595],[-90.843,77.655],[-91.149,77.608],[-91.147,77.387],[-90.993,77.329],[-90.228,77.212],[-89.833,77.268]]],[[[-104.558,77.142],[-104.542,77.338],[-104.955,77.419],[-105.007,77.507],[-105.588,77.736],[-106.066,77.725],[-105.556,77.353],[-105.215,77.182],[-104.558,77.142]]],[[[-98.792,79.981],[-98.895,80.082],[-99.731,80.144],[-100.053,80.093],[-100.092,79.919],[-99.516,79.887],[-99.302,79.784],[-98.841,79.737],[-98.792,79.981]]],[[[-105.289,72.92],[-104.791,73.168],[-104.583,73.354],[-104.555,73.541],[-104.649,73.614],[-105.114,73.744],[-105.512,73.766],[-106.614,73.696],[-106.922,73.48],[-106.526,73.413],[-106.18,73.304],[-106.071,73.196],[-105.434,72.938],[-105.289,72.92]]],[[[-102.227,76.015],[-102.49,76.095],[-102.584,76.282],[-103.098,76.311],[-104.351,76.182],[-104.242,76.047],[-103.801,76.037],[-103.985,75.933],[-103.77,75.892],[-103.202,75.958],[-103.042,75.919],[-103.315,75.764],[-102.58,75.78],[-102.423,75.869],[-102.047,75.928],[-102.227,76.015]]],[[[-104.023,76.583],[-104.205,76.666],[-104.586,76.606],[-104.408,76.365],[-104.271,76.326],[-103.472,76.329],[-103.051,76.45],[-104.023,76.583]]],[[[-118.328,75.58],[-117.626,75.966],[-117.499,76.077],[-117.752,76.112],[-118.137,75.994],[-118.626,75.906],[-119.395,75.617],[-118.817,75.522],[-118.328,75.58]]],[[[-113.832,77.755],[-113.619,77.813],[-113.768,77.904],[-114.28,78.004],[-115.029,77.968],[-114.608,77.769],[-114.287,77.721],[-113.832,77.755]]],[[[-130.236,53.959],[-130.397,54.086],[-130.495,54.074],[-130.696,53.951],[-130.384,53.844],[-130.236,53.959]]],[[[-129.849,53.168],[-129.755,53.245],[-129.945,53.436],[-130.195,53.55],[-130.452,53.631],[-130.518,53.544],[-130.306,53.407],[-130.151,53.346],[-129.934,53.177],[-129.849,53.168]]],[[[-130.575,54.77],[-130.349,54.815],[-130.204,54.947],[-130.214,55.026],[-130.575,54.77]]],[[[-128.552,52.94],[-128.633,53.113],[-128.74,53.179],[-129.033,53.28],[-129.178,53.018],[-129.085,52.822],[-128.766,52.598],[-128.731,52.357],[-128.624,52.34],[-128.51,52.519],[-128.552,52.94]]],[[[-124.154,49.531],[-124.421,49.728],[-124.631,49.736],[-124.362,49.588],[-124.154,49.531]]],[[[-126.641,49.606],[-126.65,49.746],[-126.738,49.844],[-126.926,49.838],[-126.939,49.718],[-126.743,49.613],[-126.641,49.606]]],[[[-125.184,50.097],[-125.074,50.221],[-125.196,50.39],[-125.358,50.312],[-125.26,50.13],[-125.184,50.097]]],[[[-128.937,52.51],[-128.994,52.662],[-129.186,52.791],[-129.25,52.722],[-129.151,52.605],[-128.937,52.51]]],[[[-127.925,51.474],[-127.916,51.585],[-128.032,51.708],[-128.149,51.627],[-128.092,51.511],[-127.925,51.474]]],[[[-128.369,52.401],[-128.324,52.459],[-128.248,52.741],[-128.44,52.696],[-128.436,52.56],[-128.369,52.401]]],[[[-61.914,47.285],[-61.887,47.345],[-61.582,47.56],[-61.628,47.594],[-61.925,47.425],[-61.914,47.285]]],[[[-73.567,45.469],[-73.522,45.701],[-73.775,45.468],[-73.567,45.469]]],[[[-54.094,49.744],[-54.289,49.661],[-54.238,49.592],[-53.981,49.662],[-54.094,49.744]]],[[[-64.824,62.559],[-64.901,62.421],[-64.657,62.384],[-64.478,62.418],[-64.515,62.552],[-64.824,62.559]]],[[[-68.234,60.241],[-67.844,60.392],[-67.914,60.54],[-68.142,60.562],[-68.338,60.361],[-68.234,60.241]]],[[[-70.337,62.549],[-70.292,62.616],[-70.443,62.734],[-70.674,62.807],[-71.135,62.878],[-70.851,62.704],[-70.766,62.597],[-70.337,62.549]]],[[[-64.833,61.366],[-64.696,61.471],[-64.67,61.593],[-64.79,61.662],[-65.13,61.686],[-65.432,61.65],[-65.394,61.563],[-64.833,61.366]]],[[[-64.407,60.367],[-64.646,60.515],[-64.836,60.501],[-64.809,60.41],[-64.442,60.298],[-64.407,60.367]]],[[[-61.744,57.555],[-61.975,57.495],[-61.795,57.422],[-61.744,57.555]]],[[[-67.915,69.541],[-67.755,69.631],[-67.989,69.679],[-68.202,69.58],[-67.915,69.541]]],[[[-79.063,75.926],[-78.845,76.106],[-79.009,76.146],[-79.699,75.883],[-79.545,75.826],[-79.063,75.926]]],[[[-79.384,51.952],[-79.335,52.098],[-79.644,52.01],[-79.384,51.952]]],[[[-73.622,67.784],[-73.407,67.793],[-73.435,67.97],[-74.379,68.093],[-74.707,68.067],[-74.746,67.985],[-74.573,67.829],[-74.374,67.79],[-73.622,67.784]]],[[[-77.877,63.471],[-78.235,63.49],[-78.507,63.451],[-78.469,63.358],[-78.256,63.24],[-77.942,63.114],[-77.594,63.188],[-77.538,63.287],[-77.704,63.431],[-77.877,63.471]]],[[[-94.527,75.749],[-94.296,75.788],[-94.538,75.996],[-94.901,75.931],[-94.787,75.791],[-94.527,75.749]]],[[[-96.782,72.937],[-96.598,73.074],[-96.862,73.189],[-97.069,73.13],[-97.093,72.997],[-96.782,72.937]]],[[[-98.27,73.869],[-97.755,74.006],[-97.698,74.109],[-98.061,74.105],[-98.904,74.007],[-99.385,73.879],[-98.974,73.812],[-98.27,73.869]]],[[[-74.881,68.349],[-74.798,68.458],[-74.984,68.648],[-75.287,68.688],[-75.4,68.525],[-74.881,68.349]]],[[[-78.983,68.193],[-78.829,68.268],[-78.953,68.353],[-79.153,68.335],[-79.174,68.235],[-78.983,68.193]]],[[[-76.678,63.394],[-76.652,63.504],[-76.764,63.574],[-77.134,63.682],[-77.365,63.588],[-77.057,63.45],[-76.678,63.394]]],[[[-79.431,69.788],[-79.594,69.81],[-79.971,69.739],[-80.214,69.802],[-80.653,69.751],[-80.161,69.536],[-79.882,69.609],[-79.553,69.631],[-79.365,69.712],[-79.431,69.788]]],[[[-78.029,69.715],[-78.579,69.639],[-78.789,69.523],[-78.47,69.503],[-77.969,69.639],[-78.029,69.715]]],[[[-79.211,68.845],[-78.853,68.916],[-78.533,69.146],[-78.229,69.304],[-78.333,69.386],[-78.597,69.371],[-78.662,69.262],[-78.9,69.135],[-79.243,69.049],[-79.406,68.923],[-79.211,68.845]]],[[[-76.995,69.144],[-76.687,69.328],[-76.746,69.404],[-77.188,69.44],[-77.319,69.416],[-77.379,69.274],[-77.215,69.138],[-76.995,69.144]]],[[[-86.913,70.113],[-87.323,70.102],[-87.191,70.019],[-86.734,69.976],[-86.515,70.017],[-86.613,70.106],[-86.913,70.113]]],[[[-83.726,65.797],[-83.701,65.92],[-83.95,66.027],[-84.407,66.131],[-84.451,66.064],[-84.143,65.916],[-84.118,65.772],[-83.814,65.788],[-83.636,65.692],[-83.381,65.63],[-83.234,65.697],[-83.726,65.797]]],[[[-86.596,67.736],[-86.382,67.927],[-86.421,68.183],[-86.702,68.306],[-86.96,68.1],[-86.847,68.01],[-86.861,67.81],[-86.596,67.736]]],[[[-84.675,65.575],[-84.603,65.657],[-84.692,65.793],[-84.939,66.009],[-85.15,66.015],[-85.136,65.821],[-84.783,65.57],[-84.675,65.575]]],[[[-101.226,76.579],[-100.269,76.734],[-100.962,76.734],[-101.226,76.579]]],[[[-101.694,77.697],[-101.002,77.735],[-101.128,77.813],[-101.639,77.892],[-102.448,77.881],[-102.458,77.77],[-102.08,77.692],[-101.694,77.697]]],[[[-89.726,76.507],[-89.822,76.631],[-89.695,76.741],[-89.949,76.836],[-90.525,76.788],[-90.556,76.735],[-90.054,76.495],[-89.726,76.507]]],[[[-96.079,75.51],[-95.96,75.554],[-96.368,75.655],[-96.523,75.584],[-96.983,75.51],[-96.723,75.381],[-96.462,75.494],[-96.079,75.51]]],[[[-95.307,74.505],[-95.51,74.637],[-95.777,74.551],[-95.307,74.505]]],[[[-113.561,76.743],[-113.517,76.825],[-113.892,76.895],[-114.42,76.875],[-114.751,76.759],[-113.712,76.711],[-113.561,76.743]]],[[[-104.12,75.036],[-103.642,75.163],[-103.804,75.346],[-104.346,75.43],[-104.649,75.35],[-104.887,75.148],[-104.634,75.061],[-104.12,75.036]]],[[[-100.217,68.807],[-100.178,68.904],[-100.414,69.028],[-100.612,68.99],[-100.616,68.783],[-100.366,68.729],[-100.217,68.807]]],[[[-95.514,69.574],[-95.876,69.606],[-95.995,69.47],[-95.496,69.35],[-95.381,69.507],[-95.514,69.574]]],[[[-101.846,68.586],[-101.722,68.724],[-102.013,68.825],[-102.266,68.664],[-101.846,68.586]]],[[[-104.541,68.406],[-104.472,68.504],[-104.602,68.562],[-104.907,68.582],[-104.965,68.492],[-104.541,68.406]]],[[[-107.9,67.402],[-107.991,67.622],[-108.128,67.629],[-108.152,67.429],[-107.9,67.402]]]]},"properties":{"id":"CAN"}},
{"type":"Feature","geometry":{"type":"Polygon","coordinates":[[[8.556,4.755],[8.533,4.606],[8.574,4.526],[8.656,4.516],[8.762,4.58],[8.918,4.554],[8.903,4.435],[8.977,4.23],[9,4.092],[9.249,3.998],[9.311,3.94],[9.425,3.922],[9.501,4.001],[9.6,4.027],[9.736,3.88],[9.628,3.87],[9.556,3.798],[9.672,3.538],[9.876,3.31],[9.948,3.079],[9.885,2.917],[9.868,2.735],[9.822,2.539],[9.801,2.304],[9.87,2.213],[9.98,2.168],[10.791,2.168],[11.329,2.167],[11.348,2.3],[11.94,2.285],[12.361,2.296],[12.666,2.257],[12.867,2.247],[13.22,2.256],[13.294,2.162],[14.484,2.155],[14.579,2.199],[14.763,2.075],[14.875,2.08],[14.902,2.012],[15.1,2.002],[15.204,2.024],[15.339,1.945],[15.6,1.95],[15.742,1.915],[15.975,1.76],[16.059,1.676],[16.136,1.724],[16.088,1.918],[16.08,2.107],[16.177,2.205],[16.183,2.27],[16.107,2.473],[16.059,2.773],[16.063,2.909],[15.905,3.096],[15.775,3.127],[15.458,3.457],[15.129,3.827],[15.035,4.016],[15.137,4.069],[15.023,4.359],[14.77,4.558],[14.709,4.666],[14.641,5.179],[14.563,5.28],[14.617,5.496],[14.617,5.865],[14.503,5.917],[14.431,6.039],[14.512,6.162],[14.739,6.28],[14.862,6.556],[14.983,6.745],[15.035,6.784],[15.246,7.264],[15.379,7.358],[15.48,7.524],[15.553,7.665],[15.55,7.788],[15.443,7.852],[15.252,8.322],[15.116,8.557],[14.861,8.799],[14.733,8.866],[14.332,9.204],[14.178,9.406],[14.005,9.589],[13.977,9.692],[14.14,9.902],[14.243,9.98],[14.377,9.985],[14.598,9.953],[14.836,9.942],[15.193,9.981],[15.32,9.954],[15.541,9.96],[15.655,10.008],[15.532,10.088],[15.276,10.357],[15.201,10.485],[15.069,10.851],[15.03,11.114],[15.055,11.369],[15.122,11.541],[15.078,11.643],[15.081,11.846],[14.974,12.108],[14.881,12.269],[14.847,12.502],[14.761,12.656],[14.623,12.73],[14.545,12.82],[14.516,12.98],[14.462,13.022],[14.245,13.077],[14.064,13.079],[14.197,12.384],[14.415,12.344],[14.519,12.298],[14.627,12.109],[14.597,11.83],[14.562,11.729],[14.56,11.492],[14.202,11.268],[14.057,11.245],[13.892,11.14],[13.7,10.873],[13.535,10.605],[13.415,10.171],[13.27,10.036],[13.221,9.645],[13.175,9.54],[13.019,9.488],[12.929,9.426],[12.876,9.304],[12.807,8.887],[12.731,8.746],[12.583,8.624],[12.404,8.596],[12.233,8.282],[12.156,7.942],[12.025,7.728],[12.016,7.59],[11.852,7.401],[11.767,7.272],[11.861,7.116],[11.58,6.889],[11.552,6.697],[11.478,6.597],[11.325,6.485],[11.153,6.438],[11.08,6.506],[11.033,6.698],[10.738,6.988],[10.606,7.063],[10.556,7.037],[10.482,6.891],[10.205,6.892],[10.144,6.996],[9.874,6.803],[9.78,6.76],[9.66,6.532],[9.373,6.32],[9.06,6.009],[8.935,5.781],[8.801,5.197],[8.585,4.833],[8.556,4.755]]]},"properties":{"id":"CMR"}},
{"type":"Feature","geometry":{"type":"Polygon","coordinates":[[[107.519,14.705],[107.415,14.563],[107.293,14.592],[107.109,14.417],[107.03,14.426],[106.938,14.327],[106.82,14.315],[106.564,14.505],[106.501,14.578],[106.355,14.455],[106.225,14.476],[106.165,14.372],[105.979,14.343],[106.125,14.049],[106.067,13.921],[105.904,13.925],[105.74,14.085],[105.532,14.156],[105.35,14.11],[105.246,14.201],[105.183,14.346],[105.074,14.227],[104.982,14.289],[104.97,14.366],[104.779,14.428],[104.412,14.37],[104.228,14.396],[104.054,14.363],[103.818,14.362],[103.6,14.421],[103.199,14.333],[103.031,14.253],[102.909,14.137],[102.729,13.842],[102.545,13.66],[102.547,13.586],[102.32,13.54],[102.331,13.288],[102.462,13.015],[102.5,12.67],[102.63,12.57],[102.756,12.426],[102.706,12.256],[102.737,12.09],[102.934,11.707],[103.004,11.711],[103.011,11.589],[103.125,11.461],[103.091,11.211],[103.153,10.914],[103.354,10.922],[103.532,11.147],[103.654,11.059],[103.722,10.89],[103.681,10.759],[103.54,10.669],[103.532,10.605],[103.662,10.509],[103.841,10.581],[103.937,10.587],[104.262,10.541],[104.426,10.411],[104.564,10.516],[104.851,10.534],[105.061,10.734],[105.022,10.887],[105.159,10.898],[105.315,10.845],[105.387,10.94],[105.755,10.99],[105.853,10.864],[105.938,10.885],[106.099,10.797],[106.168,11.012],[105.892,11.245],[105.856,11.294],[105.851,11.635],[105.927,11.653],[106.006,11.758],[106.103,11.751],[106.34,11.682],[106.411,11.738],[106.414,11.948],[106.7,11.979],[106.765,12.052],[106.931,12.077],[107.159,12.277],[107.33,12.319],[107.393,12.26],[107.506,12.365],[107.555,12.54],[107.544,12.706],[107.475,13.03],[107.605,13.438],[107.529,13.654],[107.331,14.127],[107.364,14.369],[107.448,14.451],[107.535,14.65],[107.519,14.705]]]},"properties":{"id":"KHM"}},
{"type":"Feature","geometry":{"type":"MultiPolygon","coordinates":[[[[100.122,20.317],[100.184,20.589],[100.249,20.73],[100.407,20.823],[100.565,20.825],[100.536,20.992],[100.614,21.059],[100.757,21.313],[100.928,21.366],[101.08,21.469],[101.139,21.567],[101.121,21.746],[101.019,21.736],[100.835,21.655],[100.677,21.505],[100.531,21.458],[100.351,21.501],[100.215,21.463],[100.089,21.558],[100.096,21.661],[99.978,21.702],[99.926,21.821],[99.948,21.988],[99.918,22.028],[99.593,22.089],[99.193,22.126],[99.172,22.192],[99.243,22.37],[99.338,22.498],[99.338,22.689],[99.385,22.825],[99.507,22.959],[99.465,23.046],[99.341,23.096],[99.055,23.131],[98.864,23.191],[98.886,23.307],[98.859,23.44],[98.798,23.52],[98.832,23.624],[98.788,23.738],[98.681,23.842],[98.702,23.964],[98.834,24.091],[98.764,24.116],[98.583,24.07],[98.499,24.116],[98.213,24.111],[98.017,24.065],[97.686,23.898],[97.565,23.911],[97.568,23.988],[97.691,24.131],[97.708,24.229],[97.667,24.38],[97.531,24.492],[97.529,24.631],[97.583,24.775],[97.724,24.842],[97.715,25.034],[97.82,25.252],[97.918,25.236],[98.011,25.293],[98.1,25.416],[98.173,25.595],[98.334,25.587],[98.466,25.789],[98.625,25.827],[98.655,25.918],[98.572,26.114],[98.663,26.139],[98.672,26.299],[98.732,26.583],[98.738,26.786],[98.717,27.045],[98.675,27.191],[98.677,27.422],[98.651,27.572],[98.504,27.648],[98.409,27.639],[98.299,27.55],[98.13,27.968],[98.099,28.142],[97.865,28.364],[97.769,28.356],[97.695,28.469],[97.538,28.51],[97.322,28.218],[97.303,28.086],[97.335,27.938],[97.226,27.89],[96.9,27.644],[96.902,27.44],[97.104,27.163],[97.038,27.102],[96.88,27.178],[96.798,27.296],[96.666,27.339],[96.274,27.278],[96.061,27.217],[95.905,27.047],[95.738,26.95],[95.464,26.756],[95.129,26.597],[95.06,26.474],[95.069,26.191],[95.132,26.041],[95.015,25.913],[94.992,25.77],[94.786,25.519],[94.623,25.41],[94.554,25.243],[94.675,25.139],[94.708,25.049],[94.584,24.767],[94.399,24.514],[94.293,24.322],[94.128,23.876],[93.855,23.944],[93.683,24.007],[93.494,23.973],[93.356,24.074],[93.307,24.022],[93.415,23.682],[93.366,23.133],[93.308,23.03],[93.151,22.997],[93.163,22.908],[93.079,22.718],[93.162,22.36],[93.151,22.231],[93.071,22.209],[92.965,22.004],[92.854,22.01],[92.771,22.105],[92.689,22.131],[92.575,21.978],[92.593,21.467],[92.632,21.306],[92.539,21.32],[92.331,21.44],[92.208,21.358],[92.18,21.293],[92.215,21.113],[92.264,21.061],[92.324,20.792],[92.608,20.47],[92.723,20.296],[92.736,20.563],[92.891,20.34],[92.791,20.211],[92.882,20.152],[93.067,20.378],[93.002,20.075],[93.129,19.858],[93.199,19.898],[93.157,20.041],[93.362,20.058],[93.582,19.91],[93.707,19.912],[93.612,19.776],[93.74,19.697],[93.84,19.534],[93.998,19.441],[93.962,19.329],[93.825,19.238],[93.728,19.267],[93.579,19.401],[93.493,19.369],[93.705,19.027],[93.929,18.9],[93.968,18.995],[93.941,19.146],[94.002,19.182],[94.07,18.893],[94.252,18.609],[94.266,18.507],[94.431,18.202],[94.494,17.825],[94.589,17.569],[94.564,17.309],[94.473,17.135],[94.452,16.954],[94.4,16.868],[94.353,16.64],[94.271,16.517],[94.214,16.127],[94.224,16.016],[94.299,16.008],[94.442,16.094],[94.588,16.289],[94.665,16.336],[94.681,16.133],[94.651,16.065],[94.662,15.904],[94.798,15.971],[94.891,15.979],[94.943,15.818],[95.177,15.826],[95.333,16.033],[95.301,15.756],[95.39,15.723],[95.556,15.838],[95.679,15.977],[95.763,16.169],[96.012,16.254],[96.043,16.34],[96.135,16.343],[96.324,16.444],[96.237,16.567],[96.189,16.768],[96.249,16.765],[96.282,16.596],[96.364,16.521],[96.507,16.514],[96.622,16.564],[96.811,16.778],[96.909,17.031],[96.851,17.203],[96.97,17.317],[97.178,17.062],[97.267,16.743],[97.331,16.672],[97.376,16.523],[97.62,16.537],[97.641,16.254],[97.584,16.02],[97.71,15.876],[97.774,15.431],[97.744,15.307],[97.8,15.185],[97.812,14.859],[97.91,14.653],[97.998,14.335],[98.1,14.162],[98.073,13.986],[98.111,13.713],[98.2,13.98],[98.239,13.934],[98.245,13.733],[98.421,13.484],[98.487,13.293],[98.576,13.162],[98.637,12.848],[98.665,12.54],[98.624,12.441],[98.679,12.348],[98.696,12.225],[98.664,12.127],[98.689,11.957],[98.645,11.91],[98.636,11.738],[98.694,11.718],[98.805,11.779],[98.876,11.72],[98.741,11.592],[98.745,11.24],[98.683,11.133],[98.676,10.987],[98.536,10.741],[98.465,10.676],[98.523,10.353],[98.497,10.183],[98.563,10.035],[98.703,10.19],[98.768,10.431],[98.757,10.661],[98.787,10.708],[99.025,10.92],[99.19,11.105],[99.478,11.613],[99.573,11.687],[99.615,11.781],[99.523,12.09],[99.463,12.19],[99.394,12.474],[99.405,12.548],[99.22,12.74],[99.174,12.961],[99.107,13.104],[99.176,13.233],[99.172,13.497],[99.137,13.717],[99.015,13.947],[98.934,14.05],[98.57,14.36],[98.246,14.815],[98.202,14.976],[98.191,15.204],[98.452,15.357],[98.565,15.404],[98.558,15.769],[98.592,16.051],[98.818,16.181],[98.888,16.352],[98.835,16.418],[98.689,16.305],[98.478,16.732],[98.439,16.976],[98.257,17.148],[97.793,17.681],[97.699,17.834],[97.74,17.935],[97.72,18.037],[97.599,18.303],[97.451,18.36],[97.381,18.494],[97.485,18.494],[97.728,18.572],[97.754,18.621],[97.706,18.932],[97.804,19.13],[97.794,19.266],[97.817,19.46],[97.991,19.654],[98.015,19.75],[98.111,19.762],[98.239,19.691],[98.494,19.701],[98.761,19.771],[98.917,19.773],[98.987,19.861],[99.021,20.042],[99.074,20.099],[99.197,20.115],[99.338,20.079],[99.452,20.118],[99.502,20.188],[99.459,20.363],[99.639,20.32],[99.773,20.341],[99.89,20.424],[100.122,20.317]]],[[[98.554,11.745],[98.524,11.805],[98.376,11.792],[98.435,11.567],[98.528,11.539],[98.554,11.745]]],[[[98.414,12.598],[98.331,12.511],[98.314,12.336],[98.381,12.354],[98.459,12.474],[98.414,12.598]]],[[[94.477,15.946],[94.566,16.019],[94.619,16.141],[94.388,15.994],[94.477,15.946]]],[[[97.575,16.253],[97.6,16.43],[97.542,16.505],[97.469,16.461],[97.48,16.306],[97.575,16.253]]],[[[93.691,18.684],[93.745,18.866],[93.618,18.889],[93.488,18.868],[93.57,18.76],[93.691,18.684]]],[[[93.715,19.558],[93.644,19.495],[93.732,19.416],[93.756,19.326],[93.902,19.332],[93.946,19.429],[93.715,19.558]]]]},"properties":{"id":"MMR"}},
{"type":"Feature","geometry":{"type":"Polygon","coordinates":[[[30.554,-2.4],[30.408,-2.313],[30.234,-2.347],[30.142,-2.414],[29.93,-2.34],[29.912,-2.549],[29.868,-2.716],[29.698,-2.795],[29.39,-2.809],[29.297,-2.673],[29.198,-2.62],[29.063,-2.603],[29.014,-2.72],[29.017,-2.8],[29.224,-3.054],[29.21,-3.363],[29.212,-3.834],[29.223,-3.911],[29.331,-4.095],[29.403,-4.449],[29.718,-4.456],[29.947,-4.307],[30.147,-4.085],[30.269,-3.85],[30.379,-3.731],[30.425,-3.589],[30.632,-3.419],[30.682,-3.309],[30.79,-3.275],[30.811,-3.116],[30.78,-2.985],[30.515,-2.918],[30.424,-2.824],[30.473,-2.694],[30.424,-2.642],[30.554,-2.4]]]},"properties":{"id":"BDI"}},
{"type":"Feature","geometry":{"type":"Polygon","coordinates":[[[0.9,10.993],[0.985,11.079],[1.062,11.058],[1.146,11.252],[1.317,11.295],[1.427,11.447],[1.561,11.449],[1.6,11.401],[1.858,11.443],[1.98,11.418],[2.287,11.691],[2.389,11.897],[2.091,12.278],[2.069,12.379],[2.204,12.413],[2.212,12.538],[2.074,12.714],[1.956,12.707],[1.79,12.613],[1.565,12.635],[1.097,13.001],[0.987,13.042],[0.973,13.17],[1.018,13.468],[0.978,13.552],[0.748,13.675],[0.618,13.703],[0.429,13.972],[0.355,14.139],[0.383,14.246],[0.164,14.497],[0.217,14.911],[-0.236,15.059],[-0.405,15.013],[-0.537,15.078],[-0.76,15.048],[-1.05,14.82],[-1.494,14.626],[-1.768,14.486],[-1.973,14.457],[-2.057,14.195],[-2.113,14.168],[-2.457,14.274],[-2.587,14.228],[-2.779,14.074],[-2.874,13.951],[-2.926,13.787],[-2.917,13.679],[-3.039,13.639],[-3.198,13.673],[-3.27,13.577],[-3.267,13.401],[-3.302,13.281],[-3.47,13.196],[-3.576,13.194],[-3.853,13.374],[-4.051,13.382],[-4.151,13.306],[-4.329,13.119],[-4.225,12.879],[-4.227,12.794],[-4.481,12.672],[-4.422,12.582],[-4.429,12.338],[-4.587,12.155],[-4.798,12.032],[-5.106,11.968],[-5.288,11.828],[-5.291,11.683],[-5.229,11.522],[-5.3,11.206],[-5.347,11.13],[-5.49,11.042],[-5.457,10.771],[-5.479,10.565],[-5.524,10.426],[-5.382,10.314],[-5.262,10.32],[-5.1,10.242],[-4.994,10.046],[-4.97,9.93],[-4.626,9.714],[-4.527,9.723],[-4.406,9.648],[-4.332,9.646],[-4.267,9.743],[-3.878,9.895],[-3.581,9.924],[-3.29,9.882],[-3.224,9.895],[-3.096,9.752],[-2.988,9.687],[-2.817,9.426],[-2.696,9.481],[-2.766,9.658],[-2.751,9.91],[-2.783,10.083],[-2.787,10.402],[-2.915,10.592],[-2.907,10.728],[-2.83,10.998],[-2.752,10.986],[-1.6,10.998],[-1.537,11.023],[-1.233,10.997],[-1.042,11.01],[-0.903,10.985],[-0.701,10.989],[-0.649,10.927],[-0.492,11.008],[-0.43,11.093],[-0.346,11.088],[-0.299,11.167],[-0.069,11.116],[0.484,10.992],[0.9,10.993]]]},"properties":{"id":"BFA"}},
{"type":"Feature","geometry":{"type":"Polygon","coordinates":[[[28.014,41.969],[27.983,42.047],[27.708,42.35],[27.485,42.468],[27.754,42.707],[27.889,42.75],[27.896,43.021],[27.929,43.186],[28.134,43.396],[28.32,43.427],[28.465,43.389],[28.562,43.501],[28.585,43.742],[28.423,43.74],[28.05,43.822],[27.884,43.987],[27.739,43.956],[27.671,43.998],[27.425,44.021],[27.087,44.167],[26.848,44.146],[26.489,44.084],[26.216,44.007],[25.933,43.871],[25.819,43.767],[25.497,43.671],[25.16,43.686],[24.431,43.794],[24.227,43.763],[23.951,43.787],[23.535,43.854],[23.225,43.874],[22.919,43.834],[22.868,43.948],[23.029,44.078],[22.705,44.238],[22.627,44.194],[22.597,44.075],[22.421,44.007],[22.365,43.862],[22.395,43.707],[22.555,43.454],[22.768,43.354],[22.977,43.188],[22.942,43.097],[22.706,42.884],[22.467,42.842],[22.436,42.629],[22.524,42.441],[22.422,42.329],[22.344,42.314],[22.583,42.105],[22.837,41.994],[22.944,41.775],[23.006,41.717],[22.951,41.606],[22.916,41.336],[23.156,41.322],[23.24,41.385],[23.635,41.387],[23.881,41.456],[24.033,41.469],[24.056,41.527],[24.387,41.524],[24.518,41.553],[24.596,41.443],[24.774,41.356],[24.847,41.394],[25.133,41.316],[25.251,41.244],[25.785,41.33],[25.923,41.312],[26.135,41.386],[26.155,41.435],[26.066,41.673],[26.201,41.744],[26.321,41.717],[26.36,41.802],[26.511,41.826],[26.615,41.965],[26.885,41.992],[27.012,42.059],[27.295,42.08],[27.535,41.921],[27.879,41.987],[28.014,41.969]]]},"properties":{"id":"BGR"}},
{"type":"Feature","geometry":{"type":"MultiPolygon","coordinates":[[[[115.14,4.9],[115.027,4.9],[115.027,4.691],[115.107,4.39],[115.247,4.347],[115.279,4.456],[115.267,4.634],[115.14,4.9]]],[[[115.027,4.9],[114.995,5.022],[114.741,4.881],[114.545,4.725],[114.299,4.607],[114.064,4.593],[114.224,4.478],[114.323,4.263],[114.417,4.256],[114.512,4.114],[114.608,4.024],[114.776,4.169],[114.783,4.281],[114.84,4.393],[114.79,4.464],[114.747,4.718],[115.027,4.9]]]]},"properties":{"id":"BRN"}},
{"type":"Feature","geometry":{"type":"MultiPolygon","coordinates":[[[[-66.876,1.223],[-67.065,1.178],[-67.094,1.21],[-67.09,1.616],[-67.119,1.704],[-67.352,2.086],[-67.5,2.108],[-67.609,2.035],[-67.815,1.79],[-67.99,1.753],[-68.13,1.956],[-68.194,1.987],[-68.256,1.846],[-68.177,1.72],[-69.32,1.721],[-69.581,1.771],[-69.849,1.709],[-69.852,1.06],[-69.621,1.073],[-69.361,1.064],[-69.259,1.015],[-69.163,0.864],[-69.174,0.635],[-69.283,0.627],[-69.472,0.73],[-69.807,0.607],[-70.054,0.579],[-70.071,-0.139],[-69.923,-0.317],[-69.747,-0.453],[-69.667,-0.482],[-69.592,-0.639],[-69.621,-0.721],[-69.544,-0.917],[-69.449,-0.999],[-69.4,-1.195],[-69.479,-1.622],[-69.669,-2.668],[-69.85,-3.66],[-69.948,-4.201],[-69.966,-4.236],[-70.053,-4.333],[-70.129,-4.287],[-70.239,-4.301],[-70.405,-4.15],[-70.8,-4.173],[-70.974,-4.35],[-71.521,-4.47],[-71.845,-4.504],[-72.257,-4.749],[-72.353,-4.786],[-72.469,-4.901],[-72.699,-5.067],[-72.887,-5.123],[-72.98,-5.635],[-73.163,-5.933],[-73.236,-6.098],[-73.135,-6.344],[-73.137,-6.466],[-73.24,-6.564],[-73.325,-6.575],[-73.5,-6.679],[-73.758,-6.906],[-73.805,-7.08],[-73.723,-7.263],[-73.749,-7.335],[-73.964,-7.379],[-73.958,-7.507],[-74.002,-7.556],[-73.822,-7.739],[-73.72,-7.783],[-73.776,-7.936],[-73.683,-8.021],[-73.61,-8.145],[-73.549,-8.346],[-73.36,-8.479],[-73.302,-8.654],[-73.203,-8.719],[-72.974,-8.993],[-72.97,-9.12],[-73.209,-9.411],[-72.814,-9.41],[-72.379,-9.51],[-72.318,-9.557],[-72.26,-9.774],[-72.173,-9.844],[-72.182,-10.004],[-71.608,-10.006],[-71.238,-9.966],[-71.115,-9.852],[-70.971,-9.766],[-70.885,-9.669],[-70.637,-9.478],[-70.592,-9.543],[-70.567,-9.705],[-70.637,-9.824],[-70.642,-11.01],[-70.533,-10.947],[-70.392,-11.059],[-70.22,-11.048],[-69.96,-10.93],[-69.579,-10.952],[-69.229,-10.956],[-68.848,-11.011],[-68.727,-11.122],[-68.623,-11.109],[-68.398,-11.019],[-68.267,-10.933],[-68.072,-10.703],[-67.835,-10.663],[-67.722,-10.683],[-67.582,-10.506],[-67.28,-10.317],[-67.112,-10.269],[-66.73,-9.975],[-66.575,-9.9],[-66.264,-9.826],[-65.707,-9.768],[-65.559,-9.797],[-65.396,-9.712],[-65.309,-9.873],[-65.325,-10.027],[-65.313,-10.253],[-65.437,-10.449],[-65.44,-10.586],[-65.334,-10.893],[-65.324,-11.025],[-65.39,-11.246],[-65.322,-11.439],[-65.206,-11.581],[-65.163,-11.765],[-65.09,-11.741],[-64.993,-11.975],[-64.83,-12.03],[-64.612,-12.204],[-64.513,-12.251],[-64.421,-12.44],[-64.255,-12.483],[-63.939,-12.53],[-63.788,-12.469],[-63.586,-12.519],[-63.347,-12.68],[-63.25,-12.708],[-63.067,-12.669],[-63.015,-12.806],[-62.765,-12.997],[-62.687,-12.994],[-62.353,-13.132],[-62.176,-13.134],[-61.945,-13.406],[-61.79,-13.526],[-61.512,-13.541],[-61.077,-13.49],[-60.915,-13.561],[-60.507,-13.79],[-60.405,-14.019],[-60.475,-14.185],[-60.396,-14.333],[-60.338,-14.571],[-60.299,-14.619],[-60.273,-15.089],[-60.53,-15.143],[-60.242,-15.48],[-60.176,-16.269],[-59.434,-16.296],[-58.538,-16.328],[-58.346,-16.284],[-58.35,-16.491],[-58.471,-16.65],[-58.46,-16.911],[-58.396,-17.234],[-57.991,-17.513],[-57.832,-17.512],[-57.78,-17.672],[-57.586,-18.122],[-57.496,-18.215],[-57.574,-18.279],[-57.783,-18.914],[-57.717,-19.044],[-57.8,-19.081],[-58.131,-19.745],[-57.861,-19.98],[-58.021,-20.055],[-58.16,-20.165],[-58.125,-20.293],[-58.002,-20.465],[-57.979,-20.657],[-57.908,-20.776],[-57.83,-20.998],[-57.827,-21.134],[-57.886,-21.266],[-57.873,-21.355],[-57.946,-21.494],[-57.916,-21.699],[-57.933,-21.911],[-57.986,-22.046],[-57.956,-22.109],[-57.82,-22.142],[-57.721,-22.099],[-57.569,-22.182],[-57.331,-22.215],[-57.238,-22.195],[-56.937,-22.271],[-56.633,-22.235],[-56.524,-22.103],[-56.395,-22.093],[-56.352,-22.179],[-56.19,-22.281],[-55.991,-22.281],[-55.849,-22.308],[-55.753,-22.41],[-55.747,-22.513],[-55.618,-22.671],[-55.654,-22.81],[-55.601,-23.095],[-55.561,-23.154],[-55.555,-23.32],[-55.518,-23.416],[-55.538,-23.581],[-55.459,-23.687],[-55.442,-23.865],[-55.366,-23.991],[-55.194,-24.017],[-54.983,-23.975],[-54.625,-23.812],[-54.44,-23.902],[-54.242,-24.047],[-54.318,-24.128],[-54.281,-24.306],[-54.313,-24.528],[-54.413,-24.867],[-54.473,-25.22],[-54.611,-25.433],[-54.616,-25.576],[-54.444,-25.625],[-54.155,-25.523],[-54.012,-25.578],[-53.891,-25.669],[-53.823,-25.96],[-53.671,-26.225],[-53.711,-26.352],[-53.753,-26.749],[-53.717,-26.883],[-53.838,-27.121],[-54.04,-27.244],[-54.205,-27.29],[-54.327,-27.424],[-54.555,-27.454],[-54.72,-27.545],[-54.829,-27.551],[-54.91,-27.709],[-55.04,-27.768],[-55.102,-27.867],[-55.346,-27.956],[-55.477,-28.089],[-55.725,-28.204],[-55.687,-28.382],[-55.859,-28.354],[-55.93,-28.473],[-56.02,-28.525],[-56.103,-28.652],[-56.226,-28.737],[-56.322,-28.852],[-56.393,-28.997],[-56.571,-29.138],[-56.772,-29.418],[-56.939,-29.595],[-57.089,-29.716],[-57.225,-29.782],[-57.405,-30.034],[-57.609,-30.188],[-57.552,-30.261],[-57.214,-30.283],[-57.121,-30.144],[-57.033,-30.11],[-56.833,-30.107],[-56.722,-30.187],[-56.176,-30.628],[-55.999,-30.837],[-56.005,-31.079],[-55.874,-31.07],[-55.557,-30.876],[-55.366,-31.046],[-55.255,-31.226],[-55.091,-31.314],[-55.036,-31.279],[-54.896,-31.391],[-54.588,-31.485],[-54.37,-31.745],[-54.221,-31.855],[-53.921,-31.952],[-53.762,-32.057],[-53.602,-32.403],[-53.363,-32.581],[-53.231,-32.625],[-53.126,-32.737],[-53.395,-33.01],[-53.483,-33.069],[-53.531,-33.171],[-53.538,-33.623],[-53.519,-33.677],[-53.371,-33.742],[-52.921,-33.402],[-52.652,-33.138],[-52.508,-32.875],[-52.342,-32.44],[-52.275,-32.324],[-52.127,-32.168],[-52.167,-32.088],[-52.194,-31.886],[-52.12,-31.695],[-52.027,-31.599],[-51.972,-31.384],[-51.717,-31.244],[-51.464,-31.053],[-51.459,-30.913],[-51.376,-30.847],[-51.359,-30.675],[-51.247,-30.468],[-51.157,-30.364],[-51.282,-30.244],[-51.179,-30.211],[-51.04,-30.261],[-51.025,-30.369],[-50.932,-30.374],[-50.646,-30.237],[-50.547,-30.317],[-50.582,-30.439],[-50.716,-30.426],[-50.689,-30.704],[-50.77,-30.813],[-50.941,-30.904],[-50.98,-31.094],[-51.161,-31.119],[-51.174,-31.34],[-51.272,-31.477],[-51.446,-31.557],[-51.681,-31.775],[-51.803,-31.797],[-51.893,-31.868],[-52.063,-31.83],[-52.039,-32.115],[-51.798,-31.9],[-51.46,-31.702],[-51.152,-31.48],[-50.921,-31.258],[-50.62,-30.898],[-50.3,-30.426],[-50.033,-29.801],[-49.746,-29.363],[-49.5,-29.075],[-49.271,-28.871],[-49.024,-28.699],[-48.8,-28.575],[-48.797,-28.443],[-48.693,-28.31],[-48.621,-28.076],[-48.606,-27.825],[-48.643,-27.558],[-48.572,-27.373],[-48.596,-27.264],[-48.554,-27.196],[-48.616,-26.878],[-48.678,-26.703],[-48.652,-26.406],[-48.748,-26.269],[-48.619,-26.179],[-48.545,-25.816],[-48.401,-25.597],[-48.644,-25.437],[-48.476,-25.443],[-48.458,-25.311],[-48.402,-25.272],[-48.186,-25.31],[-47.929,-25.168],[-47.877,-24.997],[-47.592,-24.781],[-47.137,-24.493],[-46.867,-24.236],[-46.631,-24.11],[-45.972,-23.796],[-45.843,-23.764],[-45.665,-23.765],[-45.464,-23.803],[-45.423,-23.685],[-45.325,-23.6],[-45.215,-23.576],[-44.952,-23.381],[-44.667,-23.335],[-44.57,-23.274],[-44.674,-23.207],[-44.637,-23.055],[-44.368,-23.005],[-44.148,-23.011],[-44.047,-22.945],[-43.866,-22.911],[-43.703,-22.966],[-43.791,-23.046],[-43.533,-23.046],[-43.369,-22.998],[-43.224,-22.991],[-43.194,-22.939],[-43.229,-22.748],[-43.086,-22.723],[-43.081,-22.903],[-42.958,-22.967],[-42.829,-22.973],[-42.581,-22.941],[-42.042,-22.947],[-41.941,-22.788],[-41.986,-22.736],[-41.98,-22.581],[-41.706,-22.31],[-41.583,-22.244],[-41.123,-22.084],[-41,-21.999],[-40.988,-21.92],[-41.047,-21.506],[-40.955,-21.238],[-40.829,-21.031],[-40.789,-20.906],[-40.597,-20.784],[-40.396,-20.569],[-40.319,-20.426],[-40.299,-20.293],[-40.203,-20.206],[-40.142,-19.968],[-40.001,-19.742],[-39.845,-19.649],[-39.731,-19.454],[-39.7,-19.278],[-39.742,-18.846],[-39.74,-18.64],[-39.651,-18.252],[-39.487,-17.99],[-39.278,-17.849],[-39.154,-17.704],[-39.215,-17.316],[-39.125,-16.764],[-39.063,-16.504],[-38.961,-16.187],[-38.881,-15.864],[-38.996,-15.254],[-39.013,-14.936],[-39.06,-14.655],[-38.942,-14.031],[-39.035,-13.991],[-39.041,-13.758],[-38.989,-13.615],[-39.089,-13.588],[-39.031,-13.365],[-38.835,-13.147],[-38.833,-13.033],[-38.764,-12.907],[-38.788,-12.783],[-38.691,-12.624],[-38.525,-12.762],[-38.499,-12.957],[-38.402,-12.966],[-38.24,-12.844],[-38.019,-12.591],[-37.957,-12.475],[-37.689,-12.1],[-37.469,-11.654],[-37.412,-11.497],[-37.438,-11.394],[-37.315,-11.376],[-37.181,-11.187],[-37.183,-11.068],[-37.093,-11.055],[-36.938,-10.82],[-36.768,-10.672],[-36.636,-10.59],[-36.398,-10.484],[-36.224,-10.225],[-36.055,-10.076],[-35.885,-9.848],[-35.83,-9.719],[-35.764,-9.703],[-35.597,-9.541],[-35.341,-9.231],[-35.158,-8.931],[-34.967,-8.408],[-34.891,-8.092],[-34.835,-7.971],[-34.879,-7.747],[-34.858,-7.533],[-34.805,-7.288],[-34.834,-7.024],[-34.93,-6.785],[-34.988,-6.394],[-35.095,-6.185],[-35.142,-5.917],[-35.235,-5.567],[-35.393,-5.251],[-35.549,-5.129],[-35.98,-5.054],[-36.162,-5.094],[-36.387,-5.084],[-36.591,-5.098],[-36.747,-5.051],[-36.861,-4.967],[-37.175,-4.912],[-37.301,-4.713],[-37.626,-4.592],[-37.796,-4.404],[-38.049,-4.216],[-38.272,-3.948],[-38.362,-3.876],[-38.476,-3.717],[-38.686,-3.654],[-38.896,-3.502],[-39.014,-3.39],[-39.609,-3.056],[-39.772,-2.986],[-39.965,-2.862],[-40.235,-2.813],[-40.475,-2.796],[-40.876,-2.87],[-41.195,-2.886],[-41.318,-2.936],[-41.64,-2.879],[-41.722,-2.809],[-41.876,-2.747],[-42,-2.806],[-42.25,-2.792],[-42.594,-2.661],[-42.676,-2.59],[-42.937,-2.465],[-43.23,-2.386],[-43.38,-2.376],[-43.455,-2.502],[-43.729,-2.518],[-43.864,-2.595],[-43.933,-2.583],[-44.193,-2.81],[-44.225,-2.755],[-44.113,-2.599],[-44.106,-2.493],[-44.229,-2.471],[-44.308,-2.535],[-44.438,-2.944],[-44.623,-3.138],[-44.721,-3.142],[-44.589,-2.573],[-44.52,-2.405],[-44.382,-2.366],[-44.435,-2.168],[-44.579,-2.23],[-44.662,-2.373],[-44.756,-2.266],[-44.659,-2.228],[-44.538,-2.053],[-44.547,-1.946],[-44.651,-1.746],[-44.79,-1.725],[-44.92,-1.589],[-45.076,-1.466],[-45.182,-1.507],[-45.282,-1.697],[-45.459,-1.356],[-45.645,-1.348],[-45.779,-1.251],[-45.972,-1.187],[-46.045,-1.103],[-46.215,-1.1],[-46.219,-1.031],[-46.422,-1.03],[-46.617,-0.971],[-46.644,-0.916],[-46.811,-0.78],[-46.944,-0.743],[-47.127,-0.745],[-47.269,-0.645],[-47.398,-0.627],[-47.46,-0.681],[-47.557,-0.67],[-47.651,-0.719],[-47.808,-0.663],[-47.961,-0.77],[-48.033,-0.705],[-48.115,-0.737],[-48.318,-0.961],[-48.306,-1.04],[-48.45,-1.146],[-48.409,-1.229],[-48.478,-1.324],[-48.446,-1.52],[-48.463,-1.614],[-48.6,-1.489],[-48.71,-1.488],[-48.991,-1.83],[-49.211,-1.917],[-49.408,-2.344],[-49.458,-2.505],[-49.553,-2.52],[-49.507,-2.28],[-49.46,-2.192],[-49.314,-1.732],[-49.72,-1.926],[-49.999,-1.832],[-50.26,-1.923],[-50.403,-2.016],[-50.69,-1.762],[-50.679,-1.644],[-50.786,-1.49],[-50.845,-1.226],[-50.918,-1.115],[-50.838,-1.039],[-50.895,-0.938],[-51.202,-1.137],[-51.297,-1.224],[-51.531,-1.354],[-51.646,-1.394],[-51.948,-1.587],[-52.197,-1.64],[-52.31,-1.56],[-52.553,-1.514],[-52.229,-1.362],[-52.02,-1.399],[-51.934,-1.32],[-51.922,-1.181],[-51.721,-1.018],[-51.703,-0.762],[-51.555,-0.549],[-51.404,-0.393],[-51.3,-0.179],[-51.283,-0.085],[-51.102,-0.031],[-50.967,0.13],[-50.816,0.173],[-50.582,0.421],[-50.463,0.637],[-50.294,0.836],[-49.899,1.163],[-49.882,1.42],[-49.957,1.66],[-50.188,1.786],[-50.459,1.83],[-50.659,2.131],[-50.737,2.377],[-50.79,2.478],[-50.827,2.652],[-50.994,3.078],[-51.052,3.282],[-51.076,3.672],[-51.22,4.094],[-51.327,4.225],[-51.462,4.314],[-51.558,4.234],[-51.653,4.061],[-51.767,3.993],[-51.827,3.87],[-51.991,3.702],[-52,3.647],[-52.163,3.365],[-52.328,3.182],[-52.357,3.052],[-52.555,2.648],[-52.559,2.573],[-52.701,2.364],[-52.87,2.267],[-52.965,2.184],[-53.23,2.205],[-53.334,2.34],[-53.509,2.253],[-53.735,2.309],[-53.768,2.355],[-54.13,2.121],[-54.293,2.154],[-54.515,2.245],[-54.616,2.327],[-54.697,2.36],[-54.722,2.442],[-54.852,2.44],[-55.006,2.593],[-55.07,2.548],[-55.188,2.548],[-55.344,2.489],[-55.385,2.441],[-55.731,2.406],[-55.936,2.517],[-56.02,2.393],[-56.129,2.3],[-55.915,2.04],[-55.93,1.888],[-56.02,1.842],[-56.483,1.942],[-56.837,1.881],[-57.038,1.936],[-57.119,2.014],[-57.413,1.909],[-57.5,1.774],[-57.594,1.704],[-57.796,1.7],[-57.983,1.648],[-58.035,1.52],[-58.341,1.588],[-58.396,1.482],[-58.506,1.439],[-58.512,1.285],[-58.685,1.281],[-58.862,1.204],[-58.969,1.305],[-59.231,1.376],[-59.536,1.7],[-59.667,1.746],[-59.669,1.842],[-59.756,1.901],[-59.755,2.274],[-59.89,2.363],[-59.994,2.69],[-59.972,2.99],[-59.873,3.283],[-59.831,3.349],[-59.854,3.588],[-59.679,3.7],[-59.551,3.934],[-59.739,4.227],[-59.703,4.381],[-59.833,4.476],[-60.111,4.511],[-60.125,4.598],[-60.032,4.741],[-59.991,5.083],[-60.142,5.239],[-60.242,5.258],[-60.335,5.199],[-60.742,5.202],[-60.672,5.164],[-60.604,4.995],[-60.628,4.893],[-60.742,4.774],[-60.906,4.687],[-61.003,4.535],[-61.102,4.505],[-61.28,4.517],[-61.368,4.433],[-61.479,4.402],[-61.554,4.288],[-62.153,4.098],[-62.411,4.157],[-62.61,4.042],[-62.712,4.018],[-62.74,3.94],[-62.765,3.673],[-62.857,3.593],[-62.969,3.594],[-63.295,3.922],[-63.38,3.943],[-63.527,3.894],[-63.653,3.941],[-64.021,3.929],[-64.122,4.067],[-64.256,4.14],[-64.576,4.14],[-64.722,4.274],[-64.818,4.232],[-64.568,3.9],[-64.275,3.663],[-64.221,3.587],[-64.219,3.205],[-64.144,3.005],[-64.038,2.802],[-64.009,2.672],[-64.049,2.525],[-63.924,2.452],[-63.389,2.412],[-63.394,2.223],[-63.464,2.136],[-63.57,2.121],[-63.844,1.977],[-64.035,1.904],[-64.115,1.619],[-64.304,1.455],[-64.486,1.453],[-64.732,1.253],[-64.818,1.257],[-65.104,1.108],[-65.264,0.932],[-65.361,0.869],[-65.473,0.691],[-65.556,0.688],[-65.523,0.843],[-65.566,0.926],[-65.681,0.983],[-65.811,0.937],[-66.06,0.785],[-66.302,0.752],[-66.429,0.822],[-66.876,1.223]]],[[[-49.629,-0.229],[-50.248,-0.116],[-50.462,-0.157],[-50.646,-0.273],[-50.694,-0.364],[-50.72,-0.583],[-50.771,-0.645],[-50.796,-0.906],[-50.783,-1.01],[-50.71,-1.078],[-50.593,-1.073],[-50.596,-1.147],[-50.729,-1.127],[-50.76,-1.24],[-50.602,-1.698],[-50.508,-1.788],[-50.338,-1.756],[-50.109,-1.748],[-50.01,-1.708],[-49.805,-1.79],[-49.588,-1.712],[-49.526,-1.63],[-49.507,-1.512],[-49.345,-1.595],[-49.234,-1.6],[-49.173,-1.413],[-49.087,-1.505],[-48.929,-1.482],[-48.804,-1.327],[-48.84,-1.227],[-48.705,-1.107],[-48.624,-0.987],[-48.54,-0.801],[-48.567,-0.684],[-48.497,-0.665],[-48.464,-0.535],[-48.38,-0.353],[-48.393,-0.297],[-48.588,-0.232],[-48.787,-0.216],[-49.117,-0.164],[-49.314,-0.168],[-49.403,-0.215],[-49.629,-0.229]]],[[[-44.129,-23.142],[-44.243,-23.074],[-44.32,-23.212],[-44.129,-23.142]]],[[[-48.584,-26.402],[-48.498,-26.219],[-48.54,-26.17],[-48.666,-26.29],[-48.584,-26.402]]],[[[-45.26,-23.889],[-45.233,-23.825],[-45.302,-23.728],[-45.451,-23.896],[-45.413,-23.935],[-45.26,-23.889]]],[[[-44.499,-2.94],[-44.481,-2.718],[-44.569,-2.785],[-44.565,-2.924],[-44.499,-2.94]]],[[[-38.744,-13.097],[-38.601,-12.993],[-38.615,-12.924],[-38.787,-13.055],[-38.744,-13.097]]],[[[-49.738,0.268],[-49.879,0.305],[-50.128,0.227],[-50.273,0.232],[-50.345,0.134],[-50.339,0.043],[-50.113,0.033],[-50.002,-0.029],[-49.839,0.007],[-49.697,0.216],[-49.738,0.268]]],[[[-50.299,1.939],[-50.342,2.142],[-50.491,2.129],[-50.509,2.03],[-50.456,1.91],[-50.299,1.939]]],[[[-50.653,-0.132],[-50.667,-0.058],[-50.842,-0.05],[-50.995,-0.105],[-51.038,-0.226],[-50.926,-0.327],[-50.653,-0.132]]],[[[-49.444,-0.112],[-49.381,-0.055],[-49.4,0.057],[-49.503,0.084],[-49.712,0.015],[-49.83,-0.094],[-49.709,-0.144],[-49.444,-0.112]]],[[[-50.426,0.139],[-50.332,0.259],[-50.351,0.582],[-50.425,0.558],[-50.452,0.327],[-50.61,0.205],[-50.624,0.054],[-50.444,-0.008],[-50.426,0.139]]],[[[-50.153,0.393],[-50.04,0.523],[-50.113,0.605],[-50.251,0.585],[-50.282,0.517],[-50.261,0.359],[-50.153,0.393]]],[[[-51.833,-1.434],[-51.638,-1.342],[-51.465,-1.211],[-51.31,-1.024],[-51.276,-1.022],[-51.161,-0.667],[-51.254,-0.541],[-51.424,-0.566],[-51.546,-0.65],[-51.678,-0.855],[-51.68,-1.086],[-51.802,-1.203],[-51.938,-1.453],[-51.833,-1.434]]],[[[-48.486,-27.767],[-48.497,-27.707],[-48.41,-27.566],[-48.378,-27.451],[-48.465,-27.436],[-48.542,-27.575],[-48.486,-27.767]]]]},"properties":{"id":"BRA"}},
{"type":"Feature","geometry":{"type":"Polygon","coordinates":[[[25.259,-17.794],[24.909,-17.821],[24.792,-17.865],[24.531,-18.053],[24.359,-17.978],[24.129,-18.078],[23.898,-18.229],[23.7,-18.424],[23.581,-18.453],[23.46,-18.231],[23.299,-18.027],[23.1,-18.01],[22.46,-18.116],[22.011,-18.199],[21.233,-18.307],[20.974,-18.319],[20.975,-18.929],[20.976,-19.744],[20.978,-20.968],[20.979,-21.962],[20.971,-22],[19.977,-22],[19.979,-23.103],[19.979,-23.676],[19.98,-24.777],[20.345,-25.03],[20.473,-25.221],[20.609,-25.491],[20.793,-25.916],[20.815,-26.165],[20.627,-26.444],[20.641,-26.742],[20.74,-26.849],[20.871,-26.809],[21.071,-26.852],[21.455,-26.833],[21.646,-26.854],[21.738,-26.807],[21.833,-26.678],[22.011,-26.636],[22.091,-26.58],[22.218,-26.389],[22.549,-26.178],[22.64,-26.071],[22.879,-25.458],[23.022,-25.324],[23.266,-25.267],[23.521,-25.344],[23.894,-25.601],[24.193,-25.633],[24.331,-25.743],[24.748,-25.817],[24.869,-25.813],[24.999,-25.754],[25.213,-25.756],[25.444,-25.714],[25.584,-25.606],[25.852,-24.935],[25.912,-24.747],[26.131,-24.671],[26.397,-24.614],[26.618,-24.396],[26.835,-24.241],[26.987,-23.705],[27.146,-23.524],[27.399,-23.384],[27.499,-23.368],[27.593,-23.253],[27.717,-23.22],[27.813,-23.108],[27.891,-23.074],[28.028,-22.874],[28.21,-22.694],[28.382,-22.593],[28.543,-22.573],[28.84,-22.481],[28.946,-22.395],[29.013,-22.278],[29.13,-22.213],[29.365,-22.194],[29.237,-22.079],[29.107,-22.066],[29.016,-21.94],[29.037,-21.811],[28.748,-21.708],[28.532,-21.651],[28.046,-21.573],[27.975,-21.507],[27.844,-21.262],[27.669,-21.064],[27.704,-20.766],[27.7,-20.531],[27.625,-20.484],[27.281,-20.479],[27.257,-20.232],[27.221,-20.146],[27.092,-20.054],[26.678,-19.893],[26.241,-19.569],[26.168,-19.538],[25.951,-19.082],[25.939,-18.939],[25.812,-18.797],[25.761,-18.649],[25.489,-18.351],[25.384,-18.142],[25.282,-18.041],[25.224,-17.915],[25.259,-17.794]]]},"properties":{"id":"BWA"}},
{"type":"Feature","geometry":{"type":"Polygon","coordinates":[[[19.007,44.869],[18.836,44.883],[18.746,45.027],[18.663,45.077],[18.285,45.134],[17.996,45.142],[17.813,45.078],[17.69,45.158],[17.546,45.123],[17.125,45.172],[16.919,45.277],[16.791,45.197],[16.531,45.217],[16.293,45.009],[16.157,45.072],[16.028,45.19],[15.888,45.216],[15.788,45.179],[15.737,44.766],[15.88,44.682],[16.13,44.474],[16.214,44.215],[16.378,44.06],[16.591,43.913],[16.713,43.779],[17.085,43.517],[17.274,43.446],[17.293,43.306],[17.402,43.199],[17.625,43.043],[17.585,42.938],[17.668,42.897],[17.841,42.845],[18.304,42.599],[18.436,42.56],[18.543,42.674],[18.466,42.777],[18.444,42.968],[18.624,43.028],[18.674,43.231],[18.851,43.346],[19.037,43.357],[18.94,43.497],[19.194,43.533],[19.254,43.584],[19.451,43.562],[19.488,43.704],[19.257,43.943],[19.305,43.993],[19.55,43.987],[19.584,44.043],[19.339,44.226],[19.152,44.303],[19.118,44.36],[19.151,44.527],[19.292,44.697],[19.357,44.859],[19.237,44.914],[19.007,44.869]]]},"properties":{"id":"BIH"}},
{"type":"Feature","geometry":{"type":"Polygon","coordinates":[[[-69.511,-17.506],[-69.495,-17.62],[-69.358,-17.772],[-69.313,-17.943],[-69.094,-18.05],[-69.145,-18.144],[-69.092,-18.282],[-69.027,-18.656],[-68.979,-18.813],[-68.968,-18.968],[-68.858,-19.093],[-68.463,-19.433],[-68.698,-19.721],[-68.578,-19.857],[-68.561,-19.967],[-68.6,-20.045],[-68.727,-20.07],[-68.735,-20.225],[-68.689,-20.31],[-68.759,-20.378],[-68.745,-20.459],[-68.5,-20.612],[-68.563,-20.72],[-68.534,-20.924],[-68.435,-20.948],[-68.197,-21.3],[-68.186,-21.619],[-68.112,-21.753],[-68.077,-21.983],[-67.988,-22.057],[-67.95,-22.334],[-67.882,-22.493],[-67.879,-22.823],[-67.794,-22.879],[-67.58,-22.892],[-67.195,-22.822],[-67.055,-22.651],[-66.991,-22.51],[-66.8,-22.41],[-66.712,-22.216],[-66.365,-22.114],[-66.248,-21.83],[-66.099,-21.835],[-65.771,-22.1],[-65.058,-22.103],[-64.843,-22.144],[-64.606,-22.229],[-64.524,-22.372],[-64.374,-22.761],[-64.308,-22.795],[-64.266,-22.603],[-63.976,-22.073],[-63.819,-22.005],[-62.843,-21.997],[-62.745,-22.16],[-62.651,-22.234],[-62.478,-21.705],[-62.277,-21.066],[-62.276,-20.562],[-61.917,-20.055],[-61.757,-19.645],[-61.512,-19.606],[-60.889,-19.479],[-60.007,-19.298],[-59.091,-19.286],[-58.18,-19.818],[-58.14,-19.999],[-58.16,-20.165],[-58.021,-20.055],[-57.861,-19.98],[-58.131,-19.745],[-57.8,-19.081],[-57.717,-19.044],[-57.783,-18.914],[-57.574,-18.279],[-57.496,-18.215],[-57.586,-18.122],[-57.78,-17.672],[-57.832,-17.512],[-57.991,-17.513],[-58.396,-17.234],[-58.46,-16.911],[-58.471,-16.65],[-58.35,-16.491],[-58.346,-16.284],[-58.538,-16.328],[-59.434,-16.296],[-60.176,-16.269],[-60.242,-15.48],[-60.53,-15.143],[-60.273,-15.089],[-60.299,-14.619],[-60.338,-14.571],[-60.396,-14.333],[-60.475,-14.185],[-60.405,-14.019],[-60.507,-13.79],[-60.915,-13.561],[-61.077,-13.49],[-61.512,-13.541],[-61.79,-13.526],[-61.945,-13.406],[-62.176,-13.134],[-62.353,-13.132],[-62.687,-12.994],[-62.765,-12.997],[-63.015,-12.806],[-63.067,-12.669],[-63.25,-12.708],[-63.347,-12.68],[-63.586,-12.519],[-63.788,-12.469],[-63.939,-12.53],[-64.255,-12.483],[-64.421,-12.44],[-64.513,-12.251],[-64.612,-12.204],[-64.83,-12.03],[-64.993,-11.975],[-65.09,-11.741],[-65.163,-11.765],[-65.206,-11.581],[-65.322,-11.439],[-65.39,-11.246],[-65.324,-11.025],[-65.334,-10.893],[-65.44,-10.586],[-65.437,-10.449],[-65.313,-10.253],[-65.325,-10.027],[-65.309,-9.873],[-65.396,-9.712],[-65.559,-9.797],[-65.707,-9.768],[-66.264,-9.826],[-66.575,-9.9],[-66.73,-9.975],[-67.112,-10.269],[-67.28,-10.317],[-67.582,-10.506],[-67.722,-10.683],[-67.835,-10.663],[-68.072,-10.703],[-68.267,-10.933],[-68.398,-11.019],[-68.623,-11.109],[-68.727,-11.122],[-68.848,-11.011],[-69.229,-10.956],[-69.579,-10.952],[-69.046,-11.876],[-68.685,-12.502],[-68.763,-12.608],[-68.759,-12.687],[-68.868,-12.755],[-68.979,-12.88],[-68.972,-13.382],[-68.983,-13.496],[-69.074,-13.683],[-69.023,-13.78],[-68.974,-13.976],[-68.892,-14.094],[-68.88,-14.199],[-69.004,-14.265],[-69.013,-14.377],[-69.235,-14.597],[-69.276,-14.746],[-69.359,-14.795],[-69.375,-14.963],[-69.172,-15.237],[-69.302,-15.399],[-69.419,-15.603],[-69.392,-15.737],[-69.218,-16.149],[-69.134,-16.222],[-68.913,-16.262],[-68.858,-16.355],[-69.006,-16.434],[-69.021,-16.642],[-69.2,-16.768],[-69.438,-17.088],[-69.625,-17.2],[-69.626,-17.294],[-69.522,-17.389],[-69.511,-17.506]]]},"properties":{"id":"BOL"}},
{"type":"Feature","geometry":{"type":"Polygon","coordinates":[[[91.632,27.76],[91.606,27.952],[91.226,28.071],[91.078,27.974],[90.716,28.072],[90.353,28.08],[90.348,28.244],[89.981,28.311],[89.817,28.256],[89.75,28.188],[89.537,28.107],[89.16,27.711],[89.102,27.593],[88.948,27.464],[88.891,27.316],[88.739,27.176],[88.835,27.066],[88.858,26.961],[89.148,26.816],[89.332,26.849],[89.764,26.702],[90.123,26.755],[90.206,26.848],[90.346,26.89],[90.56,26.797],[90.74,26.772],[91.134,26.803],[91.287,26.79],[91.427,26.867],[91.518,26.807],[91.672,26.802],[91.842,26.853],[91.998,26.855],[92.073,26.915],[91.992,27.1],[92.083,27.291],[91.991,27.45],[91.743,27.443],[91.595,27.558],[91.632,27.76]]]},"properties":{"id":"BTN"}},
{"type":"Feature","geometry":{"type":"Polygon","coordinates":[[[1.623,6.217],[1.818,6.261],[2.287,6.328],[2.706,6.369],[2.736,6.596],[2.775,6.712],[2.721,6.98],[2.757,7.068],[2.75,7.395],[2.785,7.477],[2.719,7.616],[2.686,7.874],[2.724,8.442],[2.733,8.783],[2.775,9.049],[3.045,9.084],[3.148,9.321],[3.136,9.452],[3.329,9.667],[3.325,9.778],[3.557,9.907],[3.646,10.16],[3.577,10.268],[3.68,10.428],[3.784,10.436],[3.834,10.607],[3.757,10.769],[3.716,11.08],[3.488,11.395],[3.491,11.499],[3.595,11.696],[3.45,11.852],[3.36,11.88],[3.15,12.118],[2.878,12.368],[2.805,12.384],[2.648,12.297],[2.366,12.222],[2.413,11.999],[2.389,11.897],[2.287,11.691],[1.98,11.418],[1.858,11.443],[1.6,11.401],[1.561,11.449],[1.427,11.447],[1.317,11.295],[1.146,11.252],[1.062,11.058],[0.985,11.079],[0.9,10.993],[0.788,10.71],[0.763,10.387],[0.78,10.36],[1.33,9.997],[1.347,9.568],[1.386,9.362],[1.424,9.285],[1.566,9.137],[1.6,9.05],[1.607,8.559],[1.625,8.271],[1.625,6.997],[1.531,6.992],[1.582,6.877],[1.578,6.687],[1.743,6.426],[1.778,6.295],[1.623,6.217]]]},"properties":{"id":"BEN"}},
{"type":"Feature","geometry":{"type":"MultiPolygon","coordinates":[[[[-89.161,17.815],[-89.212,16.527],[-89.237,15.894],[-88.894,15.891],[-88.879,16.017],[-88.695,16.248],[-88.562,16.29],[-88.313,16.633],[-88.262,16.963],[-88.294,17.192],[-88.267,17.393],[-88.203,17.517],[-88.272,17.61],[-88.207,17.846],[-88.097,18.122],[-88.085,18.226],[-88.13,18.351],[-88.349,18.359],[-88.296,18.472],[-88.461,18.477],[-88.523,18.446],[-88.586,18.291],[-88.806,17.966],[-88.898,17.915],[-89.05,18],[-89.134,17.971],[-89.161,17.815]]],[[[-87.951,17.925],[-87.849,18.14],[-87.898,18.155],[-87.951,17.925]]]]},"properties":{"id":"BLZ"}},
{"type":"Feature","geometry":{"type":"Polygon","coordinates":[[[4.226,51.386],[4.173,51.307],[3.902,51.208],[3.58,51.286],[3.472,51.242],[3.35,51.378],[2.96,51.265],[2.525,51.097],[2.597,50.876],[2.84,50.712],[3.107,50.779],[3.235,50.663],[3.273,50.532],[3.627,50.457],[3.748,50.344],[4.044,50.321],[4.175,50.246],[4.176,49.96],[4.369,49.945],[4.656,50.002],[4.707,50.097],[4.861,50.136],[4.79,49.96],[4.868,49.788],[5.007,49.778],[5.279,49.678],[5.507,49.511],[5.79,49.538],[5.88,49.645],[5.725,49.808],[5.744,49.92],[5.976,50.167],[6.117,50.121],[6.175,50.233],[6.364,50.316],[6.341,50.452],[6.203,50.499],[6.236,50.597],[5.994,50.75],[5.694,50.775],[5.639,50.844],[5.737,50.932],[5.827,51.126],[5.609,51.198],[5.509,51.275],[5.311,51.26],[5.1,51.346],[5.059,51.453],[4.848,51.403],[4.756,51.491],[4.634,51.422],[4.503,51.475],[4.226,51.386]]]},"properties":{"id":"BEL"}},
{"type":"Feature","geometry":{"type":"Polygon","coordinates":[[[31.763,52.101],[31.577,52.312],[31.586,52.532],[31.526,52.633],[31.535,52.798],[31.259,53.017],[31.418,53.196],[31.668,53.201],[31.85,53.106],[32.142,53.091],[32.426,53.211],[32.469,53.27],[32.704,53.336],[32.686,53.448],[32.47,53.547],[32.45,53.693],[32.2,53.781],[31.754,53.81],[31.838,54.001],[31.792,54.056],[31.404,54.196],[31.185,54.453],[31.075,54.492],[31.121,54.648],[30.799,54.783],[30.83,54.915],[30.978,55.05],[30.959,55.138],[30.814,55.279],[30.901,55.397],[30.907,55.57],[30.626,55.666],[30.456,55.787],[30.234,55.845],[29.937,55.845],[29.482,55.685],[29.353,55.784],[29.375,55.939],[29.087,56.021],[28.795,55.943],[28.564,56.092],[28.284,56.056],[28.148,56.143],[27.896,56.076],[27.642,55.912],[27.577,55.799],[27.053,55.831],[26.822,55.709],[26.594,55.668],[26.458,55.342],[26.776,55.273],[26.601,55.13],[26.292,55.14],[26.175,55.003],[25.859,54.919],[25.722,54.718],[25.725,54.564],[25.547,54.332],[25.703,54.293],[25.749,54.157],[25.573,54.14],[25.461,54.293],[25.179,54.214],[25.046,54.133],[24.826,54.119],[24.768,53.975],[24.621,53.98],[24.318,53.893],[24.191,53.95],[23.734,53.912],[23.485,53.94],[23.599,53.599],[23.789,53.271],[23.887,53.028],[23.915,52.77],[23.845,52.664],[23.48,52.552],[23.204,52.338],[23.197,52.257],[23.458,52.17],[23.652,52.04],[23.626,51.809],[23.545,51.71],[23.605,51.518],[23.707,51.641],[23.951,51.585],[24.127,51.665],[24.362,51.868],[25.267,51.938],[25.925,51.914],[26.453,51.813],[26.953,51.754],[27.142,51.752],[27.27,51.614],[27.859,51.592],[28.011,51.56],[28.184,51.608],[28.599,51.543],[28.648,51.457],[29.136,51.617],[29.346,51.383],[29.553,51.435],[30.161,51.478],[30.309,51.4],[30.333,51.326],[30.545,51.265],[30.633,51.355],[30.533,51.596],[30.667,51.814],[30.981,52.046],[31.218,52.05],[31.346,52.105],[31.763,52.101]]]},"properties":{"id":"BLR"}},
{"type":"Feature","geometry":{"type":"Polygon","coordinates":[[[-59.493,13.082],[-59.428,13.153],[-59.592,13.318],[-59.647,13.303],[-59.611,13.102],[-59.493,13.082]]]},"properties":{"id":"BRB"}},
{"type":"Feature","geometry":{"type":"MultiPolygon","coordinates":[[[[89.051,22.093],[89.094,21.873],[89.234,21.722],[89.354,21.721],[89.452,21.821],[89.547,21.984],[89.569,21.767],[89.668,21.878],[89.812,21.983],[89.894,22.203],[89.954,22.023],[90.088,22.017],[90.071,21.887],[90.159,21.817],[90.288,21.899],[90.356,22.048],[90.589,22.258],[90.596,22.436],[90.487,22.589],[90.435,22.752],[90.478,22.987],[90.466,23.054],[90.595,23.134],[90.591,23.266],[90.408,23.432],[90.616,23.442],[90.656,23.273],[90.634,23.094],[90.827,22.721],[90.946,22.597],[91.151,22.614],[91.41,22.797],[91.482,22.797],[91.693,22.505],[91.85,22.157],[91.913,21.883],[92.008,21.685],[92.011,21.516],[92.056,21.175],[92.324,20.792],[92.264,21.061],[92.215,21.113],[92.18,21.293],[92.208,21.358],[92.331,21.44],[92.539,21.32],[92.632,21.306],[92.593,21.467],[92.575,21.978],[92.532,22.41],[92.491,22.685],[92.362,22.929],[92.334,23.324],[92.246,23.684],[92.127,23.721],[92.044,23.678],[91.93,23.686],[91.938,23.505],[91.79,23.361],[91.754,23.287],[91.774,23.106],[91.695,23.005],[91.62,22.98],[91.511,23.034],[91.436,23.2],[91.315,23.104],[91.254,23.374],[91.166,23.581],[91.16,23.661],[91.232,23.92],[91.367,24.094],[91.526,24.091],[91.669,24.19],[91.877,24.195],[91.952,24.357],[92.064,24.374],[92.198,24.686],[92.251,24.895],[92.443,24.849],[92.468,24.944],[92.205,25.111],[92.05,25.169],[91.48,25.142],[91.293,25.178],[90.439,25.158],[90.25,25.185],[89.814,25.305],[89.825,25.56],[89.8,25.84],[89.823,25.941],[89.71,26.171],[89.619,26.216],[89.55,26.005],[89.467,25.984],[89.289,26.038],[89.108,26.202],[89.067,26.377],[88.924,26.375],[88.97,26.251],[88.828,26.252],[88.683,26.292],[88.681,26.353],[88.518,26.518],[88.418,26.572],[88.346,26.505],[88.44,26.369],[88.151,26.087],[88.085,25.888],[88.147,25.811],[88.253,25.79],[88.363,25.698],[88.452,25.574],[88.593,25.495],[88.769,25.49],[88.82,25.366],[88.944,25.291],[88.89,25.194],[88.748,25.169],[88.456,25.188],[88.373,24.962],[88.313,24.882],[88.15,24.915],[88.023,24.628],[88.146,24.486],[88.287,24.48],[88.397,24.389],[88.642,24.326],[88.734,24.231],[88.7,24.003],[88.567,23.674],[88.596,23.602],[88.741,23.437],[88.724,23.255],[88.928,23.187],[88.851,23.041],[88.9,22.844],[88.921,22.632],[89.05,22.275],[89.051,22.093]]],[[[91.151,22.175],[91.178,22.283],[91.079,22.52],[91.045,22.105],[91.151,22.175]]],[[[91.557,22.382],[91.484,22.577],[91.411,22.476],[91.467,22.378],[91.557,22.382]]],[[[90.778,22.089],[90.83,22.16],[90.868,22.485],[90.737,22.639],[90.672,22.813],[90.596,22.864],[90.503,22.835],[90.565,22.618],[90.649,22.541],[90.68,22.327],[90.515,22.065],[90.778,22.089]]],[[[91.949,21.508],[91.934,21.722],[91.857,21.709],[91.889,21.503],[91.949,21.508]]]]},"properties":{"id":"BGD"}},
{"type":"Feature","geometry":{"type":"Polygon","coordinates":[[[50.607,25.883],[50.61,26.124],[50.558,26.198],[50.452,26.191],[50.489,26.058],[50.466,25.966],[50.544,25.833],[50.607,25.883]]]},"properties":{"id":"BHR"}},
{"type":"Feature","geometry":{"type":"MultiPolygon","coordinates":[[[[-77.658,24.249],[-77.701,24.288],[-78,24.22],[-77.852,24.04],[-77.771,23.753],[-77.574,23.739],[-77.519,23.869],[-77.562,24.137],[-77.683,24.118],[-77.755,24.163],[-77.658,24.249]]],[[[-77.226,25.904],[-77.191,25.955],[-77.167,26.24],[-77.038,26.333],[-77.066,26.53],[-77.257,26.639],[-77.206,26.489],[-77.248,26.289],[-77.247,26.156],[-77.333,25.996],[-77.226,25.904]]],[[[-73.027,21.192],[-73.137,21.205],[-73.235,21.154],[-73.425,21.202],[-73.523,21.191],[-73.68,21.103],[-73.661,20.937],[-73.401,20.944],[-73.165,20.979],[-73.027,21.192]]],[[[-77.744,24.707],[-77.84,24.794],[-77.973,25.005],[-78.033,25.143],[-78.211,25.191],[-78.159,25.022],[-78.184,24.917],[-78.299,24.754],[-78.243,24.654],[-78.435,24.628],[-78.367,24.544],[-78.192,24.466],[-78.076,24.365],[-78.045,24.287],[-77.745,24.463],[-77.744,24.707]]],[[[-78.493,26.729],[-78.597,26.798],[-78.633,26.659],[-78.799,26.528],[-78.671,26.507],[-78.234,26.637],[-77.926,26.663],[-77.944,26.744],[-78.089,26.714],[-78.372,26.698],[-78.493,26.729]]],[[[-74.058,22.723],[-74.221,22.812],[-74.275,22.712],[-74.099,22.665],[-74.058,22.723]]],[[[-76.649,25.487],[-76.711,25.565],[-76.781,25.427],[-76.621,25.432],[-76.5,25.342],[-76.369,25.313],[-76.16,25.119],[-76.204,24.936],[-76.141,24.886],[-76.127,25.141],[-76.344,25.332],[-76.484,25.375],[-76.649,25.487]]],[[[-74.84,22.894],[-74.846,23],[-74.937,23.088],[-75.064,23.15],[-75.109,23.333],[-75.158,23.336],[-75.132,23.117],[-74.973,23.069],[-74.84,22.894]]]]},"properties":{"id":"BHS"}},
{"type":"Feature","geometry":{"type":"MultiPolygon","coordinates":[[[[44.817,39.65],[45.141,39.254],[45.256,39.195],[45.48,39.006],[45.575,38.973],[46.114,38.878],[45.952,39.178],[45.977,39.244],[45.766,39.378],[45.796,39.488],[45.75,39.563],[45.457,39.494],[45.149,39.657],[45.032,39.765],[44.768,39.704],[44.817,39.65]]],[[[46.43,41.891],[46.182,41.657],[46.305,41.508],[46.619,41.344],[46.673,41.287],[46.626,41.16],[46.458,41.07],[46.171,41.198],[46.031,41.167],[45.793,41.224],[45.716,41.338],[45.281,41.45],[45.001,41.291],[45.19,41.126],[45.106,41.069],[45.369,41.005],[45.588,40.847],[45.401,40.707],[45.376,40.638],[45.57,40.417],[45.965,40.234],[45.968,40.175],[45.858,40.011],[45.63,40.014],[45.79,39.881],[46.202,39.594],[46.322,39.617],[46.481,39.555],[46.478,39.475],[46.378,39.382],[46.507,39.299],[46.55,39.201],[46.401,39.168],[46.49,39.069],[46.491,38.907],[46.555,38.904],[46.853,39.148],[46.989,39.18],[47.188,39.341],[47.773,39.649],[47.996,39.684],[48.322,39.399],[48.136,39.312],[48.125,39.172],[48.274,39.099],[48.242,38.979],[48.05,38.935],[48.023,38.819],[48.205,38.724],[48.306,38.613],[48.417,38.586],[48.593,38.411],[48.869,38.435],[48.851,38.815],[48.962,39.079],[49.013,39.134],[49.2,39.073],[49.269,39.285],[49.363,39.35],[49.324,39.608],[49.415,39.84],[49.477,40.087],[49.551,40.194],[49.919,40.316],[50.143,40.323],[50.366,40.279],[50.307,40.412],[50.183,40.505],[49.991,40.577],[49.776,40.584],[49.556,40.716],[49.226,41.026],[49.107,41.302],[48.824,41.63],[48.573,41.844],[48.391,41.602],[48.056,41.459],[47.861,41.213],[47.521,41.229],[47.261,41.315],[47.205,41.456],[47.01,41.588],[46.749,41.813],[46.552,41.812],[46.43,41.891]]]]},"properties":{"id":"AZE"}},
{"type":"Feature","geometry":{"type":"Polygon","coordinates":[[[9.528,47.271],[9.611,47.107],[9.58,47.057],[9.845,47.007],[9.997,46.885],[10.18,46.862],[10.349,46.985],[10.453,46.865],[10.689,46.846],[10.76,46.793],[11.025,46.797],[11.134,46.936],[11.244,46.976],[11.528,46.997],[11.776,46.986],[12.169,47.082],[12.154,46.935],[12.388,46.703],[12.479,46.673],[13.169,46.573],[13.49,46.556],[13.7,46.52],[14.504,46.417],[14.757,46.499],[14.841,46.58],[15.001,46.626],[15.439,46.63],[15.767,46.711],[15.958,46.678],[15.977,46.801],[16.093,46.863],[16.253,46.972],[16.453,47.007],[16.493,47.123],[16.417,47.223],[16.434,47.367],[16.623,47.448],[16.64,47.609],[16.432,47.656],[16.551,47.747],[16.748,47.686],[17.067,47.708],[17.03,47.837],[17.147,48.006],[16.973,48.198],[16.865,48.387],[16.953,48.599],[16.884,48.704],[16.478,48.8],[16.367,48.739],[16.057,48.755],[15.825,48.864],[15.701,48.86],[15.311,48.974],[15.2,48.948],[14.972,48.984],[14.923,48.771],[14.822,48.774],[14.691,48.599],[14.489,48.626],[14.368,48.576],[14.049,48.602],[13.989,48.692],[13.815,48.767],[13.785,48.587],[13.675,48.523],[13.487,48.582],[13.409,48.394],[13.323,48.331],[13.082,48.275],[12.814,48.161],[12.76,48.076],[12.954,47.891],[12.898,47.722],[13.034,47.699],[13.014,47.478],[12.783,47.564],[12.686,47.669],[12.483,47.637],[12.197,47.709],[12.186,47.62],[11.717,47.583],[11.393,47.487],[11.298,47.425],[10.981,47.398],[10.873,47.52],[10.659,47.547],[10.43,47.541],[10.404,47.417],[10.313,47.313],[10.096,47.38],[10.034,47.474],[9.749,47.576],[9.524,47.524],[9.626,47.467],[9.528,47.271]]]},"properties":{"id":"AUT"}},
{"type":"Feature","geometry":{"type":"MultiPolygon","coordinates":[[[[143.179,-11.954],[142.988,-11.919],[142.873,-11.821],[142.837,-11.307],[142.723,-11.01],[142.553,-10.874],[142.605,-10.748],[142.456,-10.707],[142.326,-10.884],[142.168,-10.947],[142.139,-11.273],[142.041,-11.632],[141.952,-11.896],[141.806,-12.08],[141.689,-12.351],[141.678,-12.491],[141.852,-12.579],[141.93,-12.74],[141.782,-12.779],[141.614,-12.943],[141.645,-13.259],[141.534,-13.554],[141.473,-13.798],[141.481,-13.927],[141.594,-14.153],[141.523,-14.47],[141.604,-14.853],[141.625,-15.057],[141.452,-15.605],[141.393,-15.905],[141.412,-16.07],[141.291,-16.463],[141.219,-16.646],[140.966,-17.015],[140.83,-17.414],[140.511,-17.625],[140.21,-17.704],[140.036,-17.703],[139.895,-17.611],[139.69,-17.541],[139.441,-17.381],[139.248,-17.329],[139.154,-17.168],[139.11,-17.014],[139.01,-16.899],[138.82,-16.861],[138.626,-16.778],[138.506,-16.79],[138.245,-16.718],[138.072,-16.617],[137.913,-16.477],[137.704,-16.233],[137.299,-16.066],[137.002,-15.878],[136.785,-15.894],[136.698,-15.835],[136.705,-15.685],[136.584,-15.707],[136.291,-15.57],[136.205,-15.403],[135.97,-15.27],[135.833,-15.16],[135.531,-15],[135.453,-14.923],[135.405,-14.758],[135.745,-14.287],[135.883,-14.153],[135.99,-13.81],[135.929,-13.622],[135.927,-13.304],[136.166,-13.181],[136.294,-13.138],[136.412,-13.236],[136.461,-13.225],[136.594,-13.004],[136.518,-12.833],[136.537,-12.784],[136.947,-12.35],[136.897,-12.244],[136.719,-12.226],[136.61,-12.134],[136.54,-11.958],[136.443,-11.951],[136.27,-12.132],[136.329,-12.306],[136.261,-12.434],[136.082,-12.422],[136.008,-12.191],[135.938,-12.152],[135.744,-12.242],[135.703,-12.152],[135.889,-11.993],[135.788,-11.907],[135.549,-12.061],[135.352,-12.129],[135.218,-12.222],[135.03,-12.194],[134.855,-12.103],[134.73,-11.984],[134.538,-12.061],[134.237,-12.008],[134.139,-11.94],[133.904,-11.832],[133.533,-11.816],[133.356,-11.728],[133.185,-11.706],[133.025,-11.453],[132.857,-11.391],[132.683,-11.506],[132.557,-11.367],[132.334,-11.224],[132.263,-11.204],[132.198,-11.305],[132.106,-11.281],[131.962,-11.181],[131.812,-11.271],[131.945,-11.349],[132.134,-11.501],[132.278,-11.468],[132.475,-11.492],[132.674,-11.649],[132.63,-11.836],[132.63,-12.035],[132.584,-12.11],[132.372,-12.239],[132.253,-12.186],[132.064,-12.281],[131.888,-12.232],[131.726,-12.278],[131.438,-12.277],[131.342,-12.21],[131.314,-12.096],[131.22,-12.178],[131.046,-12.19],[131.023,-12.343],[130.874,-12.367],[130.867,-12.558],[130.672,-12.407],[130.61,-12.491],[130.617,-12.647],[130.4,-12.688],[130.318,-12.883],[130.168,-12.957],[130.135,-13.146],[130.26,-13.302],[130.136,-13.448],[129.938,-13.502],[129.839,-13.573],[129.71,-13.98],[129.62,-14.038],[129.459,-14.213],[129.379,-14.392],[129.608,-14.56],[129.605,-14.647],[129.754,-14.79],[129.637,-14.851],[129.567,-15.047],[129.459,-14.933],[129.268,-14.871],[129.234,-14.906],[129.238,-15.08],[129.058,-14.884],[128.636,-14.781],[128.477,-14.788],[128.175,-15.043],[128.227,-15.214],[128.155,-15.226],[128.069,-15.329],[128.08,-15.088],[128.199,-14.752],[128.18,-14.712],[127.888,-14.485],[127.673,-14.195],[127.458,-14.031],[127.293,-13.935],[127.099,-13.867],[127.006,-13.777],[126.903,-13.744],[126.776,-13.788],[126.781,-13.955],[126.679,-14.089],[126.57,-14.161],[126.403,-14.019],[126.323,-14.062],[126.258,-14.164],[126.184,-14.002],[126.054,-13.977],[126.111,-14.114],[126.054,-14.217],[126.017,-14.371],[126.021,-14.495],[125.85,-14.597],[125.82,-14.469],[125.681,-14.388],[125.705,-14.291],[125.597,-14.278],[125.58,-14.483],[125.436,-14.557],[125.335,-14.558],[125.179,-14.715],[125.243,-14.945],[125.384,-15.016],[125.356,-15.12],[125.189,-15.045],[125.024,-15.024],[124.979,-15.107],[124.839,-15.161],[124.909,-15.31],[125.073,-15.307],[125.063,-15.442],[124.75,-15.285],[124.562,-15.496],[124.44,-15.494],[124.382,-15.758],[124.504,-15.972],[124.609,-15.937],[124.577,-16.114],[124.435,-16.104],[124.388,-16.203],[124.454,-16.335],[124.669,-16.339],[124.692,-16.386],[124.3,-16.388],[124.13,-16.279],[123.961,-16.287],[123.859,-16.382],[123.729,-16.192],[123.607,-16.224],[123.646,-16.343],[123.581,-16.471],[123.49,-16.491],[123.607,-16.668],[123.68,-16.724],[123.778,-16.868],[123.874,-16.919],[123.799,-17.127],[123.664,-17.023],[123.586,-17.083],[123.608,-17.22],[123.525,-17.486],[123.383,-17.293],[123.266,-17.037],[123.142,-16.863],[122.971,-16.437],[122.917,-16.433],[122.72,-16.788],[122.523,-16.943],[122.432,-16.97],[122.261,-17.136],[122.16,-17.314],[122.147,-17.549],[122.237,-17.969],[122.361,-18.037],[122.262,-18.159],[122.006,-18.394],[121.834,-18.477],[121.631,-18.817],[121.494,-19.106],[121.338,-19.32],[121.18,-19.478],[120.878,-19.665],[120.434,-19.842],[120.196,-19.909],[119.768,-19.958],[119.586,-20.038],[119.104,-19.995],[118.751,-20.262],[118.199,-20.375],[118.087,-20.419],[117.684,-20.643],[117.406,-20.721],[117.293,-20.713],[117.139,-20.641],[116.995,-20.658],[116.707,-20.654],[116.011,-21.03],[115.771,-21.242],[115.596,-21.358],[115.456,-21.492],[115.162,-21.631],[114.859,-21.736],[114.709,-21.823],[114.603,-21.942],[114.378,-22.342],[114.304,-22.425],[114.142,-22.483],[114.164,-22.323],[114.093,-22.181],[114.143,-21.91],[114.124,-21.829],[113.958,-21.939],[113.795,-22.332],[113.683,-22.638],[113.768,-22.813],[113.795,-23.024],[113.765,-23.18],[113.757,-23.418],[113.553,-23.733],[113.49,-23.87],[113.421,-24.132],[113.418,-24.436],[113.569,-24.693],[113.671,-24.977],[113.792,-25.166],[113.993,-25.545],[114.214,-25.852],[114.216,-26.289],[114.09,-26.394],[113.942,-26.259],[113.88,-26.028],[113.766,-26.16],[113.692,-26.092],[113.713,-25.831],[113.539,-25.625],[113.451,-25.599],[113.395,-25.713],[113.513,-25.898],[113.589,-26.099],[113.706,-26.224],[113.853,-26.332],[113.836,-26.501],[113.734,-26.595],[113.582,-26.558],[113.547,-26.437],[113.389,-26.106],[113.345,-26.208],[113.231,-26.241],[113.333,-26.417],[113.709,-26.848],[114.028,-27.347],[114.098,-27.544],[114.133,-27.976],[114.165,-28.081],[114.354,-28.295],[114.537,-28.543],[114.592,-28.666],[114.628,-28.872],[114.857,-29.143],[114.959,-29.434],[114.942,-29.722],[114.995,-30.216],[115.078,-30.56],[115.177,-30.808],[115.294,-30.962],[115.455,-31.303],[115.698,-31.695],[115.738,-31.888],[115.725,-32.401],[115.708,-32.568],[115.619,-32.667],[115.671,-33.002],[115.683,-33.193],[115.515,-33.531],[115.359,-33.64],[115.182,-33.643],[114.994,-33.515],[114.973,-34.051],[115.009,-34.256],[115.128,-34.342],[115.278,-34.304],[115.565,-34.426],[115.726,-34.526],[115.987,-34.795],[116.217,-34.866],[116.517,-34.988],[116.865,-35.027],[117.144,-35.034],[117.582,-35.098],[117.863,-35.055],[118.136,-34.987],[118.895,-34.48],[119.248,-34.456],[119.451,-34.368],[119.635,-34.101],[119.854,-33.975],[120.209,-33.935],[120.418,-33.963],[120.531,-33.92],[120.815,-33.871],[121.405,-33.827],[121.73,-33.862],[122.061,-33.874],[122.151,-33.992],[122.778,-33.891],[123.068,-33.901],[123.208,-33.988],[123.365,-33.905],[123.507,-33.916],[123.65,-33.836],[123.868,-33.596],[123.967,-33.446],[124.126,-33.129],[124.244,-33.015],[124.373,-32.958],[124.759,-32.883],[125.267,-32.614],[125.464,-32.557],[125.917,-32.297],[126.137,-32.257],[126.779,-32.311],[127.084,-32.297],[127.32,-32.264],[127.678,-32.151],[128.068,-32.067],[128.546,-31.888],[128.946,-31.703],[129.188,-31.66],[130.13,-31.579],[130.783,-31.604],[131.144,-31.496],[131.393,-31.549],[131.721,-31.696],[132.215,-32.007],[132.324,-32.02],[132.649,-31.949],[132.757,-31.956],[133.212,-32.184],[133.551,-32.183],[133.787,-32.269],[133.93,-32.412],[134.234,-32.549],[134.227,-32.731],[134.1,-32.749],[134.174,-32.979],[134.301,-33.165],[134.608,-33.19],[134.791,-33.328],[134.889,-33.626],[135.185,-33.907],[135.312,-34.196],[135.45,-34.581],[135.231,-34.58],[135.481,-34.758],[135.648,-34.94],[135.792,-34.863],[135.919,-34.962],[135.999,-34.944],[135.891,-34.661],[136.121,-34.429],[136.431,-34.03],[136.636,-33.897],[136.937,-33.75],[137.13,-33.703],[137.237,-33.629],[137.354,-33.43],[137.442,-33.194],[137.68,-32.978],[137.791,-32.823],[137.783,-32.578],[137.913,-32.771],[137.993,-33.094],[137.852,-33.201],[137.932,-33.579],[137.781,-33.703],[137.65,-33.859],[137.494,-34.161],[137.459,-34.379],[137.493,-34.598],[137.391,-34.913],[137.014,-34.916],[136.884,-35.24],[137.144,-35.236],[137.46,-35.131],[137.692,-35.143],[137.874,-34.727],[137.919,-34.456],[138.012,-34.334],[138.089,-34.17],[138.264,-34.44],[138.436,-34.656],[138.49,-34.764],[138.511,-35.024],[138.4,-35.326],[138.252,-35.487],[138.184,-35.613],[138.522,-35.642],[138.915,-35.489],[139.193,-35.347],[139.325,-35.427],[139.289,-35.611],[139.178,-35.523],[139.067,-35.598],[139.038,-35.689],[139.245,-35.827],[139.549,-36.097],[139.729,-36.371],[139.857,-36.662],[139.738,-37.06],[139.784,-37.246],[139.875,-37.352],[140.212,-37.642],[140.39,-37.897],[140.627,-38.028],[141.011,-38.077],[141.214,-38.172],[141.424,-38.363],[141.594,-38.388],[141.725,-38.271],[141.925,-38.284],[142.188,-38.399],[142.345,-38.372],[142.612,-38.452],[142.84,-38.581],[143.083,-38.646],[143.226,-38.743],[143.539,-38.821],[143.812,-38.699],[144.102,-38.462],[144.329,-38.348],[144.544,-38.284],[144.665,-38.21],[144.538,-38.077],[144.891,-37.9],[145.12,-38.091],[145.067,-38.205],[144.911,-38.344],[144.718,-38.34],[144.96,-38.501],[145.191,-38.384],[145.293,-38.238],[145.476,-38.244],[145.542,-38.394],[145.463,-38.416],[145.397,-38.535],[145.606,-38.657],[145.791,-38.667],[145.935,-38.902],[146.07,-38.834],[146.158,-38.866],[146.4,-39.146],[146.484,-39.065],[146.467,-38.84],[146.337,-38.894],[146.216,-38.783],[146.293,-38.7],[146.436,-38.712],[146.857,-38.663],[147.396,-38.219],[147.631,-38.056],[147.877,-37.934],[148.263,-37.831],[148.944,-37.788],[149.298,-37.802],[149.565,-37.73],[149.809,-37.548],[149.933,-37.529],[149.986,-37.258],[149.951,-37.08],[149.96,-36.846],[150.063,-36.55],[150.129,-36.12],[150.195,-35.834],[150.374,-35.584],[150.567,-35.214],[150.69,-35.178],[150.697,-35.042],[150.809,-34.994],[150.781,-34.892],[150.871,-34.499],[150.96,-34.297],[151.232,-34.03],[151.28,-33.927],[151.323,-33.699],[151.292,-33.581],[151.432,-33.522],[151.484,-33.347],[151.608,-33.202],[151.813,-32.901],[151.954,-32.82],[152.164,-32.757],[152.247,-32.609],[152.47,-32.439],[152.545,-32.243],[152.559,-32.046],[152.786,-31.786],[152.944,-31.435],[153.048,-30.907],[153.031,-30.563],[153.188,-30.164],[153.272,-29.892],[153.347,-29.497],[153.348,-29.29],[153.462,-29.05],[153.605,-28.854],[153.617,-28.673],[153.569,-28.533],[153.576,-28.241],[153.455,-28.048],[153.386,-27.769],[153.198,-27.405],[153.117,-27.194],[153.162,-26.983],[153.084,-26.304],[153.165,-25.964],[153.028,-25.87],[152.921,-25.689],[152.913,-25.432],[152.789,-25.274],[152.654,-25.202],[152.502,-24.964],[152.456,-24.802],[152.13,-24.598],[152.055,-24.494],[151.903,-24.201],[151.691,-24.038],[151.501,-24.012],[151.236,-23.825],[150.843,-23.458],[150.783,-23.177],[150.764,-22.576],[150.672,-22.418],[150.569,-22.384],[150.541,-22.559],[150.235,-22.373],[150.076,-22.164],[149.981,-22.184],[149.942,-22.308],[150.006,-22.522],[149.974,-22.551],[149.822,-22.39],[149.704,-22.441],[149.596,-22.258],[149.46,-21.765],[149.454,-21.579],[149.329,-21.476],[149.205,-21.125],[149.061,-20.961],[148.789,-20.736],[148.684,-20.58],[148.73,-20.468],[148.885,-20.481],[148.759,-20.29],[148.6,-20.145],[148.367,-20.087],[148.081,-19.899],[147.916,-19.869],[147.853,-19.795],[147.742,-19.77],[147.586,-19.623],[147.51,-19.474],[147.419,-19.378],[147.278,-19.414],[147.139,-19.393],[147.003,-19.256],[146.829,-19.236],[146.481,-19.079],[146.297,-18.841],[146.333,-18.554],[146.223,-18.51],[146.032,-18.273],[146.023,-18.176],[146.074,-17.977],[146.126,-17.635],[146.05,-17.381],[145.902,-17.07],[145.912,-16.912],[145.755,-16.879],[145.55,-16.625],[145.426,-16.406],[145.458,-16.056],[145.375,-15.881],[145.35,-15.702],[145.272,-15.477],[145.293,-15.327],[145.252,-15.097],[145.288,-14.943],[144.648,-14.492],[144.586,-14.355],[144.473,-14.232],[144.21,-14.302],[144.106,-14.395],[143.962,-14.463],[143.756,-14.349],[143.643,-13.964],[143.548,-13.741],[143.587,-13.444],[143.529,-13.304],[143.512,-13.095],[143.458,-12.856],[143.398,-12.736],[143.402,-12.64],[143.29,-12.499],[143.254,-12.398],[143.11,-12.304],[143.105,-12.17],[143.179,-11.954]]],[[[153.077,-25.751],[153.141,-25.513],[153.35,-25.063],[153.298,-24.915],[153.282,-24.738],[153.181,-24.765],[153.242,-24.923],[153.189,-25.071],[153.038,-25.193],[153.061,-25.302],[152.977,-25.551],[153.007,-25.729],[153.077,-25.751]]],[[[139.508,-16.573],[139.698,-16.515],[139.588,-16.395],[139.293,-16.467],[139.163,-16.626],[139.16,-16.742],[139.431,-16.661],[139.508,-16.573]]],[[[136.715,-13.804],[136.656,-13.676],[136.425,-13.865],[136.428,-14.126],[136.363,-14.229],[136.65,-14.28],[136.894,-14.293],[136.885,-14.197],[136.787,-14.158],[136.745,-14.073],[136.804,-13.842],[136.715,-13.804]]],[[[130.459,-11.679],[130.339,-11.337],[130.251,-11.361],[130.153,-11.478],[130.198,-11.658],[130.072,-11.681],[130.043,-11.787],[130.131,-11.825],[130.317,-11.772],[130.503,-11.836],[130.606,-11.817],[130.542,-11.703],[130.459,-11.679]]],[[[130.619,-11.376],[130.427,-11.183],[130.369,-11.215],[130.423,-11.446],[130.512,-11.618],[130.645,-11.742],[130.951,-11.926],[131.292,-11.711],[131.383,-11.583],[131.539,-11.437],[131.437,-11.313],[131.268,-11.19],[131.023,-11.334],[130.913,-11.309],[130.752,-11.384],[130.619,-11.376]]],[[[113.183,-26.053],[112.982,-25.52],[112.908,-25.57],[112.964,-25.783],[113.156,-26.095],[113.183,-26.053]]],[[[137.596,-35.739],[137.635,-35.656],[137.53,-35.605],[137.334,-35.592],[137.092,-35.664],[136.639,-35.749],[136.541,-35.89],[136.755,-36.033],[137.148,-36.039],[137.21,-35.982],[137.382,-36.021],[137.448,-36.075],[137.59,-36.027],[137.671,-35.898],[137.836,-35.868],[138.012,-35.908],[138.123,-35.852],[138.047,-35.755],[137.929,-35.726],[137.836,-35.762],[137.596,-35.739]]],[[[145.487,-38.355],[145.295,-38.319],[145.336,-38.421],[145.487,-38.355]]],[[[151.147,-23.491],[151.033,-23.53],[151.184,-23.741],[151.296,-23.72],[151.147,-23.491]]],[[[153.539,-27.436],[153.435,-27.405],[153.396,-27.665],[153.453,-27.712],[153.539,-27.436]]],[[[153.442,-27.316],[153.426,-27.201],[153.467,-27.038],[153.38,-27.049],[153.377,-27.235],[153.442,-27.316]]],[[[142.275,-10.705],[142.198,-10.592],[142.131,-10.641],[142.191,-10.762],[142.275,-10.705]]],[[[146.278,-18.231],[146.116,-18.292],[146.236,-18.451],[146.342,-18.4],[146.278,-18.231]]],[[[137.094,-15.778],[137.01,-15.595],[136.943,-15.712],[137.051,-15.824],[137.094,-15.778]]],[[[132.593,-11.303],[132.629,-11.169],[132.593,-10.998],[132.484,-11.037],[132.494,-11.164],[132.593,-11.303]]],[[[145.043,-40.787],[144.819,-40.722],[144.71,-40.783],[144.646,-40.981],[144.778,-41.419],[145.055,-41.827],[145.238,-42.02],[145.199,-42.231],[145.268,-42.544],[145.488,-42.927],[145.61,-42.998],[145.803,-43.244],[145.975,-43.277],[146.043,-43.547],[146.187,-43.513],[146.549,-43.509],[146.699,-43.602],[146.874,-43.612],[147.077,-43.276],[147.245,-43.216],[147.26,-43.071],[147.408,-42.894],[147.452,-43.033],[147.549,-42.975],[147.574,-42.846],[147.8,-42.928],[147.774,-43.003],[147.648,-43.021],[147.786,-43.22],[147.981,-43.157],[147.915,-42.816],[147.924,-42.572],[148.009,-42.436],[148.023,-42.259],[148.183,-42.065],[148.301,-42.04],[148.29,-41.465],[148.312,-41.35],[148.293,-40.947],[148.215,-40.855],[147.969,-40.78],[147.873,-40.873],[147.622,-40.845],[147.455,-41.002],[147.321,-40.956],[146.99,-40.992],[146.857,-41.058],[146.574,-41.142],[146.317,-41.163],[145.821,-41.025],[145.734,-40.962],[145.429,-40.858],[145.283,-40.77],[145.043,-40.787]]],[[[143.928,-40.116],[144.112,-40.022],[144.141,-39.954],[144.091,-39.638],[144.001,-39.58],[143.862,-39.738],[143.839,-39.904],[143.928,-40.116]]],[[[148,-39.758],[147.839,-39.832],[147.891,-40.015],[148.106,-40.262],[148.323,-40.144],[148.297,-39.986],[148.178,-39.938],[148,-39.758]]],[[[147.356,-43.397],[147.313,-43.28],[147.163,-43.43],[147.309,-43.501],[147.356,-43.397]]],[[[148.326,-40.307],[148.198,-40.358],[148.103,-40.452],[148.474,-40.432],[148.326,-40.307]]],[[[105.725,-10.493],[105.705,-10.431],[105.584,-10.512],[105.697,-10.564],[105.725,-10.493]]],[[[123.595,-12.426],[123.572,-12.424],[123.573,-12.434],[123.595,-12.436],[123.595,-12.426]]]]},"properties":{"id":"AUS"}},
{"type":"Feature","geometry":{"type":"Polygon","coordinates":[[[73.707,-53.137],[73.586,-53.027],[73.336,-53.03],[73.465,-53.184],[73.707,-53.137]]]},"properties":{"id":"HMD"}},
{"type":"Feature","geometry":{"type":"Polygon","coordinates":[[[167.939,-29.018],[167.92,-29.083],[167.979,-29.076],[167.939,-29.018]]]},"properties":{"id":"NFK"}},
{"type":"Feature","geometry":{"type":"Polygon","coordinates":[[[44.768,39.704],[45.032,39.765],[45.149,39.657],[45.457,39.494],[45.75,39.563],[45.796,39.488],[45.766,39.378],[45.977,39.244],[45.952,39.178],[46.114,38.878],[46.318,38.913],[46.491,38.907],[46.49,39.069],[46.401,39.168],[46.55,39.201],[46.507,39.299],[46.378,39.382],[46.478,39.475],[46.481,39.555],[46.322,39.617],[46.202,39.594],[45.79,39.881],[45.63,40.014],[45.858,40.011],[45.968,40.175],[45.965,40.234],[45.57,40.417],[45.376,40.638],[45.401,40.707],[45.588,40.847],[45.369,41.005],[45.106,41.069],[45.19,41.126],[45.001,41.291],[44.841,41.211],[44.473,41.191],[44.227,41.213],[43.793,41.131],[43.439,41.107],[43.632,40.929],[43.723,40.72],[43.668,40.574],[43.569,40.482],[43.71,40.167],[43.792,40.07],[44.005,40.014],[44.289,40.04],[44.56,39.888],[44.768,39.704]]]},"properties":{"id":"ARM"}},
{"type":"Feature","geometry":{"type":"MultiPolygon","coordinates":[[[[-57.609,-30.188],[-57.405,-30.034],[-57.225,-29.782],[-57.089,-29.716],[-56.939,-29.595],[-56.772,-29.418],[-56.571,-29.138],[-56.393,-28.997],[-56.322,-28.852],[-56.226,-28.737],[-56.103,-28.652],[-56.02,-28.525],[-55.93,-28.473],[-55.859,-28.354],[-55.687,-28.382],[-55.725,-28.204],[-55.477,-28.089],[-55.346,-27.956],[-55.102,-27.867],[-55.04,-27.768],[-54.91,-27.709],[-54.829,-27.551],[-54.72,-27.545],[-54.555,-27.454],[-54.327,-27.424],[-54.205,-27.29],[-54.04,-27.244],[-53.838,-27.121],[-53.717,-26.883],[-53.753,-26.749],[-53.711,-26.352],[-53.671,-26.225],[-53.823,-25.96],[-53.891,-25.669],[-54.012,-25.578],[-54.155,-25.523],[-54.444,-25.625],[-54.616,-25.576],[-54.632,-26.006],[-54.678,-26.309],[-54.755,-26.533],[-54.825,-26.652],[-54.934,-26.703],[-55.136,-26.931],[-55.427,-27.009],[-55.597,-27.208],[-55.633,-27.357],[-55.79,-27.416],[-55.951,-27.326],[-56.164,-27.321],[-56.437,-27.554],[-56.603,-27.468],[-56.716,-27.494],[-56.872,-27.441],[-57.112,-27.47],[-57.391,-27.43],[-57.812,-27.317],[-58.168,-27.273],[-58.605,-27.314],[-58.642,-27.196],[-58.485,-26.968],[-58.323,-26.858],[-58.318,-26.796],[-58.191,-26.63],[-58.203,-26.381],[-58.082,-26.139],[-57.891,-26.007],[-57.865,-25.907],[-57.755,-25.697],[-57.572,-25.534],[-57.587,-25.405],[-57.822,-25.136],[-57.96,-25.049],[-58.136,-24.977],[-58.365,-24.959],[-58.52,-24.843],[-58.724,-24.787],[-59.187,-24.562],[-59.373,-24.454],[-59.609,-24.267],[-59.892,-24.094],[-60.11,-24.009],[-60.262,-24.014],[-60.505,-23.964],[-60.84,-23.858],[-61.033,-23.756],[-61.085,-23.656],[-61.208,-23.557],[-61.506,-23.392],[-61.571,-23.319],[-61.799,-23.182],[-61.928,-23.059],[-62.067,-22.869],[-62.214,-22.612],[-62.373,-22.439],[-62.626,-22.29],[-62.651,-22.234],[-62.745,-22.16],[-62.843,-21.997],[-63.819,-22.005],[-63.976,-22.073],[-64.266,-22.603],[-64.308,-22.795],[-64.374,-22.761],[-64.524,-22.372],[-64.606,-22.229],[-64.843,-22.144],[-65.058,-22.103],[-65.771,-22.1],[-66.099,-21.835],[-66.248,-21.83],[-66.365,-22.114],[-66.712,-22.216],[-66.8,-22.41],[-66.991,-22.51],[-67.055,-22.651],[-67.195,-22.822],[-67.009,-23.001],[-67.356,-24.034],[-68.25,-24.392],[-68.3,-24.46],[-68.507,-24.63],[-68.562,-24.838],[-68.466,-24.925],[-68.384,-25.092],[-68.541,-25.237],[-68.6,-25.486],[-68.511,-25.741],[-68.415,-26.154],[-68.53,-26.277],[-68.592,-26.418],[-68.581,-26.518],[-68.319,-26.878],[-68.346,-27.028],[-68.537,-27.085],[-68.652,-27.148],[-68.71,-27.104],[-68.846,-27.154],[-68.942,-27.405],[-68.999,-27.449],[-69.174,-27.925],[-69.251,-27.974],[-69.437,-28.193],[-69.657,-28.414],[-69.735,-28.641],[-69.743,-28.784],[-69.828,-29.103],[-69.996,-29.25],[-70.027,-29.324],[-69.928,-29.769],[-69.96,-30.078],[-69.863,-30.12],[-69.956,-30.358],[-70.161,-30.44],[-70.269,-30.677],[-70.348,-30.902],[-70.309,-31.023],[-70.388,-31.121],[-70.52,-31.148],[-70.585,-31.569],[-70.45,-31.842],[-70.331,-31.881],[-70.254,-31.958],[-70.364,-32.083],[-70.32,-32.267],[-70.258,-32.31],[-70.17,-32.472],[-70.177,-32.626],[-70.116,-32.807],[-70.022,-32.885],[-70.093,-33.027],[-70.085,-33.202],[-70.02,-33.271],[-69.82,-33.284],[-69.798,-33.399],[-69.883,-33.601],[-69.894,-33.731],[-69.852,-34.224],[-70.052,-34.301],[-70.101,-34.432],[-70.29,-34.733],[-70.393,-35.147],[-70.555,-35.247],[-70.47,-35.326],[-70.38,-35.772],[-70.416,-35.879],[-70.405,-36.062],[-70.563,-36.146],[-70.722,-36.283],[-70.749,-36.393],[-70.905,-36.42],[-71.056,-36.524],[-71.066,-36.644],[-71.192,-36.844],[-71.118,-37.114],[-71.2,-37.3],[-71.135,-37.445],[-71.187,-37.631],[-71.168,-37.762],[-71.028,-38.041],[-70.968,-38.446],[-70.848,-38.542],[-70.952,-38.738],[-71.087,-38.758],[-71.286,-38.845],[-71.426,-38.986],[-71.42,-39.287],[-71.539,-39.602],[-71.72,-39.635],[-71.638,-39.887],[-71.66,-40.021],[-71.818,-40.177],[-71.695,-40.335],[-71.805,-40.439],[-71.932,-40.692],[-71.941,-40.789],[-71.873,-40.893],[-71.892,-41.393],[-71.871,-41.561],[-71.911,-41.65],[-71.77,-41.969],[-71.761,-42.101],[-71.944,-42.167],[-72.026,-42.148],[-72.125,-42.298],[-72.053,-42.473],[-72.144,-42.577],[-72.114,-42.777],[-72.146,-42.99],[-72.055,-43.102],[-71.781,-43.167],[-71.764,-43.295],[-71.905,-43.348],[-71.905,-43.44],[-71.751,-43.59],[-71.795,-43.753],[-71.68,-43.93],[-71.812,-44.106],[-71.82,-44.383],[-71.213,-44.441],[-71.151,-44.494],[-71.261,-44.763],[-71.455,-44.75],[-71.957,-44.792],[-72.042,-44.904],[-71.596,-44.979],[-71.443,-45.168],[-71.354,-45.23],[-71.349,-45.332],[-71.49,-45.438],[-71.508,-45.513],[-71.693,-45.535],[-71.773,-45.724],[-71.751,-45.839],[-71.632,-45.954],[-71.684,-46.042],[-71.876,-46.161],[-71.778,-46.28],[-71.695,-46.578],[-71.733,-46.706],[-71.94,-46.831],[-71.963,-47.016],[-71.905,-47.202],[-72.042,-47.241],[-72.103,-47.343],[-72.346,-47.493],[-72.342,-47.572],[-72.518,-47.876],[-72.509,-47.973],[-72.328,-48.11],[-72.293,-48.229],[-72.355,-48.366],[-72.498,-48.417],[-72.608,-48.519],[-72.614,-48.793],[-72.728,-48.896],[-72.982,-48.977],[-73.149,-49.188],[-73.135,-49.301],[-73.462,-49.314],[-73.554,-49.464],[-73.576,-49.583],[-73.47,-49.795],[-73.529,-49.911],[-73.501,-50.125],[-73.387,-50.231],[-73.252,-50.558],[-73.153,-50.738],[-73.082,-50.76],[-72.804,-50.638],[-72.62,-50.648],[-72.51,-50.608],[-72.34,-50.682],[-72.276,-50.91],[-72.377,-51.095],[-72.303,-51.299],[-72.408,-51.541],[-72.269,-51.691],[-72.137,-51.744],[-71.953,-51.88],[-71.919,-51.99],[-70.483,-52.002],[-69.96,-52.008],[-69.488,-52.136],[-69.206,-52.136],[-68.715,-52.255],[-68.461,-52.29],[-68.443,-52.357],[-68.394,-52.307],[-68.691,-52.013],[-68.917,-51.715],[-69.033,-51.636],[-69.18,-51.662],[-69.313,-51.601],[-69.058,-51.547],[-69.03,-51.446],[-69.144,-51.097],[-69.235,-50.951],[-69.155,-50.864],[-69.045,-50.499],[-68.939,-50.382],[-68.75,-50.281],[-68.422,-50.158],[-68.662,-49.936],[-68.569,-49.867],[-68.405,-50.043],[-68.257,-50.105],[-68.146,-50.091],[-67.914,-49.984],[-67.783,-49.859],[-67.662,-49.342],[-67.685,-49.247],[-67.466,-48.952],[-67.033,-48.628],[-66.596,-48.42],[-66.393,-48.342],[-65.81,-47.941],[-65.934,-47.827],[-65.886,-47.702],[-65.775,-47.568],[-65.738,-47.345],[-65.854,-47.157],[-65.999,-47.094],[-66.65,-47.045],[-66.777,-47.006],[-67.387,-46.554],[-67.563,-46.345],[-67.609,-46.167],[-67.557,-45.97],[-67.258,-45.577],[-66.941,-45.257],[-66.585,-45.183],[-66.348,-45.034],[-66.19,-44.965],[-65.639,-45.008],[-65.599,-44.876],[-65.698,-44.796],[-65.648,-44.661],[-65.361,-44.477],[-65.266,-44.28],[-65.308,-44.158],[-65.239,-44.049],[-65.305,-43.787],[-65.284,-43.63],[-64.986,-43.294],[-64.715,-43.136],[-64.432,-43.059],[-64.319,-42.969],[-64.629,-42.909],[-65.027,-42.759],[-64.971,-42.666],[-64.812,-42.633],[-64.65,-42.531],[-64.488,-42.513],[-64.324,-42.572],[-64.131,-42.861],[-64.035,-42.881],[-63.692,-42.805],[-63.617,-42.696],[-63.596,-42.407],[-63.685,-42.189],[-63.796,-42.114],[-64.229,-42.218],[-64.061,-42.266],[-64.101,-42.395],[-64.42,-42.434],[-64.571,-42.416],[-64.524,-42.299],[-64.898,-42.162],[-64.986,-42.102],[-65.059,-41.97],[-65.007,-41.745],[-65.018,-41.567],[-65.155,-41.106],[-65.133,-40.881],[-65.069,-40.805],[-64.917,-40.731],[-64.853,-40.814],[-64.621,-40.854],[-64.123,-41.008],[-63.773,-41.15],[-63.213,-41.152],[-62.959,-41.11],[-62.395,-40.891],[-62.302,-40.815],[-62.246,-40.675],[-62.394,-40.459],[-62.427,-40.356],[-62.402,-40.197],[-62.287,-39.895],[-62.132,-39.825],[-62.054,-39.374],[-62.338,-39.151],[-62.304,-38.988],[-62.374,-38.853],[-62.335,-38.8],[-62.189,-38.813],[-62.067,-38.919],[-61.603,-38.999],[-61.383,-38.981],[-61.112,-38.993],[-60.904,-38.974],[-59.828,-38.838],[-59.676,-38.797],[-59.007,-38.673],[-58.179,-38.436],[-57.646,-38.17],[-57.547,-38.086],[-57.507,-37.909],[-57.396,-37.745],[-57.088,-37.446],[-56.727,-36.958],[-56.672,-36.851],[-56.698,-36.426],[-56.749,-36.346],[-56.937,-36.353],[-57.076,-36.297],[-57.265,-36.144],[-57.375,-35.9],[-57.354,-35.72],[-57.159,-35.506],[-57.171,-35.362],[-57.304,-35.188],[-57.548,-35.019],[-57.764,-34.895],[-58.283,-34.683],[-58.466,-34.457],[-58.525,-34.296],[-58.392,-34.193],[-58.457,-33.898],[-58.547,-33.663],[-58.424,-33.112],[-58.25,-33.078],[-58.171,-32.959],[-58.22,-32.564],[-58.201,-32.472],[-58.123,-32.322],[-58.165,-32.185],[-58.189,-31.924],[-58.042,-31.769],[-57.988,-31.576],[-58.054,-31.495],[-57.868,-31.104],[-57.898,-30.975],[-57.811,-30.859],[-57.819,-30.712],[-57.873,-30.591],[-57.831,-30.495],[-57.713,-30.384],[-57.609,-30.188]]],[[[-68.653,-54.854],[-68.22,-54.818],[-67.793,-54.869],[-66.93,-54.925],[-66.511,-55.032],[-66.287,-54.978],[-65.842,-54.91],[-65.603,-54.928],[-65.346,-54.878],[-65.179,-54.678],[-65.369,-54.632],[-65.747,-54.653],[-66.236,-54.533],[-66.462,-54.441],[-66.67,-54.314],[-67.294,-54.05],[-68.008,-53.564],[-68.144,-53.319],[-68.489,-53.261],[-68.521,-53.177],[-68.431,-53.055],[-68.278,-52.984],[-68.339,-52.9],[-68.63,-52.653],[-68.633,-53.242],[-68.64,-54.324],[-68.653,-54.854]]],[[[-64.549,-54.716],[-64.757,-54.827],[-64.637,-54.903],[-64.105,-54.722],[-64.439,-54.739],[-64.549,-54.716]]]]},"properties":{"id":"ARG"}},
{"type":"Feature","geometry":{"type":"Polygon","coordinates":[[[-61.716,17.037],[-61.686,17.098],[-61.817,17.169],[-61.887,17.098],[-61.86,17.013],[-61.716,17.037]]]},"properties":{"id":"ATG"}},
{"type":"Feature","geometry":{"type":"MultiPolygon","coordinates":[[[[13.073,-4.635],[12.881,-4.445],[12.798,-4.431],[12.642,-4.531],[12.385,-4.619],[12.308,-4.766],[12.204,-4.779],[12.018,-5.004],[12.177,-5.325],[12.207,-5.468],[12.155,-5.633],[12.214,-5.759],[12.485,-5.719],[12.504,-5.696],[12.522,-5.149],[12.451,-5.071],[12.574,-4.997],[12.83,-4.737],[13.073,-4.635]]],[[[23.967,-10.872],[23.901,-10.983],[23.834,-11.014],[23.56,-10.979],[23.4,-10.976],[23.157,-11.075],[22.815,-11.08],[22.561,-11.056],[22.393,-11.159],[22.279,-11.194],[22.226,-11.122],[22.178,-10.892],[22.28,-10.784],[22.307,-10.691],[22.283,-10.552],[22.302,-10.397],[22.198,-10.041],[22.089,-9.863],[21.949,-9.726],[21.857,-9.594],[21.813,-9.469],[21.829,-9.168],[21.905,-8.693],[21.896,-8.341],[21.801,-8.112],[21.78,-7.865],[21.834,-7.602],[21.842,-7.421],[21.751,-7.305],[21.19,-7.285],[20.608,-7.278],[20.537,-7.122],[20.599,-6.935],[20.482,-6.916],[19.875,-6.986],[19.66,-7.037],[19.528,-7.144],[19.484,-7.279],[19.48,-7.472],[19.372,-7.655],[19.341,-7.967],[19.143,-8.001],[18.898,-7.998],[18.653,-7.936],[18.192,-8.024],[18.009,-8.108],[17.913,-8.068],[17.58,-8.099],[17.536,-8.076],[17.245,-7.623],[17.155,-7.461],[16.985,-7.257],[16.966,-7.062],[16.919,-6.934],[16.813,-6.773],[16.743,-6.618],[16.709,-6.472],[16.718,-6.241],[16.537,-5.966],[16.315,-5.866],[15.727,-5.864],[14.749,-5.88],[14.399,-5.893],[13.979,-5.857],[13.068,-5.865],[12.791,-6.004],[12.303,-6.093],[12.402,-6.353],[12.521,-6.59],[12.823,-6.955],[12.862,-7.232],[13.091,-7.78],[13.379,-8.37],[13.378,-8.625],[13.359,-8.687],[13.054,-9.007],[12.999,-9.048],[13.156,-9.39],[13.209,-9.703],[13.288,-9.827],[13.332,-9.999],[13.495,-10.257],[13.539,-10.421],[13.721,-10.634],[13.739,-10.757],[13.834,-10.93],[13.847,-11.054],[13.784,-11.488],[13.785,-11.813],[13.686,-12.124],[13.598,-12.286],[13.417,-12.52],[13.163,-12.652],[12.983,-12.776],[12.898,-13.028],[12.55,-13.438],[12.504,-13.755],[12.379,-14.039],[12.28,-14.637],[12.073,-15.248],[12.016,-15.514],[11.968,-15.634],[11.85,-15.768],[11.751,-15.832],[11.797,-15.986],[11.82,-16.504],[11.819,-16.704],[11.78,-16.871],[11.743,-17.249],[11.903,-17.227],[12.014,-17.169],[12.213,-17.21],[12.548,-17.213],[12.963,-17.015],[13.101,-16.968],[13.404,-17.008],[13.562,-17.141],[13.938,-17.389],[14.017,-17.409],[14.415,-17.388],[15.001,-17.389],[15.766,-17.39],[16.531,-17.391],[17.835,-17.393],[18.396,-17.399],[18.487,-17.443],[18.718,-17.703],[18.826,-17.766],[19.076,-17.818],[19.377,-17.825],[19.639,-17.869],[19.912,-17.881],[20.194,-17.864],[20.393,-17.887],[20.625,-17.997],[20.746,-18.02],[20.908,-18.006],[21.113,-17.956],[21.288,-17.963],[21.417,-18.001],[22.624,-17.782],[23.381,-17.641],[22.956,-17.286],[22.305,-16.69],[22.151,-16.597],[22.04,-16.263],[21.98,-15.956],[21.979,-14.761],[21.979,-14.12],[21.979,-13.001],[23.042,-13.001],[23.843,-13.001],[23.968,-12.957],[23.882,-12.799],[23.909,-12.636],[23.991,-12.422],[23.959,-12.118],[23.984,-11.725],[23.971,-11.636],[24.047,-11.405],[23.967,-10.872]]]]},"properties":{"id":"AGO"}},
{"type":"Feature","geometry":{"type":"Polygon","coordinates":[[[1.706,42.503],[1.71,42.604],[1.501,42.643],[1.428,42.596],[1.486,42.434],[1.706,42.503]]]},"properties":{"id":"AND"}},
{"type":"Feature","geometry":{"type":"Polygon","coordinates":[[[8.577,36.937],[8.127,36.91],[7.91,36.856],[7.792,36.88],[7.608,37],[7.432,37.059],[7.204,37.092],[7.238,36.969],[6.928,36.919],[6.576,37.003],[6.487,37.086],[6.328,37.046],[6.249,36.938],[6.065,36.864],[5.725,36.8],[5.425,36.675],[5.295,36.648],[5.196,36.677],[4.995,36.808],[4.758,36.896],[3.779,36.896],[3.521,36.795],[2.973,36.784],[2.593,36.601],[2.343,36.61],[1.975,36.568],[1.257,36.52],[0.972,36.444],[0.791,36.357],[0.515,36.262],[0.152,36.063],[0.048,35.901],[-0.048,35.833],[-0.189,35.819],[-0.426,35.862],[-0.917,35.668],[-1.205,35.496],[-1.336,35.364],[-1.484,35.303],[-1.674,35.183],[-1.913,35.094],[-2.22,35.104],[-2.132,34.971],[-1.796,34.752],[-1.85,34.607],[-1.733,34.467],[-1.792,34.368],[-1.707,34.176],[-1.693,33.99],[-1.703,33.717],[-1.631,33.567],[-1.679,33.319],[-1.551,33.074],[-1.51,32.878],[-1.352,32.703],[-1.111,32.552],[-1.066,32.468],[-1.24,32.338],[-1.262,32.271],[-1.226,32.107],[-1.275,32.089],[-1.817,32.105],[-2.448,32.13],[-2.863,32.075],[-2.931,32.043],[-3.017,31.834],[-3.44,31.705],[-3.7,31.7],[-3.827,31.662],[-3.837,31.512],[-3.789,31.362],[-3.833,31.198],[-3.673,31.111],[-3.627,31.001],[-3.702,30.944],[-3.985,30.914],[-4.323,30.699],[-4.779,30.552],[-4.968,30.465],[-5.18,30.166],[-5.449,29.957],[-5.775,29.869],[-6.215,29.811],[-6.501,29.809],[-6.521,29.66],[-6.635,29.569],[-7.095,29.625],[-7.235,29.575],[-7.486,29.392],[-7.685,29.35],[-7.999,29.132],[-8.265,28.981],[-8.558,28.768],[-8.66,28.719],[-8.683,28.621],[-8.683,27.656],[-8.683,27.286],[-8.119,26.954],[-7.367,26.512],[-6.239,25.848],[-5.517,25.424],[-4.823,24.996],[-3.913,24.409],[-3.258,23.981],[-2.275,23.339],[-1.293,22.697],[-0.311,22.054],[0.344,21.626],[1.146,21.102],[1.173,20.982],[1.166,20.817],[1.29,20.714],[1.611,20.556],[1.685,20.378],[1.929,20.273],[2.219,20.248],[2.406,20.064],[2.474,20.035],[2.866,19.956],[3.13,19.85],[3.204,19.79],[3.202,19.56],[3.256,19.411],[3.106,19.15],[3.256,19.013],[3.401,18.988],[4.228,19.143],[4.671,19.228],[5.748,19.434],[5.837,19.479],[6.527,20.073],[6.989,20.471],[7.482,20.873],[8.343,21.381],[9.379,21.991],[10.414,22.602],[10.932,22.907],[11.968,23.518],[11.767,23.893],[11.537,24.291],[11.508,24.314],[10.686,24.551],[10.439,24.48],[10.256,24.591],[10.12,24.79],[10.028,25.051],[10.001,25.332],[9.448,26.067],[9.438,26.246],[9.491,26.334],[9.859,26.552],[9.894,26.848],[9.837,26.916],[9.753,27.219],[9.748,27.331],[9.916,27.786],[9.858,28.043],[9.816,28.56],[9.843,28.967],[9.821,29.115],[9.673,29.567],[9.546,29.796],[9.31,30.115],[9.519,30.229],[9.363,30.833],[9.044,32.072],[9.019,32.105],[8.683,32.31],[8.333,32.544],[8.304,32.696],[8.211,32.927],[8.076,33.089],[7.763,33.233],[7.5,33.832],[7.514,34.081],[7.749,34.254],[7.838,34.41],[8.123,34.564],[8.246,34.734],[8.277,34.979],[8.394,35.204],[8.316,35.403],[8.318,35.655],[8.246,35.871],[8.349,36.368],[8.231,36.545],[8.37,36.633],[8.444,36.761],[8.601,36.834],[8.577,36.937]]]},"properties":{"id":"DZA"}},
{"type":"Feature","geometry":{"type":"Polygon","coordinates":[[[19.342,41.869],[19.468,41.856],[19.578,41.788],[19.576,41.64],[19.441,41.425],[19.48,41.236],[19.461,40.933],[19.384,40.791],[19.345,40.622],[19.439,40.47],[19.398,40.285],[19.485,40.21],[19.852,40.044],[19.965,39.872],[20.001,39.709],[20.207,39.654],[20.382,39.842],[20.311,39.979],[20.456,40.066],[20.657,40.117],[20.806,40.445],[20.95,40.494],[21.031,40.659],[20.964,40.85],[20.87,40.918],[20.741,40.905],[20.656,41.062],[20.568,41.128],[20.489,41.273],[20.449,41.521],[20.516,41.575],[20.505,41.706],[20.566,41.874],[20.575,42.013],[20.485,42.223],[20.241,42.339],[20.064,42.547],[19.788,42.476],[19.741,42.607],[19.654,42.629],[19.4,42.342],[19.281,42.173],[19.361,42.069],[19.342,41.869]]]},"properties":{"id":"ALB"}},
{"type":"Feature","geometry":{"type":"Polygon","coordinates":[[[66.522,37.348],[66.108,37.415],[65.765,37.569],[65.641,37.468],[65.555,37.251],[65.09,37.238],[64.816,37.132],[64.603,36.555],[64.511,36.341],[64.358,36.226],[64.092,36.113],[64.01,36.012],[63.863,36.012],[63.302,35.858],[63.109,35.819],[63.17,35.678],[63.084,35.568],[63.057,35.446],[62.723,35.271],[62.611,35.233],[62.463,35.251],[62.308,35.171],[62.253,35.25],[61.984,35.444],[61.72,35.419],[61.543,35.458],[61.345,35.629],[61.262,35.62],[61.279,35.514],[61.189,35.312],[61.1,35.272],[61.15,35.094],[61.07,34.922],[61.08,34.856],[60.951,34.654],[60.726,34.518],[60.889,34.319],[60.643,34.307],[60.486,34.095],[60.527,33.842],[60.486,33.712],[60.511,33.639],[60.655,33.56],[60.806,33.559],[60.917,33.505],[60.718,33.324],[60.561,33.138],[60.577,32.995],[60.829,32.249],[60.79,31.987],[60.792,31.661],[60.854,31.483],[61.66,31.382],[61.755,31.285],[61.814,31.073],[61.784,30.832],[60.843,29.859],[61.224,29.749],[62.373,29.425],[62.477,29.408],[63.568,29.498],[63.971,29.43],[64.099,29.392],[64.266,29.507],[64.521,29.565],[65.096,29.559],[65.666,29.701],[66.177,29.836],[66.313,29.969],[66.247,30.044],[66.305,30.321],[66.287,30.608],[66.397,30.912],[66.567,30.997],[66.731,31.195],[66.924,31.306],[67.116,31.243],[67.287,31.218],[67.453,31.235],[67.738,31.344],[67.578,31.506],[67.74,31.548],[68.017,31.678],[68.214,31.807],[68.443,31.754],[68.598,31.803],[68.782,31.646],[68.869,31.634],[69.083,31.738],[69.279,31.937],[69.241,32.434],[69.405,32.683],[69.502,33.02],[69.704,33.095],[69.92,33.113],[70.261,33.289],[70.284,33.369],[70.057,33.72],[69.868,33.898],[69.89,34.007],[69.995,34.052],[70.254,33.976],[70.416,33.95],[70.654,33.952],[70.848,33.982],[71.052,34.05],[71.091,34.12],[71.096,34.369],[70.966,34.53],[71.294,34.868],[71.455,34.967],[71.621,35.183],[71.546,35.289],[71.601,35.408],[71.428,35.834],[71.343,35.939],[71.185,36.042],[71.233,36.122],[71.463,36.293],[71.621,36.436],[71.773,36.432],[71.822,36.486],[72.096,36.634],[72.157,36.701],[72.623,36.83],[73.117,36.869],[73.769,36.888],[74.002,36.823],[74.541,37.022],[74.372,37.158],[74.727,37.291],[74.891,37.232],[74.659,37.394],[74.524,37.382],[74.26,37.415],[74.167,37.329],[73.75,37.232],[73.721,37.419],[73.481,37.472],[73.211,37.408],[72.896,37.268],[72.757,37.173],[72.657,37.029],[72.359,36.983],[72.154,36.901],[71.802,36.694],[71.597,36.733],[71.531,36.845],[71.433,37.128],[71.505,37.603],[71.58,37.864],[71.552,37.933],[71.279,37.918],[71.333,38.17],[71.256,38.307],[71.052,38.418],[70.879,38.456],[70.736,38.423],[70.616,38.334],[70.418,38.075],[70.215,37.924],[70.251,37.664],[70.189,37.582],[70.045,37.547],[69.941,37.6],[69.626,37.594],[69.492,37.553],[69.399,37.399],[69.414,37.208],[69.265,37.108],[68.96,37.325],[68.782,37.258],[68.669,37.258],[68.546,37.183],[68.387,37.138],[68.068,36.95],[67.958,36.972],[67.834,37.064],[67.759,37.172],[67.7,37.227],[67.517,37.267],[67.32,37.21],[67.196,37.235],[67.069,37.335],[66.828,37.371],[66.522,37.348]]]},"properties":{"id":"AFG"}},
{"type":"Feature","geometry":{"type":"MultiPolygon","coordinates":[[[[-45.718,-60.521],[-45.709,-60.645],[-45.398,-60.65],[-45.5,-60.546],[-45.718,-60.521]]],[[[-57.021,-63.373],[-57.077,-63.262],[-57.39,-63.226],[-57.868,-63.319],[-58.216,-63.451],[-58.872,-63.552],[-59.036,-63.67],[-59.51,-63.821],[-59.99,-63.91],[-60.277,-63.924],[-60.864,-64.073],[-61.082,-64.315],[-61.396,-64.427],[-61.632,-64.605],[-61.883,-64.625],[-62.14,-64.727],[-62.576,-64.756],[-63.12,-64.942],[-63.033,-65.08],[-63.482,-65.085],[-63.76,-65.033],[-64.038,-65.179],[-64.051,-65.417],[-63.798,-65.48],[-64.066,-65.554],[-64.653,-65.867],[-64.514,-65.96],[-64.614,-66.019],[-64.999,-65.946],[-65.267,-65.994],[-65.172,-66.117],[-65.617,-66.135],[-65.776,-66.343],[-65.678,-66.403],[-65.766,-66.625],[-65.954,-66.646],[-66.182,-66.592],[-66.371,-66.609],[-66.527,-66.741],[-66.465,-66.875],[-66.61,-67.209],[-66.902,-67.256],[-66.955,-66.985],[-67.16,-66.952],[-67.299,-67.071],[-67.493,-67.113],[-67.586,-67.435],[-67.487,-67.547],[-67.124,-67.485],[-66.705,-67.527],[-66.915,-67.693],[-67.15,-68.025],[-66.793,-68.24],[-66.894,-68.298],[-67.117,-68.575],[-67.054,-68.671],[-67.134,-68.771],[-67.391,-68.861],[-67.021,-69.029],[-66.975,-69.161],[-67.304,-69.318],[-67.372,-69.412],[-68.141,-69.348],[-68.708,-69.432],[-68.47,-69.644],[-68.404,-69.809],[-68.403,-70.02],[-67.888,-70.422],[-67.692,-70.686],[-67.505,-71.058],[-67.53,-71.285],[-67.46,-71.527],[-66.952,-71.897],[-66.828,-72.09],[-67.307,-72.611],[-67.667,-72.835],[-68,-72.936],[-68.821,-73.105],[-70.323,-73.274],[-71.017,-73.263],[-71.453,-73.354],[-71.994,-73.379],[-72.381,-73.438],[-72.929,-73.448],[-73.996,-73.7],[-74.594,-73.715],[-74.855,-73.658],[-75.293,-73.639],[-75.595,-73.711],[-76.291,-73.805],[-76.755,-73.789],[-77.135,-73.818],[-76.765,-73.566],[-76.85,-73.46],[-78.408,-73.556],[-78.786,-73.507],[-78.964,-73.312],[-79.522,-73.09],[-80.442,-72.945],[-80.614,-73.083],[-80.439,-73.225],[-80.336,-73.414],[-81.024,-73.236],[-81.262,-73.315],[-81.163,-73.632],[-81.309,-73.738],[-82.183,-73.857],[-83.042,-73.707],[-83.565,-73.706],[-84.214,-73.573],[-84.981,-73.502],[-85.582,-73.259],[-85.981,-73.208],[-86.602,-73.354],[-87.038,-73.354],[-87.401,-73.192],[-87.936,-73.241],[-88.419,-73.229],[-88.561,-73.121],[-88.195,-72.859],[-88.194,-72.787],[-88.527,-72.702],[-89.127,-72.693],[-89.341,-72.89],[-89.818,-72.863],[-90.035,-72.96],[-90.295,-72.978],[-90.274,-73.119],[-90.431,-73.243],[-90.921,-73.319],[-91.169,-73.307],[-92.241,-73.178],[-92.828,-73.165],[-93.706,-73.215],[-94.246,-73.313],[-94.586,-73.25],[-95.237,-73.22],[-96.152,-73.309],[-96.676,-73.269],[-97.476,-73.126],[-97.651,-73.144],[-98.012,-73.033],[-99.811,-73],[-100.259,-73.041],[-100.821,-72.981],[-101.681,-73.03],[-102.409,-72.987],[-102.272,-72.835],[-102.485,-72.736],[-103.11,-72.721],[-103.375,-72.819],[-103.076,-73.185],[-102.675,-73.321],[-101.189,-73.318],[-100.436,-73.353],[-100.021,-73.403],[-99.2,-73.571],[-99.781,-73.72],[-100.985,-73.757],[-101.311,-73.695],[-102.411,-73.616],[-102.8,-73.646],[-102.863,-73.784],[-102.766,-73.884],[-101.715,-74.024],[-101.587,-74.096],[-101.252,-74.486],[-100.882,-74.541],[-100.531,-74.489],[-100.119,-74.515],[-100.013,-74.662],[-100.265,-74.823],[-100.164,-74.938],[-99.652,-74.949],[-99.208,-75.079],[-98.558,-75.19],[-98.752,-75.317],[-99.531,-75.309],[-100.083,-75.37],[-100.463,-75.353],[-101.039,-75.422],[-101.304,-75.366],[-101.708,-75.127],[-103.425,-75.101],[-103.901,-75.153],[-104.16,-75.121],[-104.618,-75.156],[-104.902,-75.115],[-105.399,-75.198],[-106.619,-75.344],[-106.932,-75.309],[-107.805,-75.322],[-108.254,-75.253],[-109.272,-75.185],[-111.104,-75.191],[-111.463,-75.133],[-110.968,-74.951],[-110.532,-74.836],[-110.3,-74.711],[-110.23,-74.536],[-110.307,-74.367],[-110.534,-74.289],[-111.18,-74.188],[-111.63,-74.181],[-111.806,-74.27],[-111.696,-74.504],[-111.789,-74.572],[-111.584,-74.751],[-111.696,-74.792],[-113.092,-74.892],[-113.932,-74.982],[-113.985,-74.843],[-113.903,-74.644],[-113.333,-74.454],[-113.753,-74.367],[-113.714,-74.228],[-113.508,-74.089],[-114.346,-73.925],[-114.624,-73.903],[-114.791,-73.989],[-115.105,-74.455],[-115.223,-74.487],[-116.433,-74.447],[-117.068,-74.473],[-117.806,-74.403],[-118.342,-74.382],[-118.803,-74.422],[-119.022,-74.518],[-119.677,-74.655],[-121.544,-74.75],[-123.889,-74.773],[-124.312,-74.736],[-125.353,-74.715],[-126.384,-74.743],[-127.02,-74.698],[-127.863,-74.719],[-129.791,-74.891],[-130.196,-74.891],[-130.857,-74.826],[-131.707,-74.811],[-132.049,-74.766],[-132.992,-74.806],[-133.475,-74.852],[-134.117,-74.83],[-134.84,-74.694],[-135.362,-74.69],[-136.03,-74.765],[-136.228,-74.836],[-136.55,-75.139],[-137.09,-75.153],[-137.618,-75.076],[-139.149,-75.16],[-139.691,-75.213],[-140.294,-75.406],[-140.709,-75.498],[-141.223,-75.546],[-140.874,-75.746],[-141.506,-75.69],[-142.33,-75.491],[-143.574,-75.564],[-144.221,-75.731],[-145.106,-75.879],[-145.988,-75.889],[-146.383,-76.1],[-145.642,-76.326],[-145.886,-76.424],[-146.817,-76.318],[-147.86,-76.131],[-148.32,-76.104],[-148.895,-76.272],[-149.654,-76.365],[-148.601,-76.493],[-147.34,-76.438],[-146.777,-76.507],[-145.75,-76.749],[-145.629,-76.954],[-145.967,-77.069],[-145.516,-77.199],[-145.808,-77.273],[-145.601,-77.455],[-146.391,-77.472],[-146.928,-77.26],[-147.73,-77.31],[-148.572,-77.105],[-148.777,-77.125],[-148.744,-77.343],[-148.26,-77.413],[-148.34,-77.551],[-149.126,-77.643],[-149.718,-77.797],[-150.306,-77.731],[-150.956,-77.574],[-151.719,-77.426],[-151.998,-77.413],[-153.077,-77.442],[-153.461,-77.416],[-153.91,-77.227],[-154.815,-77.127],[-156.211,-77.106],[-156.668,-77.213],[-157.465,-77.231],[-157.842,-77.079],[-158.214,-77.157],[-158.23,-77.498],[-158.5,-77.778],[-158.286,-77.951],[-157.267,-78.2],[-156.569,-78.186],[-155.342,-78.192],[-154.293,-78.259],[-154.716,-78.398],[-155.92,-78.51],[-156.469,-78.635],[-155.21,-78.965],[-154.518,-79.047],[-153.518,-79.117],[-152.701,-79.135],[-152.244,-79.103],[-152.091,-79.242],[-151.048,-79.46],[-150.491,-79.546],[-149.051,-79.657],[-148.177,-79.776],[-148.129,-79.908],[-148.433,-79.929],[-148.317,-80.071],[-148.766,-80.108],[-149.578,-80.106],[-150.221,-80.15],[-150.575,-80.354],[-150.133,-80.51],[-149.214,-80.604],[-149.147,-80.719],[-148.023,-80.836],[-148.123,-80.901],[-152.035,-81.029],[-155.921,-81.133],[-156.528,-81.162],[-157.033,-81.319],[-154.908,-81.51],[-153.957,-81.7],[-154.717,-81.941],[-153.883,-82.177],[-153.01,-82.45],[-153.822,-82.669],[-155.15,-82.858],[-155.459,-82.981],[-157.679,-83.129],[-157.028,-83.234],[-157.428,-83.346],[-159.444,-83.543],[-160.595,-83.49],[-162.197,-83.519],[-163.111,-83.329],[-164.446,-83.468],[-164.916,-83.29],[-166.217,-83.201],[-168.418,-83.229],[-169.441,-83.096],[-171.821,-82.847],[-173.071,-82.916],[-174.066,-82.9],[-169.168,-83.45],[-167.553,-83.811],[-165.922,-83.79],[-164.951,-83.806],[-164.083,-83.946],[-164.124,-84.054],[-164.685,-84.155],[-163.765,-84.324],[-165.125,-84.375],[-163.569,-84.529],[-158.303,-84.778],[-156.986,-84.811],[-156.49,-84.889],[-156.988,-84.982],[-156.459,-85.186],[-157.127,-85.186],[-160.821,-84.987],[-162.933,-84.901],[-166.911,-84.819],[-167.492,-84.834],[-168.668,-84.684],[-171.704,-84.542],[-174.663,-84.463],[-175.875,-84.51],[-176.289,-84.418],[-177.73,-84.395],[-178.39,-84.337],[-180,-84.352],[-180,-85.058],[-180,-85.763],[-180,-86.469],[-180,-87.175],[-180,-87.881],[-180,-88.587],[-180,-89.293],[-180,-89.583],[-180,-89.999],[180,-89.999],[180,-84.352],[179.403,-84.206],[177.581,-84.075],[175.323,-83.94],[175.011,-83.839],[173.822,-83.81],[172.874,-83.673],[171.917,-83.644],[171.221,-83.475],[170.332,-83.479],[169.838,-83.399],[168.11,-83.362],[167.658,-83.272],[168.24,-83.23],[168.607,-83.065],[168.092,-82.975],[167.233,-82.952],[166.957,-82.765],[166.446,-82.722],[164.98,-82.385],[164.747,-82.354],[163.269,-82.463],[161.283,-82.49],[161.167,-82.408],[163.68,-82.187],[162.821,-81.866],[161.996,-81.653],[161.582,-81.61],[160.908,-81.39],[160.47,-81.341],[160.717,-81.2],[160.717,-80.907],[160.26,-80.787],[160.83,-80.73],[160.521,-80.583],[160.542,-80.425],[159.065,-80.443],[158.574,-80.423],[158.767,-80.293],[160.559,-80.011],[160.387,-79.879],[159.896,-79.859],[160.265,-79.737],[160.209,-79.554],[160.646,-79.427],[160.483,-79.201],[161.191,-78.979],[161.951,-79.03],[161.502,-78.677],[161.975,-78.694],[162.639,-78.898],[162.895,-78.845],[164.635,-78.603],[166.117,-78.571],[166.525,-78.695],[167.049,-78.686],[167.058,-78.518],[166.209,-78.452],[165.663,-78.306],[165.418,-78.042],[165.051,-78.226],[164.628,-78.316],[163.978,-78.224],[164.43,-78.042],[164.421,-77.883],[164.036,-77.853],[163.619,-77.582],[163.608,-77.388],[163.087,-77.032],[162.45,-76.956],[162.763,-76.746],[162.675,-76.569],[162.825,-76.464],[162.728,-76.225],[162.437,-76.155],[162.648,-76.049],[162.816,-75.846],[162.239,-75.622],[162.19,-75.467],[161.904,-75.404],[161.227,-75.386],[160.911,-75.335],[161.68,-75.218],[162.088,-75.262],[162.534,-75.167],[162.604,-74.823],[163.167,-74.602],[163.266,-74.426],[163.557,-74.417],[163.735,-74.564],[164.174,-74.523],[165.303,-74.594],[165.4,-74.479],[165.263,-74.426],[164.776,-74.029],[164.98,-73.926],[164.75,-73.559],[164.813,-73.397],[165.129,-73.383],[165.245,-73.571],[165.25,-73.782],[165.347,-73.879],[165.734,-73.867],[166.106,-73.735],[165.971,-73.631],[166.159,-73.534],[166.996,-73.544],[167.296,-73.44],[167.534,-73.447],[167.616,-73.337],[166.834,-73.224],[166.467,-72.997],[166.883,-73.011],[167.156,-73.147],[168.204,-73.13],[168.381,-73.066],[168.736,-73.091],[169.033,-73.2],[169.545,-73.05],[169.845,-72.795],[169.829,-72.729],[168.82,-72.552],[168.428,-72.383],[168.719,-72.384],[169.072,-72.469],[169.44,-72.487],[170.048,-72.601],[170.286,-72.477],[170.259,-72.371],[169.954,-72.403],[170.03,-72.116],[170.224,-71.948],[170.675,-71.969],[170.859,-71.869],[170.78,-71.745],[170.436,-71.419],[170.277,-71.444],[170.162,-71.63],[168.798,-71.275],[168.173,-71.183],[167.966,-71.092],[167.799,-70.925],[167.569,-70.81],[166.627,-70.664],[166.132,-70.633],[165.854,-70.645],[165.209,-70.571],[164.716,-70.557],[164.403,-70.51],[163.998,-70.637],[163.349,-70.621],[163.026,-70.501],[162.675,-70.305],[162.216,-70.334],[162.022,-70.44],[162.04,-70.625],[162.287,-70.969],[161.916,-70.907],[161.625,-70.916],[161.425,-70.827],[161.037,-70.317],[160.652,-70.081],[160.21,-69.975],[160.126,-69.734],[159.784,-69.522],[159.386,-69.468],[158.158,-69.209],[157.776,-69.205],[157.481,-69.309],[157.046,-69.176],[156.489,-69.183],[156.011,-69.078],[155.52,-69.024],[154.988,-68.841],[154.2,-68.418],[153.908,-68.323],[153.785,-68.35],[153.767,-68.641],[153.705,-68.729],[153.082,-68.857],[152.814,-68.768],[152.546,-68.73],[151.562,-68.694],[151.289,-68.817],[151.139,-68.764],[151.068,-68.385],[150.936,-68.358],[150.342,-68.436],[149.717,-68.418],[148.881,-68.431],[148.456,-68.467],[147.569,-68.375],[147.094,-68.369],[146.798,-68.274],[146.897,-68.12],[146.828,-67.965],[145.975,-67.624],[145.556,-67.591],[145.128,-67.626],[144.879,-67.721],[144.404,-67.794],[144.189,-67.9],[143.942,-67.794],[144.154,-67.644],[144.26,-67.479],[144.515,-67.283],[144.621,-67.141],[144.551,-67.036],[144.348,-67.018],[144.118,-67.088],[143.911,-67.091],[143.863,-66.939],[143.73,-66.877],[143.448,-66.877],[142.888,-67],[142.688,-67.013],[142.327,-66.948],[141.973,-66.807],[141.517,-66.794],[141.286,-66.832],[140.902,-66.752],[139.9,-66.715],[139.242,-66.574],[138.14,-66.544],[137.754,-66.406],[137.336,-66.346],[136.889,-66.34],[136.553,-66.439],[136.194,-66.292],[135.352,-66.127],[134.971,-66.33],[134.77,-66.353],[134.398,-66.48],[134.289,-66.477],[134.179,-66.277],[133.843,-66.154],[133.445,-66.081],[133.148,-66.095],[132.874,-66.178],[132.32,-66.165],[131.831,-66.236],[130.952,-66.191],[130.579,-66.209],[130.121,-66.292],[129.741,-66.469],[129.237,-67.042],[128.982,-67.098],[128.816,-67.08],[128.431,-67.119],[127.968,-67.028],[127.541,-67.051],[126.874,-66.759],[126.665,-66.498],[125.866,-66.364],[125.398,-66.424],[125.095,-66.641],[124.598,-66.708],[124.196,-66.601],[123.969,-66.608],[123.222,-66.745],[122.183,-66.859],[121.488,-67.091],[120.979,-67.136],[120.4,-67.236],[119.133,-67.371],[118.922,-67.32],[119.281,-67.199],[119.954,-67.076],[119.768,-66.992],[118.965,-67.145],[118.519,-67.161],[118.139,-67.082],[117.745,-67.129],[117.132,-67.114],[116.713,-67.047],[116.509,-67.108],[115.885,-67.202],[115.384,-67.238],[115.172,-67.308],[114.658,-67.388],[114.027,-67.441],[113.913,-67.368],[113.991,-67.212],[114.571,-67.108],[115.274,-67.028],[115.442,-66.958],[115.635,-66.771],[115.31,-66.561],[115.082,-66.493],[114.619,-66.468],[114.337,-66.36],[113.954,-66.06],[113.71,-65.93],[113.099,-65.8],[112.548,-65.848],[111.453,-65.961],[110.907,-66.077],[110.587,-66.312],[110.622,-66.524],[110.437,-66.621],[109.824,-66.834],[109.463,-66.909],[108.91,-66.862],[108.376,-66.766],[108.158,-66.639],[107.785,-66.664],[107.667,-66.58],[107.171,-66.47],[106.387,-66.411],[105,-66.164],[104.667,-66.137],[104.289,-66.039],[103.951,-65.988],[103.639,-65.999],[103.167,-65.917],[102.674,-65.865],[102.174,-65.954],[101.474,-65.951],[101.327,-66.1],[100.889,-66.358],[100.212,-66.474],[99.37,-66.648],[98.859,-66.671],[98.72,-66.553],[98.258,-66.467],[97.72,-66.607],[97.388,-66.579],[97.101,-66.499],[96.424,-66.6],[95.541,-66.631],[95.084,-66.527],[94.84,-66.501],[94.587,-66.544],[94.313,-66.647],[93.964,-66.69],[93.358,-66.585],[93.075,-66.571],[92.731,-66.624],[92.486,-66.604],[92.073,-66.508],[91.546,-66.572],[91.022,-66.603],[90.547,-66.734],[89.698,-66.823],[88.789,-66.792],[88.314,-66.817],[87.98,-66.788],[87.085,-66.94],[86.75,-67.037],[86.118,-67.055],[85.711,-67.161],[85.429,-67.161],[84.748,-67.102],[84.485,-67.114],[84.161,-67.244],[83.904,-67.292],[83.494,-67.441],[83.304,-67.603],[82.607,-67.613],[82.273,-67.692],[82.017,-67.69],[81.187,-67.831],[80.363,-67.947],[79.288,-68.119],[78.726,-68.278],[78.563,-68.394],[78.489,-68.626],[78.015,-68.892],[77.817,-69.069],[77.541,-69.174],[77.192,-69.206],[76.36,-69.49],[76.112,-69.487],[75.891,-69.576],[75.821,-69.725],[75.636,-69.849],[75.424,-69.893],[75.148,-69.855],[74.571,-69.88],[73.942,-69.743],[73.676,-69.826],[73.325,-69.849],[72.822,-70.096],[72.744,-70.239],[72.76,-70.396],[72.263,-70.657],[71.905,-70.707],[71.771,-70.801],[71.465,-71.155],[71.277,-71.624],[71.079,-71.737],[70.616,-71.842],[70.573,-71.931],[70.294,-72.055],[69.962,-72.133],[69.555,-72.375],[68.42,-72.515],[67.971,-72.751],[67.971,-73.086],[67.322,-73.3],[67.003,-73.236],[66.569,-73.209],[66.498,-73.125],[66.892,-72.949],[67.113,-72.641],[67.432,-72.003],[68.037,-71.391],[68.624,-71.181],[68.873,-71.035],[69.188,-70.705],[69.25,-70.431],[69.021,-70.325],[68.559,-70.412],[67.941,-70.423],[67.659,-70.326],[67.268,-70.273],[67.575,-70.088],[68.178,-69.837],[68.415,-69.902],[68.744,-69.921],[69.083,-69.867],[69.188,-69.655],[68.88,-69.47],[68.906,-69.373],[69.372,-69.331],[69.629,-69.232],[69.531,-69.024],[69.646,-68.932],[69.534,-68.737],[69.982,-68.464],[69.603,-68.041],[69.656,-67.865],[69.416,-67.743],[68.9,-67.862],[68.328,-67.89],[68.099,-67.854],[67.175,-67.768],[66.488,-67.766],[65.708,-67.716],[64.574,-67.62],[63.699,-67.508],[63.238,-67.527],[62.688,-67.648],[62.174,-67.575],[61.309,-67.54],[60.482,-67.385],[59.868,-67.403],[59.65,-67.459],[59.251,-67.485],[58.737,-67.23],[57.627,-67.014],[57.361,-67.053],[56.892,-67.056],[56.562,-67.116],[56.155,-67.265],[55.803,-67.199],[56.391,-66.974],[56.453,-66.78],[56.146,-66.626],[56.295,-66.603],[56.824,-66.713],[57.185,-66.613],[56.859,-66.423],[56.362,-66.373],[55.71,-66.08],[55.29,-65.954],[54.948,-65.916],[53.672,-65.859],[52.955,-65.946],[52.378,-65.969],[51.885,-66.02],[50.937,-66.315],[50.588,-66.356],[50.332,-66.445],[50.244,-66.603],[50.306,-66.753],[50.521,-66.82],[50.509,-66.939],[50.606,-67.15],[50.553,-67.194],[50.006,-67.175],[49.247,-66.942],[48.83,-66.938],[48.465,-67.043],[48.714,-67.217],[49.219,-67.227],[49.053,-67.352],[48.63,-67.521],[48.648,-67.794],[48.551,-67.926],[48.322,-67.917],[48.322,-67.785],[48.21,-67.699],[47.959,-67.66],[47.49,-67.728],[47.117,-67.573],[47.403,-67.409],[46.884,-67.275],[46.56,-67.268],[46.317,-67.402],[46.437,-67.533],[46.399,-67.618],[45.888,-67.66],[45.569,-67.736],[45.197,-67.731],[44.99,-67.769],[44.7,-67.904],[43.554,-68.046],[43.171,-68.06],[42.82,-68.123],[42.409,-68.352],[41.825,-68.433],[41.133,-68.575],[40.817,-68.724],[40.484,-68.739],[40.042,-68.868],[39.864,-68.967],[39.762,-69.173],[39.705,-69.426],[39.487,-69.608],[38.859,-70.006],[38.886,-70.172],[38.499,-70.056],[38.144,-69.824],[37.787,-69.726],[37.56,-69.718],[37.115,-69.81],[36.719,-69.652],[36.018,-69.662],[35.225,-69.637],[35.131,-69.487],[34.75,-69.168],[34.596,-69.095],[33.814,-69.099],[33.772,-69.02],[34.219,-68.791],[34.193,-68.702],[33.466,-68.671],[33.121,-68.689],[32.776,-68.783],[32.642,-68.869],[32.568,-69.074],[32.903,-69.379],[32.989,-69.624],[32.81,-69.909],[32.621,-70.001],[32.16,-70.1],[31.379,-70.226],[31.063,-70.225],[30.003,-70.3],[29.464,-70.406],[28.912,-70.583],[28.386,-70.682],[27.698,-70.772],[27.207,-70.911],[26.499,-71.02],[25.974,-71.037],[25.65,-70.991],[25.187,-70.971],[24.757,-70.892],[24.386,-70.704],[24.386,-70.537],[24.236,-70.449],[23.804,-70.405],[23.665,-70.575],[23.407,-70.723],[22.979,-70.81],[22.445,-70.74],[22.234,-70.643],[22.396,-70.561],[22.366,-70.475],[21.962,-70.3],[21.705,-70.258],[21.337,-70.495],[21.071,-70.843],[20.128,-70.918],[19.265,-70.902],[19.027,-70.674],[19.196,-70.293],[18.877,-70.201],[18.433,-70.29],[18.232,-70.518],[18.125,-70.54],[16.709,-70.397],[16.585,-70.204],[16.381,-70.145],[16.025,-70.193],[15.807,-70.324],[15.064,-70.295],[14.492,-70.3],[13.823,-70.343],[13.298,-70.23],[13.066,-70.054],[12.626,-70.066],[12.595,-70.117],[12.929,-70.213],[12.462,-70.37],[12.068,-70.617],[11.701,-70.767],[11.204,-70.729],[10.218,-70.508],[9.886,-70.403],[9.613,-70.269],[9.142,-70.184],[8.817,-70.391],[8.523,-70.474],[8.307,-70.462],[7.677,-70.356],[7.401,-70.494],[6.508,-70.586],[5.113,-70.656],[3.507,-70.844],[2.609,-70.9],[1.909,-71.004],[0.835,-71.202],[0.154,-71.398],[-0.327,-71.642],[-0.543,-71.713],[-0.76,-71.63],[-0.896,-71.349],[-1.216,-71.284],[-1.354,-71.387],[-2.015,-71.433],[-2.261,-71.357],[-2.812,-71.321],[-3.713,-71.375],[-4.45,-71.328],[-5.95,-71.342],[-6.117,-71.326],[-6.08,-71.154],[-5.709,-70.968],[-5.588,-70.857],[-5.695,-70.745],[-5.936,-70.713],[-6.838,-70.845],[-7.388,-70.787],[-7.753,-70.843],[-7.873,-70.94],[-7.618,-71.121],[-7.714,-71.546],[-7.916,-71.635],[-8.646,-71.673],[-8.966,-71.361],[-9.231,-71.174],[-9.888,-71.027],[-10.099,-70.926],[-10.331,-71.024],[-10.033,-71.131],[-10.52,-71.296],[-10.825,-71.553],[-11.663,-71.331],[-12.074,-71.297],[-12.351,-71.39],[-12.148,-71.614],[-11.333,-71.786],[-11.009,-71.758],[-10.958,-71.902],[-11.497,-72.413],[-12.095,-72.498],[-12.747,-72.629],[-13.209,-72.785],[-13.603,-72.792],[-14.298,-72.733],[-14,-73.001],[-14.321,-73.123],[-15.007,-73.047],[-15.596,-73.097],[-15.803,-73.152],[-16.149,-73.334],[-16.435,-73.426],[-16.519,-73.644],[-15.936,-73.758],[-16.22,-73.916],[-15.749,-73.946],[-15.26,-73.889],[-14.611,-73.852],[-14.574,-73.937],[-15.29,-74.281],[-15.673,-74.407],[-16.43,-74.324],[-17.299,-74.334],[-17.436,-74.379],[-17.923,-74.699],[-18.221,-74.975],[-18.517,-75.052],[-18.749,-75.242],[-18.517,-75.39],[-18.851,-75.47],[-19.493,-75.54],[-20.487,-75.492],[-20.783,-75.594],[-21.434,-75.683],[-21.948,-75.694],[-22.465,-75.661],[-23.197,-75.718],[-24.27,-75.767],[-26.059,-75.957],[-27.135,-76.157],[-28.079,-76.258],[-28.934,-76.37],[-30.222,-76.66],[-30.489,-76.762],[-31.676,-77.033],[-32.063,-77.16],[-32.614,-77.141],[-33.591,-77.311],[-34.076,-77.425],[-34.551,-77.729],[-35.088,-77.837],[-35.509,-78.041],[-36.181,-78.468],[-36.239,-78.774],[-35.516,-78.933],[-34.995,-78.978],[-34.197,-79.11],[-32.994,-79.229],[-32.542,-79.222],[-31.413,-79.145],[-30.645,-79.124],[-30.316,-79.163],[-30.178,-79.304],[-30.211,-79.485],[-29.949,-79.599],[-25.259,-79.762],[-24.3,-79.771],[-23.407,-79.859],[-23.574,-79.965],[-24.24,-80.062],[-29.329,-80.172],[-30.425,-80.28],[-31.015,-80.308],[-31.312,-80.45],[-32.256,-80.461],[-35.327,-80.651],[-35.966,-80.891],[-36.812,-80.975],[-37.209,-81.064],[-38.772,-80.882],[-39.762,-81.032],[-40.441,-81.165],[-40.915,-81.172],[-41.434,-81.298],[-42.046,-81.598],[-42.565,-81.762],[-43.18,-82.017],[-43.669,-82.27],[-45.044,-82.438],[-46.175,-82.512],[-46.517,-82.455],[-46.046,-82.159],[-46.258,-81.947],[-47.36,-82.004],[-48.361,-81.892],[-50.653,-81.975],[-52.415,-82.135],[-53.339,-82.145],[-53.986,-82.201],[-55.295,-82.465],[-55.801,-82.478],[-56.318,-82.633],[-57.354,-82.84],[-59.516,-83.458],[-60.983,-83.428],[-61.59,-83.341],[-61.2,-83.098],[-61.218,-82.992],[-61.917,-82.977],[-62.736,-82.527],[-62.095,-82.467],[-60.817,-82.276],[-60.859,-82.187],[-61.902,-82.271],[-62.645,-82.263],[-64.92,-82.371],[-65.913,-82.183],[-65.787,-82.046],[-65.916,-81.902],[-64.137,-81.869],[-64.19,-81.795],[-65.487,-81.775],[-65.62,-81.729],[-64.696,-81.652],[-62.542,-81.678],[-62.49,-81.557],[-64.75,-81.522],[-65.574,-81.461],[-67.965,-81.148],[-68.59,-80.968],[-69.182,-81.005],[-69.772,-80.962],[-70.239,-80.857],[-70.56,-80.647],[-71.018,-80.619],[-72.174,-80.764],[-73.029,-80.917],[-73.938,-80.816],[-74.807,-80.887],[-75.237,-80.803],[-75.709,-80.383],[-76.407,-80.095],[-77.16,-80.153],[-78.176,-80.167],[-79.66,-79.997],[-77.702,-80.01],[-77.222,-79.994],[-76.558,-79.904],[-76.032,-79.627],[-76.218,-79.387],[-76.499,-79.326],[-79.456,-79.304],[-80.151,-79.268],[-80.489,-79.321],[-80.535,-79.513],[-80.892,-79.502],[-81.222,-79.298],[-81.661,-79.1],[-83.26,-78.774],[-83.763,-78.461],[-83.246,-78.357],[-83.688,-78.148],[-83.779,-77.984],[-82.608,-78.412],[-81.929,-78.559],[-80.292,-78.823],[-79.767,-78.821],[-78.712,-78.752],[-77.869,-78.746],[-77.545,-78.66],[-77.433,-78.435],[-77.858,-78.351],[-79.51,-78.154],[-81.441,-77.886],[-80.602,-77.752],[-79.679,-77.843],[-77.742,-77.94],[-76.438,-78.044],[-75.398,-78.158],[-74.812,-78.178],[-74.042,-78.109],[-73.252,-77.894],[-72.875,-77.694],[-72.852,-77.59],[-73.478,-77.536],[-74.581,-77.478],[-75.387,-77.474],[-76.249,-77.275],[-77.168,-76.834],[-77.19,-76.63],[-76.244,-76.585],[-75.659,-76.608],[-75.268,-76.581],[-73.88,-76.697],[-73.472,-76.675],[-72.722,-76.689],[-71.799,-76.753],[-70.895,-76.739],[-70.096,-76.654],[-69.915,-76.522],[-69.304,-76.351],[-67.518,-76.11],[-66.37,-76.013],[-65.322,-75.815],[-65.044,-75.787],[-64.053,-75.58],[-63.363,-75.451],[-63.304,-75.352],[-64.28,-75.293],[-63.858,-75.206],[-63.231,-75.154],[-63.337,-75.035],[-63.925,-75.004],[-63.559,-74.906],[-63.125,-74.85],[-63.178,-74.684],[-62.708,-74.737],[-62.567,-74.896],[-62.372,-74.952],[-61.928,-74.863],[-61.894,-74.713],[-62.226,-74.506],[-61.64,-74.514],[-61.011,-74.478],[-60.704,-74.307],[-60.784,-74.241],[-61.332,-74.329],[-61.843,-74.29],[-61.571,-74.195],[-61.227,-74.208],[-61.042,-74.122],[-61.319,-74.036],[-61.838,-74.032],[-61.692,-73.924],[-61.404,-73.896],[-61.203,-73.957],[-60.903,-73.871],[-60.79,-73.712],[-60.879,-73.612],[-61.405,-73.467],[-61.637,-73.5],[-61.788,-73.255],[-61.428,-73.191],[-61.081,-73.328],[-60.561,-73.211],[-60.122,-73.275],[-59.957,-73.031],[-60.149,-72.938],[-60.385,-73.007],[-60.532,-72.832],[-60.532,-72.673],[-60.939,-72.7],[-61.286,-72.601],[-61.28,-72.468],[-60.73,-72.426],[-60.665,-72.362],[-60.719,-72.073],[-60.952,-72.05],[-61.31,-72.113],[-61.628,-72.053],[-61.894,-72.071],[-62.257,-72.018],[-61.939,-71.904],[-61.035,-71.82],[-60.949,-71.747],[-61.081,-71.589],[-61.214,-71.564],[-61.563,-71.675],[-61.79,-71.616],[-61.516,-71.479],[-61.003,-71.319],[-61.017,-71.167],[-61.252,-71.002],[-61.313,-70.868],[-61.702,-70.857],[-61.961,-70.901],[-61.994,-70.729],[-61.696,-70.676],[-61.491,-70.57],[-61.505,-70.491],[-62.001,-70.497],[-62.378,-70.365],[-62.218,-70.233],[-61.961,-70.12],[-62.202,-70.028],[-62.407,-69.827],[-62.451,-69.584],[-62.587,-69.477],[-62.994,-69.329],[-63.456,-69.042],[-63.478,-68.951],[-63.344,-68.81],[-63.747,-68.705],[-63.707,-68.592],[-63.348,-68.499],[-63.796,-68.47],[-64.169,-68.583],[-64.078,-68.771],[-64.429,-68.746],[-64.898,-68.673],[-65.242,-68.583],[-64.996,-68.408],[-65.331,-68.364],[-65.365,-68.287],[-64.896,-68.168],[-65.64,-68.131],[-65.469,-68.009],[-65.6,-67.876],[-65.418,-67.66],[-65.523,-67.445],[-65.443,-67.326],[-65.249,-67.342],[-64.819,-67.307],[-64.878,-67.025],[-64.686,-66.806],[-64.043,-66.927],[-63.755,-66.873],[-63.809,-66.761],[-64.078,-66.654],[-63.756,-66.409],[-63.753,-66.278],[-63.587,-66.242],[-63.258,-66.264],[-62.705,-66.68],[-62.615,-66.436],[-62.755,-66.31],[-62.682,-66.237],[-62.241,-66.197],[-61.875,-66.296],[-61.526,-66.226],[-61.432,-66.145],[-61.15,-66.212],[-60.903,-66.191],[-60.565,-65.979],[-60.618,-65.933],[-60.988,-65.94],[-61.266,-65.98],[-61.359,-66.059],[-61.839,-66.12],[-62.169,-66.031],[-62.305,-65.84],[-61.991,-65.589],[-62.145,-65.332],[-61.948,-65.192],[-61.663,-65.239],[-61.577,-65.186],[-61.736,-65.033],[-61.603,-64.988],[-61.332,-65.024],[-61.06,-64.981],[-60.66,-64.729],[-59.963,-64.431],[-59.765,-64.451],[-59.573,-64.531],[-59.547,-64.359],[-59.229,-64.444],[-58.895,-64.389],[-58.799,-64.293],[-58.839,-64.187],[-58.532,-63.915],[-58.263,-63.763],[-57.857,-63.657],[-57.461,-63.514],[-57.152,-63.479],[-57.119,-63.638],[-56.835,-63.631],[-57.021,-63.373]]],[[[-45.223,-78.811],[-45.068,-78.661],[-43.947,-78.598],[-43.809,-78.287],[-44.34,-78.093],[-45.53,-77.881],[-46.258,-77.805],[-46.826,-77.785],[-47.692,-77.84],[-49.081,-78.047],[-49.354,-78.222],[-50.22,-78.605],[-50.377,-78.78],[-50.242,-78.833],[-50.502,-78.95],[-50.52,-79.104],[-50.733,-79.283],[-50.379,-79.338],[-50.339,-79.479],[-50.664,-79.627],[-51.711,-79.99],[-52.297,-80.141],[-53.482,-80.189],[-54.045,-80.487],[-54.347,-80.569],[-54.351,-80.76],[-54.162,-80.87],[-49.773,-80.784],[-49.187,-80.643],[-43.528,-80.191],[-43.758,-80.021],[-43.267,-79.979],[-42.99,-79.801],[-42.965,-79.477],[-43.544,-78.902],[-43.722,-78.818],[-45.223,-78.811]]],[[[-59.734,-80.344],[-59.498,-80.115],[-59.788,-80.101],[-59.706,-79.875],[-59.873,-79.777],[-60.579,-79.741],[-61.343,-79.887],[-61.302,-79.996],[-61.684,-80.02],[-61.694,-80.134],[-61.313,-80.307],[-62.519,-80.373],[-65.98,-80.384],[-66.377,-80.222],[-66.771,-80.294],[-66.184,-80.442],[-64.268,-80.749],[-64.065,-80.65],[-63.144,-80.595],[-62.94,-80.766],[-62.023,-80.889],[-60.583,-80.948],[-59.825,-80.733],[-59.734,-80.344]]],[[[-70.051,-69.189],[-70.105,-68.959],[-70.417,-68.789],[-71.392,-68.874],[-71.869,-68.941],[-72.058,-69.001],[-72.138,-69.115],[-72.081,-69.267],[-71.743,-69.423],[-71.718,-69.524],[-71.852,-69.807],[-71.854,-69.969],[-71.696,-70.068],[-71.121,-70.196],[-70.72,-70.139],[-70.328,-70.16],[-69.975,-70.36],[-70.328,-70.361],[-71.061,-70.537],[-71.19,-70.66],[-71.049,-70.762],[-70.299,-70.836],[-69.83,-70.914],[-69.835,-71.093],[-70.268,-70.965],[-70.741,-70.993],[-71.194,-70.985],[-71.504,-71.112],[-71.719,-71.145],[-72.356,-71.075],[-72.71,-71.073],[-73.06,-71.127],[-72.905,-71.223],[-72.43,-71.275],[-72.622,-71.388],[-73.397,-71.321],[-73.604,-71.351],[-73.545,-71.573],[-74.187,-71.383],[-74.425,-71.457],[-74.392,-71.638],[-74.863,-71.543],[-75.293,-71.615],[-75.353,-71.878],[-74.786,-72.064],[-74.429,-72.056],[-74.209,-72.142],[-73.899,-72.152],[-73.537,-72.022],[-73.83,-71.87],[-73.633,-71.835],[-72.928,-71.922],[-72.412,-71.662],[-72.259,-71.641],[-71.816,-71.822],[-71.355,-71.836],[-70.821,-71.907],[-71.107,-72.047],[-71.898,-72.121],[-71.661,-72.25],[-71.413,-72.284],[-70.641,-72.17],[-70.206,-72.228],[-70.428,-72.323],[-70.873,-72.366],[-72.135,-72.331],[-72.618,-72.275],[-72.855,-72.304],[-73.086,-72.408],[-72.888,-72.547],[-72.531,-72.59],[-72.367,-72.67],[-71.846,-72.639],[-70.731,-72.623],[-70.543,-72.664],[-69.209,-72.534],[-69.149,-72.427],[-68.64,-72.21],[-68.461,-72.085],[-68.241,-71.822],[-68.278,-71.097],[-68.336,-70.856],[-68.731,-70.408],[-69.091,-70.09],[-69.417,-69.583],[-69.708,-69.321],[-70.051,-69.189]]],[[[-98.091,-71.912],[-98.189,-71.82],[-98.615,-71.764],[-98.965,-71.854],[-99.254,-71.972],[-99.563,-71.945],[-99.833,-72.046],[-100.085,-71.837],[-102.128,-71.985],[-102.265,-72.135],[-102.022,-72.185],[-101.602,-72.176],[-100.357,-72.278],[-100.195,-72.273],[-99.149,-72.472],[-98.641,-72.49],[-98.408,-72.548],[-97.828,-72.557],[-97.25,-72.521],[-97.028,-72.574],[-96.693,-72.548],[-96.052,-72.577],[-96.078,-72.454],[-95.575,-72.41],[-95.531,-72.249],[-95.609,-72.068],[-96.799,-72.259],[-96.715,-72.132],[-96.298,-72.045],[-96.125,-71.896],[-96.383,-71.836],[-96.869,-71.851],[-97.089,-71.944],[-97.242,-72.132],[-97.582,-72.095],[-97.473,-72],[-97.585,-71.883],[-97.816,-71.919],[-97.923,-72.117],[-98.168,-72.123],[-98.091,-71.912]]],[[[-120.556,-73.756],[-121.497,-73.733],[-122.436,-73.682],[-123.112,-73.682],[-123.346,-73.843],[-123.035,-73.838],[-122.625,-73.966],[-122.881,-74.099],[-122.765,-74.219],[-122.859,-74.343],[-122.287,-74.403],[-121.062,-74.337],[-120.99,-74.157],[-120.272,-73.989],[-120.556,-73.756]]],[[[-126.33,-73.286],[-127.268,-73.304],[-127.414,-73.516],[-127.233,-73.586],[-127.232,-73.713],[-126.838,-73.657],[-126.496,-73.7],[-126.472,-73.812],[-124.873,-74.208],[-123.837,-74.226],[-123.8,-74.076],[-124.152,-73.944],[-124.129,-73.834],[-124.54,-73.74],[-124.993,-73.83],[-125.327,-73.796],[-125.674,-73.822],[-125.828,-73.718],[-125.276,-73.691],[-125.736,-73.406],[-126.33,-73.286]]],[[[-159.053,-79.807],[-158.997,-79.735],[-159.684,-79.402],[-161.643,-78.901],[-162.39,-78.76],[-163.256,-78.722],[-163.815,-78.929],[-164.126,-78.995],[-164.282,-79.246],[-164.226,-79.321],[-163.712,-79.442],[-161.866,-79.704],[-160.302,-79.845],[-159.053,-79.807]]],[[[167.084,-77.322],[166.987,-77.187],[166.716,-77.162],[166.413,-77.252],[166.626,-77.377],[166.237,-77.547],[166.729,-77.851],[167.392,-77.649],[168.323,-77.683],[168.755,-77.653],[169.353,-77.525],[169.276,-77.455],[168.451,-77.386],[167.461,-77.394],[167.084,-77.322]]],[[[-31.119,-79.798],[-31.605,-79.645],[-32,-79.732],[-31.824,-79.85],[-30.844,-79.938],[-30.422,-80.011],[-29.614,-79.91],[-29.871,-79.823],[-30.66,-79.733],[-31.119,-79.798]]],[[[-33.934,-79.32],[-34.392,-79.223],[-35.535,-79.09],[-36.048,-79.181],[-36.566,-79.209],[-36.481,-79.294],[-34.05,-79.357],[-33.934,-79.32]]],[[[-70.334,-79.68],[-69.732,-79.618],[-69.686,-79.443],[-69.251,-79.21],[-68.638,-79.013],[-67.481,-78.682],[-66.728,-78.384],[-67.038,-78.316],[-67.479,-78.362],[-69.398,-78.686],[-69.972,-78.809],[-70.544,-78.884],[-71.254,-79.06],[-71.667,-79.246],[-71.784,-79.444],[-71.526,-79.624],[-70.984,-79.674],[-70.334,-79.68]]],[[[-57.846,-64.054],[-57.779,-63.868],[-57.926,-63.806],[-58.275,-63.916],[-58.425,-64.068],[-58.147,-64.097],[-58.138,-64.206],[-58.304,-64.315],[-57.703,-64.293],[-57.581,-64.35],[-57.328,-64.238],[-57.249,-64.097],[-57.593,-63.967],[-57.846,-64.054]]],[[[-55.528,-63.174],[-55.59,-63.128],[-56.042,-63.157],[-56.385,-63.234],[-56.505,-63.334],[-56.379,-63.437],[-55.75,-63.297],[-55.594,-63.336],[-55.157,-63.353],[-55.156,-63.205],[-55.528,-63.174]]],[[[-57.978,-61.912],[-58.399,-61.938],[-58.684,-62.008],[-58.955,-62.164],[-58.594,-62.248],[-58.467,-62.137],[-58.148,-62.063],[-57.963,-62.078],[-57.677,-61.942],[-57.978,-61.912]]],[[[-63.181,-64.47],[-63.334,-64.266],[-63.486,-64.261],[-63.683,-64.343],[-63.674,-64.421],[-63.867,-64.51],[-64.171,-64.582],[-64.272,-64.698],[-64.007,-64.769],[-63.647,-64.803],[-63.558,-64.734],[-63.275,-64.717],[-63.026,-64.611],[-63.181,-64.47]]],[[[-62.326,-64.424],[-62.186,-64.369],[-62.058,-64.138],[-62.269,-64.09],[-62.329,-64.013],[-62.545,-64.046],[-62.611,-64.116],[-62.48,-64.211],[-62.747,-64.472],[-62.326,-64.424]]],[[[-67.988,-67.474],[-68.175,-67.344],[-67.688,-67.147],[-67.968,-67.032],[-67.932,-66.845],[-67.681,-66.709],[-67.831,-66.624],[-68.336,-66.802],[-68.82,-67.234],[-69.082,-67.403],[-69.098,-67.603],[-68.901,-67.744],[-68.58,-67.733],[-68.381,-67.555],[-68.175,-67.558],[-67.988,-67.474]]],[[[-73.707,-70.635],[-74.038,-70.553],[-74.225,-70.615],[-74.456,-70.587],[-74.469,-70.727],[-75.007,-70.609],[-75.21,-70.773],[-76.035,-70.836],[-76.5,-70.941],[-76.421,-71.09],[-76.176,-71.132],[-74.806,-71.012],[-74.205,-70.924],[-73.695,-70.794],[-73.55,-70.723],[-73.707,-70.635]]],[[[-74.987,-69.728],[-75.265,-69.749],[-75.34,-69.84],[-75.681,-69.882],[-75.813,-69.984],[-75.727,-70.096],[-74.849,-70.179],[-74.672,-70.132],[-74.438,-69.95],[-74.81,-69.752],[-74.987,-69.728]]],[[[-74.354,-73.098],[-74.224,-72.997],[-74.474,-72.894],[-75.377,-72.82],[-75.731,-72.879],[-75.439,-72.994],[-76.018,-73.085],[-76.053,-73.255],[-75.901,-73.333],[-74.575,-73.611],[-74.366,-73.464],[-74.668,-73.275],[-74.354,-73.098]]],[[[-91.161,-73.182],[-90.776,-72.993],[-90.807,-72.611],[-91.304,-72.547],[-91.67,-72.624],[-91.357,-72.909],[-91.45,-72.968],[-91.511,-73.196],[-91.161,-73.182]]],[[[167.643,-78.141],[167.422,-78.006],[166.864,-78.196],[166.111,-78.09],[166.122,-78.275],[166.626,-78.284],[166.936,-78.222],[167.377,-78.249],[167.643,-78.141]]],[[[100.981,-65.678],[101.238,-65.565],[101.221,-65.472],[100.883,-65.378],[100.607,-65.396],[100.409,-65.466],[100.27,-65.603],[100.547,-65.701],[100.981,-65.678]]],[[[26.857,-70.381],[26.686,-70.114],[26.301,-70.072],[25.983,-70.2],[26.005,-70.373],[26.47,-70.448],[26.857,-70.381]]],[[[-5.894,-70.552],[-6.068,-70.405],[-6.438,-70.453],[-6.156,-70.612],[-5.894,-70.552]]],[[[-3.28,-70.534],[-2.738,-70.507],[-2.714,-70.32],[-2.95,-70.28],[-3.287,-70.344],[-3.497,-70.488],[-3.28,-70.534]]],[[[-66.174,-80.078],[-65.504,-79.954],[-65.579,-79.771],[-66.014,-79.624],[-66.979,-79.569],[-67.719,-79.62],[-67.077,-79.762],[-66.904,-79.909],[-66.41,-79.973],[-66.174,-80.078]]],[[[-67.262,-79.453],[-67.069,-79.268],[-67.475,-79.223],[-68.033,-79.227],[-68.422,-79.333],[-68.549,-79.437],[-67.434,-79.501],[-67.262,-79.453]]],[[[-55.165,-61.22],[-55.058,-61.169],[-54.671,-61.117],[-55.387,-61.073],[-55.297,-61.249],[-55.165,-61.22]]],[[[-55.873,-63.536],[-55.719,-63.492],[-55.858,-63.407],[-56.21,-63.437],[-56.178,-63.513],[-55.873,-63.536]]],[[[-57.24,-64.567],[-56.991,-64.468],[-57.023,-64.352],[-57.446,-64.46],[-57.433,-64.54],[-57.24,-64.567]]],[[[-56.06,-63.079],[-56.062,-63.013],[-56.489,-62.982],[-56.614,-63.045],[-56.354,-63.169],[-56.06,-63.079]]],[[[-61.998,-69.722],[-61.807,-69.515],[-61.816,-69.376],[-62.118,-69.215],[-62.442,-69.146],[-62.496,-69.288],[-62.216,-69.495],[-62.172,-69.637],[-61.998,-69.722]]],[[[-60.625,-62.56],[-60.732,-62.491],[-60.975,-62.592],[-61.063,-62.679],[-60.378,-62.617],[-60.221,-62.745],[-60.003,-62.618],[-60.14,-62.549],[-60.625,-62.56]]],[[[-71.985,-69.698],[-72.331,-69.492],[-72.726,-69.413],[-72.957,-69.529],[-72.777,-69.645],[-72.202,-69.74],[-71.985,-69.698]]],[[[-95.027,-72.665],[-94.426,-72.613],[-94.514,-72.492],[-95.216,-72.599],[-95.027,-72.665]]],[[[-104.538,-73.166],[-104.972,-72.941],[-105.132,-72.992],[-105.053,-73.126],[-104.881,-73.201],[-104.538,-73.166]]],[[[-119.549,-74.11],[-119.059,-73.998],[-118.877,-73.878],[-118.959,-73.809],[-119.516,-73.775],[-119.803,-73.815],[-119.662,-73.989],[-119.905,-74.082],[-119.549,-74.11]]],[[[-127.366,-74.623],[-127.145,-74.48],[-127.853,-74.332],[-128.133,-74.327],[-128.096,-74.466],[-127.817,-74.575],[-127.366,-74.623]]],[[[-161.994,-83.119],[-161.635,-83.027],[-162.798,-82.865],[-163.796,-82.843],[-163.552,-82.988],[-163.047,-83.097],[-161.994,-83.119]]],[[[-160.467,-81.589],[-160.938,-81.463],[-162.456,-81.313],[-163.201,-81.281],[-163.869,-81.324],[-163.766,-81.445],[-163.253,-81.482],[-160.467,-81.589]]],[[[163.976,-74.833],[164.208,-74.608],[163.742,-74.712],[163.976,-74.833]]],[[[169.844,-73.605],[169.96,-73.514],[169.783,-73.324],[169.479,-73.539],[169.844,-73.605]]],[[[96.613,-66.036],[96.399,-66.08],[96.395,-66.225],[96.934,-66.201],[96.932,-66.058],[96.613,-66.036]]],[[[103.397,-65.445],[103.186,-65.331],[103.137,-65.191],[102.893,-65.13],[102.789,-65.236],[103.113,-65.312],[103.138,-65.435],[103.397,-65.445]]],[[[92.601,-65.808],[92.634,-65.731],[92.301,-65.707],[92.333,-65.807],[92.601,-65.808]]],[[[85.822,-66.953],[85.938,-66.894],[85.806,-66.775],[85.34,-66.723],[85.359,-66.854],[85.617,-66.951],[85.822,-66.953]]],[[[72.002,-70.633],[72.097,-70.575],[72,-70.457],[71.647,-70.336],[71.659,-70.497],[71.841,-70.622],[72.002,-70.633]]],[[[16.223,-70.008],[16.315,-69.844],[16.625,-69.75],[16.247,-69.705],[15.699,-69.773],[15.614,-69.939],[16.159,-70.072],[16.223,-70.008]]],[[[3.037,-70.597],[3.26,-70.449],[3.072,-70.382],[2.631,-70.5],[2.698,-70.624],[3.037,-70.597]]],[[[-2.955,-71.214],[-3.263,-71.052],[-3.404,-71.12],[-3.309,-71.201],[-2.955,-71.214]]],[[[1.299,-70.255],[1.461,-70.136],[1.412,-70.041],[1.027,-70.05],[0.99,-70.224],[1.299,-70.255]]],[[[-2.533,-70.768],[-2.75,-70.694],[-3.537,-70.683],[-3.489,-70.736],[-3.007,-70.851],[-2.801,-70.982],[-2.825,-71.113],[-2.607,-71.141],[-2.369,-71.044],[-2.092,-70.821],[-2.533,-70.768]]],[[[4.526,-70.479],[4.618,-70.369],[4.495,-70.251],[4.07,-70.29],[4.13,-70.417],[4.526,-70.479]]],[[[-20.607,-73.887],[-20.521,-73.798],[-20.58,-73.619],[-20.867,-73.677],[-21.025,-73.88],[-21.288,-73.989],[-21.93,-74.057],[-21.167,-74.133],[-20.977,-74.225],[-20.846,-74.438],[-20.489,-74.493],[-20.423,-74.317],[-20.654,-74.105],[-20.607,-73.887]]],[[[-16.104,-72.679],[-16.303,-72.478],[-16.517,-72.531],[-16.453,-72.652],[-16.104,-72.679]]],[[[-12.509,-72.173],[-12.789,-72.007],[-12.963,-72.064],[-12.72,-72.188],[-12.509,-72.173]]],[[[-60.741,-70.711],[-60.488,-70.647],[-60.554,-70.509],[-60.884,-70.518],[-60.976,-70.599],[-60.741,-70.711]]],[[[-60.552,-71.053],[-60.613,-70.92],[-60.946,-70.967],[-60.552,-71.053]]],[[[-65.845,-65.842],[-65.814,-65.687],[-65.67,-65.653],[-65.637,-65.548],[-65.968,-65.571],[-66.153,-65.774],[-66.175,-65.867],[-65.845,-65.842]]],[[[-67.349,-67.766],[-67.149,-67.65],[-67.247,-67.599],[-67.557,-67.604],[-67.743,-67.661],[-67.693,-67.763],[-67.349,-67.766]]],[[[-71.695,-70.265],[-71.685,-70.442],[-71.34,-70.317],[-71.695,-70.265]]],[[[-73.878,-73.357],[-73.542,-73.124],[-73.832,-73.113],[-74.147,-73.315],[-73.878,-73.357]]],[[[-116.739,-74.165],[-116.609,-74.069],[-116.155,-73.91],[-116.381,-73.866],[-117.376,-74.083],[-117.23,-74.193],[-116.739,-74.165]]],[[[-131.067,-74.584],[-130.981,-74.414],[-131.234,-74.414],[-131.763,-74.324],[-132.163,-74.426],[-131.841,-74.543],[-131.067,-74.584]]],[[[-145.238,-75.711],[-145.417,-75.588],[-145.761,-75.514],[-146.043,-75.612],[-145.238,-75.711]]],[[[-146.607,-76.961],[-146.244,-76.883],[-147.087,-76.837],[-146.981,-77.006],[-146.607,-76.961]]],[[[-148.596,-77.007],[-148.509,-76.955],[-149.238,-76.9],[-149.245,-76.993],[-148.596,-77.007]]],[[[-149.333,-76.717],[-148.984,-76.845],[-148.384,-76.744],[-149.333,-76.717]]],[[[-150.233,-76.776],[-150.177,-76.691],[-150.838,-76.714],[-150.655,-76.789],[-150.233,-76.776]]],[[[-146.69,-76.246],[-146.949,-76.098],[-147.345,-76.147],[-146.894,-76.261],[-146.69,-76.246]]],[[[-146.79,-76.633],[-147.135,-76.532],[-147.355,-76.619],[-146.79,-76.633]]],[[[-150.397,-77.369],[-151.022,-77.22],[-151.344,-77.296],[-150.397,-77.369]]],[[[-153.93,-80.033],[-155.674,-79.766],[-155.751,-79.83],[-155.045,-79.9],[-154.942,-79.966],[-153.93,-80.033]]],[[[-149.231,-77.121],[-149.871,-76.875],[-150.393,-76.899],[-150.789,-76.982],[-150.462,-77.076],[-149.231,-77.121]]]]},"properties":{"id":"ATA"}},
{"type":"Feature","geometry":{"type":"Polygon","coordinates":[[[-63.123,18.069],[-63.023,18.019],[-63.011,18.069],[-63.123,18.069]]]},"properties":{"id":"SXM"}},
{"type":"Feature","geometry":{"type":"Polygon","coordinates":[[[179.214,-8.524],[179.212,-8.488],[179.198,-8.489],[179.201,-8.512],[179.214,-8.524]]]},"properties":{"id":"TUV"}}
]}